[2026-07-25T20:26:11.271] [DEBUG] debug-file - Compile arkts with external api path: D:\Soft\DevEco\devecostudio-windows-6.1.1.290\DevEco Studio\sdk\default\hms\ets
[2026-07-25T20:26:11.274] [DEBUG] debug-file - default@CompileArkTS work[0] is submitted.
[2026-07-25T20:26:11.275] [DEBUG] debug-file - default@CompileArkTS work[0] is pushed to ready queue.
[2026-07-25T20:26:11.275] [DEBUG] debug-file - A work dispatched to worker[15] failed because unable to get work from ready queue.
[2026-07-25T20:26:11.275] [DEBUG] debug-file - A work dispatched to worker[14] failed because unable to get work from ready queue.
[2026-07-25T20:26:11.275] [DEBUG] debug-file - A work dispatched to worker[13] failed because unable to get work from ready queue.
[2026-07-25T20:26:11.275] [DEBUG] debug-file - A work dispatched to worker[12] failed because unable to get work from ready queue.
[2026-07-25T20:26:11.275] [DEBUG] debug-file - A work dispatched to worker[11] failed because unable to get work from ready queue.
[2026-07-25T20:26:11.275] [DEBUG] debug-file - A work dispatched to worker[10] failed because unable to get work from ready queue.
[2026-07-25T20:26:11.275] [DEBUG] debug-file - A work dispatched to worker[9] failed because unable to get work from ready queue.
[2026-07-25T20:26:11.276] [DEBUG] debug-file - A work dispatched to worker[8] failed because unable to get work from ready queue.
[2026-07-25T20:26:11.276] [DEBUG] debug-file - A work dispatched to worker[7] failed because unable to get work from ready queue.
[2026-07-25T20:26:11.276] [DEBUG] debug-file - A work dispatched to worker[6] failed because unable to get work from ready queue.
[2026-07-25T20:26:11.276] [DEBUG] debug-file - A work dispatched to worker[5] failed because unable to get work from ready queue.
[2026-07-25T20:26:11.276] [DEBUG] debug-file - Create  resident worker with id: 4.
[2026-07-25T20:26:11.277] [DEBUG] debug-file - default@CompileArkTS work[0] has been dispatched to worker[4].
[2026-07-25T20:26:11.277] [DEBUG] debug-file - default@CompileArkTS work[0] is dispatched.
[2026-07-25T20:26:11.278] [DEBUG] debug-file - entry : default@CompileArkTS cost memory -11.091949462890625
[2026-07-25T20:26:11.279] [DEBUG] debug-file - Executing task :entry:default@BuildJS
[2026-07-25T20:26:11.280] [DEBUG] debug-file - Task 'entry:default@BuildJS' cost while wrapping incremental declarations: 1 ms 
[2026-07-25T20:26:11.284] [DEBUG] debug-file - entry : default@BuildJS cost memory 0.1735992431640625
[2026-07-25T20:26:11.284] [DEBUG] debug-file - runTaskFromQueue task cost before running: 3 s 864 ms 
[2026-07-25T20:26:11.284] [INFO] debug-file - Finished :entry:default@BuildJS... after 5 ms 
[2026-07-25T20:26:11.285] [DEBUG] debug-file - Executing task :entry:default@CacheNativeLibs
[2026-07-25T20:26:11.286] [DEBUG] debug-file - File: 'C:\Users\H1314\Desktop\foodkeeper\Foodkeeper-v1.0\entry\build\default\intermediates\binxo\default' from 'cacheBinxoNativeLibs' is not exists, just ignore.
[2026-07-25T20:26:11.286] [DEBUG] debug-file - Task 'entry:default@CacheNativeLibs' cost while wrapping incremental declarations: 1 ms 
[2026-07-25T20:26:11.289] [DEBUG] debug-file - Incremental task entry:default@CacheNativeLibs pre-execution cost: 2 ms .
[2026-07-25T20:26:11.289] [DEBUG] debug-file - entry : default@CacheNativeLibs cost memory 0.13500213623046875
[2026-07-25T20:26:11.289] [INFO] debug-file - UP-TO-DATE :entry:default@CacheNativeLibs...  
[2026-07-25T20:26:25.033] [WARN] debug-file - [33mWARN: [33m[33mArkTS:WARN File: C:/Users/H1314/Desktop/foodkeeper/Foodkeeper-v1.0/entry/src/main/ets/store/InventoryStore.ets:264:24
 Function may throw exceptions. Special handling is required.
[39m[39m
[33mWARN: [33m[33mArkTS:WARN File: C:/Users/H1314/Desktop/foodkeeper/Foodkeeper-v1.0/entry/src/main/ets/store/InventoryStore.ets:285:24
 Function may throw exceptions. Special handling is required.
[39m[39m
[33mWARN: [33m[33mArkTS:WARN File: C:/Users/H1314/Desktop/foodkeeper/Foodkeeper-v1.0/entry/src/main/ets/store/InventoryStore.ets:343:11
 Function may throw exceptions. Special handling is required.
[39m[39m
[33mWARN: [33m[33mArkTS:WARN File: C:/Users/H1314/Desktop/foodkeeper/Foodkeeper-v1.0/entry/src/main/ets/store/InventoryStore.ets:344:11
 Function may throw exceptions. Special handling is required.
[39m[39m
[33mWARN: [33m[33mArkTS:WARN File: C:/Users/H1314/Desktop/foodkeeper/Foodkeeper-v1.0/entry/src/main/ets/pages/HomePage.ets:27:42
 'matchMediaSync' has been deprecated.
[39m[39m
[33mWARN: [33m[33mArkTS:WARN File: C:/Users/H1314/Desktop/foodkeeper/Foodkeeper-v1.0/entry/src/main/ets/pages/HomePage.ets:93:5
 Function may throw exceptions. Special handling is required.
[39m[39m
[33mWARN: [33m[33mArkTS:WARN File: C:/Users/H1314/Desktop/foodkeeper/Foodkeeper-v1.0/entry/src/main/ets/pages/HomePage.ets:93:12
 'pushUrl' has been deprecated.
[39m[39m
[33mWARN: [33m[33mArkTS:WARN File: C:/Users/H1314/Desktop/foodkeeper/Foodkeeper-v1.0/entry/src/main/ets/pages/HomePage.ets:98:5
 Function may throw exceptions. Special handling is required.
[39m[39m
[33mWARN: [33m[33mArkTS:WARN File: C:/Users/H1314/Desktop/foodkeeper/Foodkeeper-v1.0/entry/src/main/ets/pages/HomePage.ets:98:12
 'pushUrl' has been deprecated.
[39m[39m
[33mWARN: [33m[33mArkTS:WARN File: C:/Users/H1314/Desktop/foodkeeper/Foodkeeper-v1.0/entry/src/main/ets/pages/HomePage.ets:108:5
 Function may throw exceptions. Special handling is required.
[39m[39m
[33mWARN: [33m[33mArkTS:WARN File: C:/Users/H1314/Desktop/foodkeeper/Foodkeeper-v1.0/entry/src/main/ets/pages/HomePage.ets:108:18
 'showToast' has been deprecated.
[39m[39m
[33mWARN: [33m[33mArkTS:WARN File: C:/Users/H1314/Desktop/foodkeeper/Foodkeeper-v1.0/entry/src/main/ets/pages/InventoryPage.ets:132:5
 Function may throw exceptions. Special handling is required.
[39m[39m
[33mWARN: [33m[33mArkTS:WARN File: C:/Users/H1314/Desktop/foodkeeper/Foodkeeper-v1.0/entry/src/main/ets/pages/InventoryPage.ets:132:12
 'pushUrl' has been deprecated.
[39m[39m
[33mWARN: [33m[33mArkTS:WARN File: C:/Users/H1314/Desktop/foodkeeper/Foodkeeper-v1.0/entry/src/main/ets/pages/InventoryPage.ets:136:5
 Function may throw exceptions. Special handling is required.
[39m[39m
[33mWARN: [33m[33mArkTS:WARN File: C:/Users/H1314/Desktop/foodkeeper/Foodkeeper-v1.0/entry/src/main/ets/pages/InventoryPage.ets:136:12
 'pushUrl' has been deprecated.
[39m[39m
[33mWARN: [33m[33mArkTS:WARN File: C:/Users/H1314/Desktop/foodkeeper/Foodkeeper-v1.0/entry/src/main/ets/pages/RecipePage.ets:173:7
 Function may throw exceptions. Special handling is required.
[39m[39m
[33mWARN: [33m[33mArkTS:WARN File: C:/Users/H1314/Desktop/foodkeeper/Foodkeeper-v1.0/entry/src/main/ets/pages/RecipePage.ets:173:20
 'showToast' has been deprecated.
[39m[39m
[33mWARN: [33m[33mArkTS:WARN File: C:/Users/H1314/Desktop/foodkeeper/Foodkeeper-v1.0/entry/src/main/ets/pages/RecipePage.ets:180:5
 Function may throw exceptions. Special handling is required.
[39m[39m
[33mWARN: [33m[33mArkTS:WARN File: C:/Users/H1314/Desktop/foodkeeper/Foodkeeper-v1.0/entry/src/main/ets/pages/RecipePage.ets:180:12
 'pushUrl' has been deprecated.
[39m[39m
[33mWARN: [33m[33mArkTS:WARN File: C:/Users/H1314/Desktop/foodkeeper/Foodkeeper-v1.0/entry/src/main/ets/pages/SettingsPage.ets:35:18
 'showDialog' has been deprecated.
[39m[39m
[33mWARN: [33m[33mArkTS:WARN File: C:/Users/H1314/Desktop/foodkeeper/Foodkeeper-v1.0/entry/src/main/ets/pages/SettingsPage.ets:48:20
 'showToast' has been deprecated.
[39m[39m
[33mWARN: [33m[33mArkTS:WARN File: C:/Users/H1314/Desktop/foodkeeper/Foodkeeper-v1.0/entry/src/main/ets/pages/SettingsPage.ets:60:22
 'showToast' has been deprecated.
[39m[39m
[33mWARN: [33m[33mArkTS:WARN File: C:/Users/H1314/Desktop/foodkeeper/Foodkeeper-v1.0/entry/src/main/ets/pages/SettingsPage.ets:66:22
 'showToast' has been deprecated.
[39m[39m
[33mWARN: [33m[33mArkTS:WARN File: C:/Users/H1314/Desktop/foodkeeper/Foodkeeper-v1.0/entry/src/main/ets/pages/SettingsPage.ets:70:7
 Function may throw exceptions. Special handling is required.
[39m[39m
[33mWARN: [33m[33mArkTS:WARN File: C:/Users/H1314/Desktop/foodkeeper/Foodkeeper-v1.0/entry/src/main/ets/pages/SettingsPage.ets:70:20
 'showToast' has been deprecated.
[39m[39m
[33mWARN: [33m[33mArkTS:WARN File: C:/Users/H1314/Desktop/foodkeeper/Foodkeeper-v1.0/entry/src/main/ets/pages/AddFoodPage.ets:34:27
 'getParams' has been deprecated.
[39m[39m
[33mWARN: [33m[33mArkTS:WARN File: C:/Users/H1314/Desktop/foodkeeper/Foodkeeper-v1.0/entry/src/main/ets/pages/AddFoodPage.ets:144:7
 Function may throw exceptions. Special handling is required.
[39m[39m
[33mWARN: [33m[33mArkTS:WARN File: C:/Users/H1314/Desktop/foodkeeper/Foodkeeper-v1.0/entry/src/main/ets/pages/AddFoodPage.ets:144:20
 'showToast' has been deprecated.
[39m[39m
[33mWARN: [33m[33mArkTS:WARN File: C:/Users/H1314/Desktop/foodkeeper/Foodkeeper-v1.0/entry/src/main/ets/pages/AddFoodPage.ets:149:7
 Function may throw exceptions. Special handling is required.
[39m[39m
[33mWARN: [33m[33mArkTS:WARN File: C:/Users/H1314/Desktop/foodkeeper/Foodkeeper-v1.0/entry/src/main/ets/pages/AddFoodPage.ets:149:20
 'showToast' has been deprecated.
[39m[39m
[33mWARN: [33m[33mArkTS:WARN File: C:/Users/H1314/Desktop/foodkeeper/Foodkeeper-v1.0/entry/src/main/ets/pages/AddFoodPage.ets:169:7
 Function may throw exceptions. Special handling is required.
[39m[39m
[33mWARN: [33m[33mArkTS:WARN File: C:/Users/H1314/Desktop/foodkeeper/Foodkeeper-v1.0/entry/src/main/ets/pages/AddFoodPage.ets:169:20
 'showToast' has been deprecated.
[39m[39m
[33mWARN: [33m[33mArkTS:WARN File: C:/Users/H1314/Desktop/foodkeeper/Foodkeeper-v1.0/entry/src/main/ets/pages/AddFoodPage.ets:184:9
 Function may throw exceptions. Special handling is required.
[39m[39m
[33mWARN: [33m[33mArkTS:WARN File: C:/Users/H1314/Desktop/foodkeeper/Foodkeeper-v1.0/entry/src/main/ets/pages/AddFoodPage.ets:184:22
 'showToast' has been deprecated.
[39m[39m
[33mWARN: [33m[33mArkTS:WARN File: C:/Users/H1314/Desktop/foodkeeper/Foodkeeper-v1.0/entry/src/main/ets/pages/AddFoodPage.ets:186:9
 Function may throw exceptions. Special handling is required.
[39m[39m
[33mWARN: [33m[33mArkTS:WARN File: C:/Users/H1314/Desktop/foodkeeper/Foodkeeper-v1.0/entry/src/main/ets/pages/AddFoodPage.ets:186:22
 'showToast' has been deprecated.
[39m[39m
[33mWARN: [33m[33mArkTS:WARN File: C:/Users/H1314/Desktop/foodkeeper/Foodkeeper-v1.0/entry/src/main/ets/pages/AddFoodPage.ets:190:29
 'back' has been deprecated.
[39m[39m
[33mWARN: [33m[33mArkTS:WARN File: C:/Users/H1314/Desktop/foodkeeper/Foodkeeper-v1.0/entry/src/main/ets/pages/AddFoodPage.ets:196:5
 Function may throw exceptions. Special handling is required.
[39m[39m
[33mWARN: [33m[33mArkTS:WARN File: C:/Users/H1314/Desktop/foodkeeper/Foodkeeper-v1.0/entry/src/main/ets/pages/AddFoodPage.ets:196:18
 'showToast' has been deprecated.
[39m[39m
[33mWARN: [33m[33mArkTS:WARN File: C:/Users/H1314/Desktop/foodkeeper/Foodkeeper-v1.0/entry/src/main/ets/pages/AddFoodPage.ets:197:29
 'back' has been deprecated.
[39m[39m
[33mWARN: [33m[33mArkTS:WARN File: C:/Users/H1314/Desktop/foodkeeper/Foodkeeper-v1.0/entry/src/main/ets/pages/AddFoodPage.ets:207:33
 'back' has been deprecated.
[39m[39m
[33mWARN: [33m[33mArkTS:WARN File: C:/Users/H1314/Desktop/foodkeeper/Foodkeeper-v1.0/entry/src/main/ets/pages/AddFoodPage.ets:481:22
 'show' has been deprecated.
[39m[39m
[33mWARN: [33m[33mArkTS:WARN File: C:/Users/H1314/Desktop/foodkeeper/Foodkeeper-v1.0/entry/src/main/ets/pages/RecipeDetailPage.ets:36:7
 Function may throw exceptions. Special handling is required.
[39m[39m
[33mWARN: [33m[33mArkTS:WARN File: C:/Users/H1314/Desktop/foodkeeper/Foodkeeper-v1.0/entry/src/main/ets/pages/RecipeDetailPage.ets:36:20
 'showToast' has been deprecated.
[39m[39m
[33mWARN: [33m[33mArkTS:WARN File: C:/Users/H1314/Desktop/foodkeeper/Foodkeeper-v1.0/entry/src/main/ets/pages/RecipeDetailPage.ets:37:33
 'back' has been deprecated.
[39m[39m
[33mWARN: [33m[33mArkTS:WARN File: C:/Users/H1314/Desktop/foodkeeper/Foodkeeper-v1.0/entry/src/main/ets/pages/RecipeDetailPage.ets:49:7
 Function may throw exceptions. Special handling is required.
[39m[39m
[33mWARN: [33m[33mArkTS:WARN File: C:/Users/H1314/Desktop/foodkeeper/Foodkeeper-v1.0/entry/src/main/ets/pages/RecipeDetailPage.ets:49:20
 'showToast' has been deprecated.
[39m[39m
[33mWARN: [33m[33mArkTS:WARN File: C:/Users/H1314/Desktop/foodkeeper/Foodkeeper-v1.0/entry/src/main/ets/pages/RecipeDetailPage.ets:71:22
 'showToast' has been deprecated.
[39m[39m
[33mWARN: [33m[33mArkTS:WARN File: C:/Users/H1314/Desktop/foodkeeper/Foodkeeper-v1.0/entry/src/main/ets/pages/RecipeDetailPage.ets:75:22
 'showToast' has been deprecated.
[39m[39m
[33mWARN: [33m[33mArkTS:WARN File: C:/Users/H1314/Desktop/foodkeeper/Foodkeeper-v1.0/entry/src/main/ets/pages/RecipeDetailPage.ets:78:7
 Function may throw exceptions. Special handling is required.
[39m[39m
[33mWARN: [33m[33mArkTS:WARN File: C:/Users/H1314/Desktop/foodkeeper/Foodkeeper-v1.0/entry/src/main/ets/pages/RecipeDetailPage.ets:78:20
 'showToast' has been deprecated.
[39m[39m
[33mWARN: [33m[33mArkTS:WARN File: C:/Users/H1314/Desktop/foodkeeper/Foodkeeper-v1.0/entry/src/main/ets/pages/RecipeDetailPage.ets:86:12
 'back' has been deprecated.
[39m[39m

[2026-07-25T20:26:25.034] [DEBUG] debug-file - Ark compile task finished.finished time is 191958847096000
[2026-07-25T20:26:25.035] [DEBUG] debug-file - worker[4] has one work done.
[2026-07-25T20:26:25.037] [DEBUG] debug-file - default@CompileArkTS work[0] done.
[2026-07-25T20:26:25.037] [DEBUG] debug-file - A work dispatched to worker[4] failed because unable to get work from ready queue.
[2026-07-25T20:26:25.040] [INFO] debug-file - Finished :entry:default@CompileArkTS... after 10 s 53 ms 
[2026-07-25T20:26:25.042] [DEBUG] debug-file - Executing task :entry:default@GeneratePkgModuleJson
[2026-07-25T20:26:25.042] [DEBUG] debug-file - File: 'C:\Users\H1314\Desktop\foodkeeper\Foodkeeper-v1.0\entry\build\default\intermediates\preload\default\preload.json' from 'preloadSoJsonPath' is not exists, just ignore.
[2026-07-25T20:26:25.043] [DEBUG] debug-file - Error occurs while handling @Input 'shouldDeduplicateHar': The "data" argument must be of type string or an instance of Buffer, TypedArray, or DataView. Received undefined
[2026-07-25T20:26:25.043] [DEBUG] debug-file - Task 'entry:default@GeneratePkgModuleJson' cost while wrapping incremental declarations: 1 ms 
[2026-07-25T20:26:25.044] [DEBUG] debug-file - Incremental task entry:default@GeneratePkgModuleJson pre-execution cost: 2 ms .
[2026-07-25T20:26:25.044] [DEBUG] debug-file - entry : default@GeneratePkgModuleJson cost memory 0.110931396484375
[2026-07-25T20:26:25.044] [INFO] debug-file - UP-TO-DATE :entry:default@GeneratePkgModuleJson...  
[2026-07-25T20:26:25.045] [DEBUG] debug-file - Executing task :entry:default@ProcessCompiledResources
[2026-07-25T20:26:25.046] [DEBUG] debug-file - File: 'C:\Users\H1314\Desktop\foodkeeper\Foodkeeper-v1.0\entry\build\default\intermediates\preload\default\preload.json' from 'preloadSoJsonPath' is not exists, just ignore.
[2026-07-25T20:26:25.046] [DEBUG] debug-file - Task 'entry:default@ProcessCompiledResources' cost while wrapping incremental declarations: 1 ms 
[2026-07-25T20:26:25.047] [DEBUG] debug-file - entry : default@ProcessCompiledResources cost memory 0.0615997314453125
[2026-07-25T20:26:25.047] [DEBUG] debug-file - runTaskFromQueue task cost before running: 17 s 627 ms 
[2026-07-25T20:26:25.047] [INFO] debug-file - Finished :entry:default@ProcessCompiledResources... after 2 ms 
[2026-07-25T20:26:25.049] [DEBUG] debug-file - Executing task :entry:default@PackageHap
[2026-07-25T20:26:25.058] [DEBUG] debug-file - entry:default@PackageHap is not up-to-date, since the input file 'C:\Users\H1314\Desktop\foodkeeper\Foodkeeper-v1.0\entry\build\default\intermediates\loader_out\default\ets' has been changed.
[2026-07-25T20:26:25.058] [DEBUG] debug-file - Incremental task entry:default@PackageHap pre-execution cost: 8 ms .
[2026-07-25T20:26:25.061] [DEBUG] debug-file - Use tool [D:\Soft\DevEco\devecostudio-windows-6.1.1.290\DevEco Studio\sdk\default\openharmony\toolchains\lib\app_packing_tool.jar]
 [
  'java',
  '-Dfile.encoding=GBK',
  '-jar',
  'D:\\Soft\\DevEco\\devecostudio-windows-6.1.1.290\\DevEco Studio\\sdk\\default\\openharmony\\toolchains\\lib\\app_packing_tool.jar',
  '--mode',
  'hap',
  '--force',
  'true',
  '--lib-path',
  'C:\\Users\\H1314\\Desktop\\foodkeeper\\Foodkeeper-v1.0\\entry\\build\\default\\intermediates\\stripped_native_libs\\default',
  '--json-path',
  'C:\\Users\\H1314\\Desktop\\foodkeeper\\Foodkeeper-v1.0\\entry\\build\\default\\intermediates\\package\\default\\module.json',
  '--resources-path',
  'C:\\Users\\H1314\\Desktop\\foodkeeper\\Foodkeeper-v1.0\\entry\\build\\default\\intermediates\\res\\default\\resources',
  '--index-path',
  'C:\\Users\\H1314\\Desktop\\foodkeeper\\Foodkeeper-v1.0\\entry\\build\\default\\intermediates\\res\\default\\resources.index',
  '--pack-info-path',
  'C:\\Users\\H1314\\Desktop\\foodkeeper\\Foodkeeper-v1.0\\entry\\build\\default\\outputs\\default\\pack.info',
  '--out-path',
  'C:\\Users\\H1314\\Desktop\\foodkeeper\\Foodkeeper-v1.0\\entry\\build\\default\\outputs\\default\\entry-default-unsigned.hap',
  '--ets-path',
  'C:\\Users\\H1314\\Desktop\\foodkeeper\\Foodkeeper-v1.0\\entry\\build\\default\\intermediates\\loader_out\\default\\ets',
  '--pkg-context-path',
  'C:\\Users\\H1314\\Desktop\\foodkeeper\\Foodkeeper-v1.0\\entry\\build\\default\\intermediates\\loader\\default\\pkgContextInfo.json'
]
[2026-07-25T20:26:25.062] [DEBUG] debug-file - default@PackageHap work[1] is submitted.
[2026-07-25T20:26:25.062] [DEBUG] debug-file - default@PackageHap work[1] is pushed to ready queue.
[2026-07-25T20:26:25.062] [DEBUG] debug-file - A work dispatched to worker[15] failed because unable to get work from ready queue.
[2026-07-25T20:26:25.062] [DEBUG] debug-file - Create  resident worker with id: 14.
[2026-07-25T20:26:25.064] [DEBUG] debug-file - default@PackageHap work[1] has been dispatched to worker[14].
[2026-07-25T20:26:25.064] [DEBUG] debug-file - default@PackageHap work[1] is dispatched.
[2026-07-25T20:26:25.069] [DEBUG] debug-file - entry : default@PackageHap cost memory 0.759185791015625
[2026-07-25T20:26:26.714] [DEBUG] debug-file - current process  memoryUsage: {
  rss: 741064704,
  heapTotal: 81559552,
  heapUsed: 55525128,
  external: 2466601,
  arrayBuffers: 224924
} os memoryUsage :18.852386474609375
[2026-07-25T20:26:27.208] [DEBUG] debug-file - worker[14] has one work done.
[2026-07-25T20:26:27.208] [DEBUG] debug-file - default@PackageHap work[1] done.
[2026-07-25T20:26:27.208] [DEBUG] debug-file - A work dispatched to worker[14] failed because unable to get work from ready queue.
[2026-07-25T20:26:27.209] [INFO] debug-file - Finished :entry:default@PackageHap... after 517 ms 
[2026-07-25T20:26:27.211] [DEBUG] debug-file - Executing task :entry:default@PackingCheck
[2026-07-25T20:26:27.217] [DEBUG] debug-file - entry : default@PackingCheck cost memory 0.5910491943359375
[2026-07-25T20:26:27.218] [DEBUG] debug-file - runTaskFromQueue task cost before running: 19 s 798 ms 
[2026-07-25T20:26:27.218] [INFO] debug-file - Finished :entry:default@PackingCheck... after 7 ms 
[2026-07-25T20:26:27.220] [DEBUG] debug-file - Executing task :entry:default@SignHap
[2026-07-25T20:26:27.224] [DEBUG] debug-file - entry:default@SignHap is not up-to-date, since the input file 'C:\Users\H1314\Desktop\foodkeeper\Foodkeeper-v1.0\entry\build\default\outputs\default\entry-default-unsigned.hap' has been changed.
[2026-07-25T20:26:27.224] [DEBUG] debug-file - Incremental task entry:default@SignHap pre-execution cost: 3 ms .
[2026-07-25T20:26:28.116] [DEBUG] debug-file - java daemon socket received message:{"code":0,"message":"verify profile success"}
[2026-07-25T20:26:28.125] [DEBUG] debug-file - java daemon socket close code:1000 reason:close by user
[2026-07-25T20:26:28.421] [DEBUG] debug-file - java daemon socket received message:{"code":0,"message":"sign app success"}
[2026-07-25T20:26:28.422] [DEBUG] debug-file - entry : default@SignHap cost memory 0.9622955322265625
[2026-07-25T20:26:28.423] [DEBUG] debug-file - runTaskFromQueue task cost before running: 21 s 3 ms 
[2026-07-25T20:26:28.423] [INFO] debug-file - Finished :entry:default@SignHap... after 1 s 203 ms 
[2026-07-25T20:26:28.425] [DEBUG] debug-file - Executing task :entry:default@CollectDebugSymbol
[2026-07-25T20:26:28.426] [DEBUG] debug-file - entry : default@CollectDebugSymbol cost memory 0.1036224365234375
[2026-07-25T20:26:28.427] [DEBUG] debug-file - runTaskFromQueue task cost before running: 21 s 7 ms 
[2026-07-25T20:26:28.427] [INFO] debug-file - Finished :entry:default@CollectDebugSymbol... after 2 ms 
[2026-07-25T20:26:28.427] [DEBUG] debug-file - Executing task :entry:assembleHap
[2026-07-25T20:26:28.427] [DEBUG] debug-file - entry : assembleHap cost memory 0.0128326416015625
[2026-07-25T20:26:28.427] [DEBUG] debug-file - runTaskFromQueue task cost before running: 21 s 8 ms 
[2026-07-25T20:26:28.428] [INFO] debug-file - Finished :entry:assembleHap... after 1 ms 
[2026-07-25T20:26:28.440] [INFO] debug-file - BUILD SUCCESSFUL in 21 s 20 ms 
[2026-07-25T20:26:28.441] [DEBUG] debug-file - Update task entry:default@PreBuild input file:C:\Users\H1314\Desktop\foodkeeper\Foodkeeper-v1.0\AppScope\app.json5 cache by regenerate.
[2026-07-25T20:26:28.442] [DEBUG] debug-file - Update task entry:default@PreBuild input file:C:\Users\H1314\Desktop\foodkeeper\Foodkeeper-v1.0\entry\src\main\module.json5 cache by regenerate.
[2026-07-25T20:26:28.442] [DEBUG] debug-file - Update task entry:default@PreBuild input file:C:\Users\H1314\Desktop\foodkeeper\Foodkeeper-v1.0\build-profile.json5 cache by regenerate.
[2026-07-25T20:26:28.442] [DEBUG] debug-file - Update task entry:default@PreBuild input file:C:\Users\H1314\Desktop\foodkeeper\Foodkeeper-v1.0\entry\build-profile.json5 cache by regenerate.
[2026-07-25T20:26:28.443] [DEBUG] debug-file - Update task entry:default@PreBuild input file:C:\Users\H1314\Desktop\foodkeeper\Foodkeeper-v1.0\entry\src\main\resources\base\profile\main_pages.json cache by regenerate.
[2026-07-25T20:26:28.443] [DEBUG] debug-file - Update task entry:default@PreBuild input file:C:\Users\H1314\Desktop\foodkeeper\Foodkeeper-v1.0\hvigor\hvigor-config.json5 cache by regenerate.
[2026-07-25T20:26:28.443] [DEBUG] debug-file - Update task entry:default@PreBuild input file:C:\Users\H1314\Desktop\foodkeeper\Foodkeeper-v1.0\entry\src\mock\mock-config.json5 cache by regenerate.
[2026-07-25T20:26:28.443] [DEBUG] debug-file - Update task entry:default@PreBuild input file:C:\Users\H1314\Desktop\foodkeeper\Foodkeeper-v1.0\entry\oh-package.json5 cache by regenerate.
[2026-07-25T20:26:28.444] [DEBUG] debug-file - Update task entry:default@PreBuild input file:C:\Users\H1314\Desktop\foodkeeper\Foodkeeper-v1.0\oh-package.json5 cache by regenerate.
[2026-07-25T20:26:28.444] [DEBUG] debug-file - Incremental task entry:default@PreBuild post-execution cost:4 ms .
[2026-07-25T20:26:28.444] [DEBUG] debug-file - Update task entry:default@CreateModuleInfo output file:C:\Users\H1314\Desktop\foodkeeper\Foodkeeper-v1.0\entry\build\default\generated\profile\default\ModuleInfo.ts cache.
[2026-07-25T20:26:28.444] [DEBUG] debug-file - Incremental task entry:default@CreateModuleInfo post-execution cost:1 ms .
[2026-07-25T20:26:28.444] [DEBUG] debug-file - There is no need to refresh cache, since the incremental task entry:default@GenerateMetadata is up-to-date.
[2026-07-25T20:26:28.445] [DEBUG] debug-file - There is no need to refresh cache, since the incremental task entry:default@MergeProfile is up-to-date.
[2026-07-25T20:26:28.445] [DEBUG] debug-file - There is no need to refresh cache, since the incremental task entry:default@CreateBuildProfile is up-to-date.
[2026-07-25T20:26:28.445] [DEBUG] debug-file - There is no need to refresh cache, since the incremental task entry:default@GeneratePkgContextInfo is up-to-date.
[2026-07-25T20:26:28.445] [DEBUG] debug-file - Update task entry:default@GeneratePkgSdkInfo output file:C:\Users\H1314\Desktop\foodkeeper\Foodkeeper-v1.0\entry\build\default\intermediates\loader\default\pkgSdkInfo.json cache.
[2026-07-25T20:26:28.445] [DEBUG] debug-file - Incremental task entry:default@GeneratePkgSdkInfo post-execution cost:1 ms .
[2026-07-25T20:26:28.445] [DEBUG] debug-file - Update task entry:default@ProcessIntegratedHsp output file:C:\Users\H1314\Desktop\foodkeeper\Foodkeeper-v1.0\build\cache\default\integrated_hsp\integratedHspCache.json cache.
[2026-07-25T20:26:28.445] [DEBUG] debug-file - Incremental task entry:default@ProcessIntegratedHsp post-execution cost:1 ms .
[2026-07-25T20:26:28.445] [DEBUG] debug-file - There is no need to refresh cache, since the incremental task entry:default@MakePackInfo is up-to-date.
[2026-07-25T20:26:28.445] [DEBUG] debug-file - Update task entry:default@SyscapTransform input file:D:\Soft\DevEco\devecostudio-windows-6.1.1.290\DevEco Studio\sdk\default\openharmony\toolchains\syscap_tool.exe cache by regenerate.
[2026-07-25T20:26:28.446] [DEBUG] debug-file - Update task entry:default@SyscapTransform input file:D:\Soft\DevEco\devecostudio-windows-6.1.1.290\DevEco Studio\sdk\default\openharmony\ets\api\device-define cache by regenerate.
[2026-07-25T20:26:28.448] [DEBUG] debug-file - Update task entry:default@SyscapTransform output file:C:\Users\H1314\Desktop\foodkeeper\Foodkeeper-v1.0\entry\build\default\intermediates\syscap\default\rpcid.sc cache.
[2026-07-25T20:26:28.448] [DEBUG] debug-file - Incremental task entry:default@SyscapTransform post-execution cost:3 ms .
[2026-07-25T20:26:28.448] [DEBUG] debug-file - There is no need to refresh cache, since the incremental task entry:default@ProcessProfile is up-to-date.
[2026-07-25T20:26:28.448] [DEBUG] debug-file - There is no need to refresh cache, since the incremental task entry:default@ProcessRouterMap is up-to-date.
[2026-07-25T20:26:28.448] [DEBUG] debug-file - There is no need to refresh cache, since the incremental task entry:default@ProcessShareConfig is up-to-date.
[2026-07-25T20:26:28.449] [DEBUG] debug-file - Update task entry:default@ProcessStartupConfig input file:C:\Users\H1314\Desktop\foodkeeper\Foodkeeper-v1.0\entry\build\default\intermediates\loader\default\pkgContextInfo.json cache by regenerate.
[2026-07-25T20:26:28.449] [DEBUG] debug-file - Update task entry:default@ProcessStartupConfig output file:C:\Users\H1314\Desktop\foodkeeper\Foodkeeper-v1.0\entry\build\default\intermediates\startup\default\startup_config.json cache.
[2026-07-25T20:26:28.449] [DEBUG] debug-file - Incremental task entry:default@ProcessStartupConfig post-execution cost:1 ms .
[2026-07-25T20:26:28.449] [DEBUG] debug-file - There is no need to refresh cache, since the incremental task entry:default@ProcessResource is up-to-date.
[2026-07-25T20:26:28.451] [DEBUG] debug-file - Update task entry:default@GenerateLoaderJson input file:C:\Users\H1314\Desktop\foodkeeper\Foodkeeper-v1.0\entry\src\mock\mock-config.json5 cache by regenerate.
[2026-07-25T20:26:28.451] [DEBUG] debug-file - Update task entry:default@GenerateLoaderJson input file:C:\Users\H1314\Desktop\foodkeeper\Foodkeeper-v1.0\entry\build\default\intermediates\loader\default\pkgContextInfo.json cache by regenerate.
[2026-07-25T20:26:28.451] [DEBUG] debug-file - Update task entry:default@GenerateLoaderJson input file:C:\Users\H1314\Desktop\foodkeeper\Foodkeeper-v1.0\entry\build\default\intermediates\router_map\default\temp-router-map.json cache by regenerate.
[2026-07-25T20:26:28.452] [DEBUG] debug-file - Update task entry:default@GenerateLoaderJson output file:C:\Users\H1314\Desktop\foodkeeper\Foodkeeper-v1.0\entry\build\default\intermediates\loader\default\loader.json cache.
[2026-07-25T20:26:28.452] [DEBUG] debug-file - Incremental task entry:default@GenerateLoaderJson post-execution cost:3 ms .
[2026-07-25T20:26:28.452] [DEBUG] debug-file - There is no need to refresh cache, since the incremental task entry:default@ProcessLibs is up-to-date.
[2026-07-25T20:26:28.452] [DEBUG] debug-file - There is no need to refresh cache, since the incremental task entry:default@CompileResource is up-to-date.
[2026-07-25T20:26:28.452] [DEBUG] debug-file - There is no need to refresh cache, since the incremental task entry:default@DoNativeStrip is up-to-date.
[2026-07-25T20:26:28.454] [DEBUG] debug-file - Update task entry:default@CompileArkTS input file:C:\Users\H1314\Desktop\foodkeeper\Foodkeeper-v1.0\entry\build\default\intermediates\loader\default cache from map.
[2026-07-25T20:26:28.454] [DEBUG] debug-file - Update task entry:default@CompileArkTS input file:C:\Users\H1314\Desktop\foodkeeper\Foodkeeper-v1.0\entry\build\default\intermediates\res\default\resources\rawfile cache by regenerate.
[2026-07-25T20:26:28.455] [DEBUG] debug-file - Update task entry:default@CompileArkTS input file:C:\Users\H1314\Desktop\foodkeeper\Foodkeeper-v1.0\entry\build\default\intermediates\res\default\ResourceTable.txt cache by regenerate.
[2026-07-25T20:26:28.455] [DEBUG] debug-file - Update task entry:default@CompileArkTS input file:C:\Users\H1314\Desktop\foodkeeper\Foodkeeper-v1.0\entry\build\default\intermediates\res\default\ark_module.json cache by regenerate.
[2026-07-25T20:26:28.455] [DEBUG] debug-file - Update task entry:default@CompileArkTS input file:C:\Users\H1314\Desktop\foodkeeper\Foodkeeper-v1.0\entry\build\default\intermediates\res\default\resources\base\profile cache by regenerate.
[2026-07-25T20:26:28.456] [DEBUG] debug-file - Update task entry:default@CompileArkTS input file:C:\Users\H1314\Desktop\foodkeeper\Foodkeeper-v1.0\entry\src\main\ets cache by regenerate.
[2026-07-25T20:26:28.461] [DEBUG] debug-file - Update task entry:default@CompileArkTS input file:C:\Users\H1314\Desktop\foodkeeper\Foodkeeper-v1.0\entry\build\default\intermediates\loader\default\pkgContextInfo.json cache by regenerate.
[2026-07-25T20:26:28.461] [DEBUG] debug-file - Update task entry:default@CompileArkTS input file:C:\Users\H1314\Desktop\foodkeeper\Foodkeeper-v1.0\entry\build\default\generated\profile\default\BuildProfile.ets cache by regenerate.
[2026-07-25T20:26:28.461] [DEBUG] debug-file - Update task entry:default@CompileArkTS input file:C:\Users\H1314\Desktop\foodkeeper\Foodkeeper-v1.0\entry\src\mock\mock-config.json5 cache by regenerate.
[2026-07-25T20:26:28.462] [DEBUG] debug-file - Update task entry:default@CompileArkTS output file:C:\Users\H1314\Desktop\foodkeeper\Foodkeeper-v1.0\entry\build\default\intermediates\loader_out\default\ets cache.
[2026-07-25T20:26:28.463] [DEBUG] debug-file - Incremental task entry:default@CompileArkTS post-execution cost:11 ms .
[2026-07-25T20:26:28.464] [DEBUG] debug-file - Update task entry:default@BuildJS input file:C:\Users\H1314\Desktop\foodkeeper\Foodkeeper-v1.0\entry\build\default\intermediates\loader\default cache by regenerate.
[2026-07-25T20:26:28.465] [DEBUG] debug-file - Update task entry:default@BuildJS input file:C:\Users\H1314\Desktop\foodkeeper\Foodkeeper-v1.0\entry\build\default\intermediates\res\default\resources\rawfile cache by regenerate.
[2026-07-25T20:26:28.465] [DEBUG] debug-file - Update task entry:default@BuildJS input file:C:\Users\H1314\Desktop\foodkeeper\Foodkeeper-v1.0\entry\build\default\intermediates\res\default\ResourceTable.txt cache by regenerate.
[2026-07-25T20:26:28.466] [DEBUG] debug-file - Update task entry:default@BuildJS input file:C:\Users\H1314\Desktop\foodkeeper\Foodkeeper-v1.0\entry\build\default\intermediates\res\default\ark_module.json cache by regenerate.
[2026-07-25T20:26:28.466] [DEBUG] debug-file - Update task entry:default@BuildJS input file:C:\Users\H1314\Desktop\foodkeeper\Foodkeeper-v1.0\entry\build\default\intermediates\res\default\resources\base\profile cache by regenerate.
[2026-07-25T20:26:28.466] [DEBUG] debug-file - Update task entry:default@BuildJS input file:C:\Users\H1314\Desktop\foodkeeper\Foodkeeper-v1.0\entry\build\default\intermediates\loader\default\pkgContextInfo.json cache by regenerate.
[2026-07-25T20:26:28.467] [DEBUG] debug-file - Update task entry:default@BuildJS output file:C:\Users\H1314\Desktop\foodkeeper\Foodkeeper-v1.0\entry\build\default\intermediates\loader_out\default\js cache.
[2026-07-25T20:26:28.467] [DEBUG] debug-file - Incremental task entry:default@BuildJS post-execution cost:5 ms .
[2026-07-25T20:26:28.467] [DEBUG] debug-file - There is no need to refresh cache, since the incremental task entry:default@CacheNativeLibs is up-to-date.
[2026-07-25T20:26:28.467] [DEBUG] debug-file - There is no need to refresh cache, since the incremental task entry:default@GeneratePkgModuleJson is up-to-date.
[2026-07-25T20:26:28.468] [DEBUG] debug-file - Incremental task entry:default@ProcessCompiledResources post-execution cost:1 ms .
[2026-07-25T20:26:28.468] [DEBUG] debug-file - Update task entry:default@PackageHap input file:C:\Users\H1314\Desktop\foodkeeper\Foodkeeper-v1.0\entry\build\default\intermediates\stripped_native_libs\default cache by regenerate.
[2026-07-25T20:26:28.469] [DEBUG] debug-file - Update task entry:default@PackageHap input file:C:\Users\H1314\Desktop\foodkeeper\Foodkeeper-v1.0\entry\build\default\intermediates\res\default\module.json cache by regenerate.
[2026-07-25T20:26:28.469] [DEBUG] debug-file - Update task entry:default@PackageHap input file:C:\Users\H1314\Desktop\foodkeeper\Foodkeeper-v1.0\entry\build\default\intermediates\res\default\resources cache by regenerate.
[2026-07-25T20:26:28.471] [DEBUG] debug-file - Update task entry:default@PackageHap input file:C:\Users\H1314\Desktop\foodkeeper\Foodkeeper-v1.0\entry\build\default\intermediates\res\default\resources.index cache by regenerate.
[2026-07-25T20:26:28.472] [DEBUG] debug-file - Update task entry:default@PackageHap input file:C:\Users\H1314\Desktop\foodkeeper\Foodkeeper-v1.0\entry\build\default\outputs\default\pack.info cache by regenerate.
[2026-07-25T20:26:28.472] [DEBUG] debug-file - Update task entry:default@PackageHap input file:C:\Users\H1314\Desktop\foodkeeper\Foodkeeper-v1.0\entry\build\default\intermediates\loader_out\default\ets cache from map.
[2026-07-25T20:26:28.472] [DEBUG] debug-file - Update task entry:default@PackageHap input file:C:\Users\H1314\Desktop\foodkeeper\Foodkeeper-v1.0\entry\build\default\intermediates\loader\default\pkgContextInfo.json cache by regenerate.
[2026-07-25T20:26:28.472] [DEBUG] debug-file - Update task entry:default@PackageHap input file:C:\Users\H1314\Desktop\foodkeeper\Foodkeeper-v1.0\entry\build\default\intermediates\loader_out\default\ets\sourceMaps.map cache by regenerate.
[2026-07-25T20:26:28.472] [DEBUG] debug-file - Update task entry:default@PackageHap input file:C:\Users\H1314\Desktop\foodkeeper\Foodkeeper-v1.0\entry\build\default\generated\profile\default\BuildProfile.ets cache by regenerate.
[2026-07-25T20:26:28.473] [DEBUG] debug-file - Update task entry:default@PackageHap output file:C:\Users\H1314\Desktop\foodkeeper\Foodkeeper-v1.0\entry\build\default\outputs\default\entry-default-unsigned.hap cache.
[2026-07-25T20:26:28.473] [DEBUG] debug-file - Update task entry:default@PackageHap output file:C:\Users\H1314\Desktop\foodkeeper\Foodkeeper-v1.0\entry\build\default\intermediates\source_map\default\sourceMaps.map cache.
[2026-07-25T20:26:28.473] [DEBUG] debug-file - Update task entry:default@PackageHap output file:C:\Users\H1314\Desktop\foodkeeper\Foodkeeper-v1.0\entry\build\default\outputs\default\mapping\sourceMaps.map cache.
[2026-07-25T20:26:28.474] [DEBUG] debug-file - Incremental task entry:default@PackageHap post-execution cost:7 ms .
[2026-07-25T20:26:28.474] [DEBUG] debug-file - Update task entry:default@SignHap input file:C:\Users\H1314\.ohos\config\default_Foodkeeper_KwM1xmT7eCaoGu1P7v-j5W5OtfbSqbdMeQP9Gmso0uM=.cer cache by regenerate.
[2026-07-25T20:26:28.474] [DEBUG] debug-file - Update task entry:default@SignHap input file:C:\Users\H1314\.ohos\config\default_Foodkeeper_KwM1xmT7eCaoGu1P7v-j5W5OtfbSqbdMeQP9Gmso0uM=.p7b cache by regenerate.
[2026-07-25T20:26:28.475] [DEBUG] debug-file - Update task entry:default@SignHap input file:C:\Users\H1314\.ohos\config\default_Foodkeeper_KwM1xmT7eCaoGu1P7v-j5W5OtfbSqbdMeQP9Gmso0uM=.p12 cache by regenerate.
[2026-07-25T20:26:28.475] [DEBUG] debug-file - Update task entry:default@SignHap input file:C:\Users\H1314\Desktop\foodkeeper\Foodkeeper-v1.0\entry\build\default\outputs\default\entry-default-unsigned.hap cache from map.
[2026-07-25T20:26:28.475] [DEBUG] debug-file - Update task entry:default@SignHap output file:C:\Users\H1314\Desktop\foodkeeper\Foodkeeper-v1.0\entry\build\default\outputs\default\entry-default-signed.hap cache.
[2026-07-25T20:26:28.475] [DEBUG] debug-file - Incremental task entry:default@SignHap post-execution cost:2 ms .
[2026-07-25T20:26:28.476] [DEBUG] debug-file - Update task entry:default@CollectDebugSymbol input file:C:\Users\H1314\Desktop\foodkeeper\Foodkeeper-v1.0\entry\build\default\intermediates\loader_out\default\ets\sourceMaps.map cache by regenerate.
[2026-07-25T20:26:28.476] [DEBUG] debug-file - Update task entry:default@CollectDebugSymbol input file:C:\Users\H1314\Desktop\foodkeeper\Foodkeeper-v1.0\entry\build\default\intermediates\libs\default cache by regenerate.
[2026-07-25T20:26:28.477] [DEBUG] debug-file - Update task entry:default@CollectDebugSymbol output file:C:\Users\H1314\Desktop\foodkeeper\Foodkeeper-v1.0\entry\build\default\outputs\default\symbol cache.
[2026-07-25T20:26:28.477] [DEBUG] debug-file - Incremental task entry:default@CollectDebugSymbol post-execution cost:2 ms .
[2026-07-25T20:26:28.513] [DEBUG] debug-file - Cleanup worker 0.
[2026-07-25T20:26:28.513] [DEBUG] debug-file - Worker 0 has been cleaned up.
[2026-07-25T20:26:28.513] [DEBUG] debug-file - Current idle worker size: 3.
[2026-07-25T20:26:28.513] [DEBUG] debug-file - Current resident worker size: 4.
[2026-07-25T20:26:28.513] [DEBUG] debug-file - Cleanup worker 1.
[2026-07-25T20:26:28.513] [DEBUG] debug-file - Worker 1 has been cleaned up.
[2026-07-25T20:26:28.513] [DEBUG] debug-file - Current idle worker size: 2.
[2026-07-25T20:26:28.513] [DEBUG] debug-file - Current resident worker size: 4.
[2026-07-25T20:26:28.513] [DEBUG] debug-file - Cleanup worker 14.
[2026-07-25T20:26:28.513] [DEBUG] debug-file - Worker 14 has been cleaned up.
[2026-07-25T20:26:28.514] [DEBUG] debug-file - Current idle worker size: 1.
[2026-07-25T20:26:28.514] [DEBUG] debug-file - Current resident worker size: 4.
[2026-07-25T20:26:28.515] [DEBUG] debug-file - hvigor build process will be closed.
[2026-07-25T20:26:28.515] [DEBUG] debug-file - java daemon socket close code:1000 reason:close by user
[2026-07-25T20:26:28.521] [DEBUG] debug-file - session manager: send message to worker process.
[2026-07-25T20:26:28.522] [DEBUG] debug-file - session manager: send message to worker process.
[2026-07-25T20:26:28.519] [DEBUG] debug-file - worker[1] exits with exit code 1.
[2026-07-25T20:26:28.519] [DEBUG] debug-file - worker[0] exits with exit code 1.
[2026-07-25T20:26:28.523] [DEBUG] debug-file - watch worker: worker id should be larger than 0. Nothing will be sent to any worker thread.
[2026-07-25T20:26:28.523] [DEBUG] debug-file - watch worker: worker id should be larger than 0. Nothing will be sent to any worker thread.
[2026-07-25T20:26:28.532] [DEBUG] debug-file - worker[14] exits with exit code 1.
[2026-07-25T21:18:09.576] [DEBUG] debug-file - session manager: set active socket. socketId=qchKRww-u3fFtsFgAAAD
[2026-07-25T21:18:09.593] [DEBUG] debug-file - watch worker: worker id should be larger than 0. Nothing will be sent to any worker thread.
[2026-07-25T21:18:09.598] [DEBUG] debug-file - Workers' log level updated to INFO
[2026-07-25T21:18:09.603] [DEBUG] debug-file - Hvigor init with startParameters:{
  hvigorfileTypeCheck: false,
  parallelExecution: true,
  incrementalExecution: true,
  printStackTrace: false,
  daemon: true,
  analyze: 0,
  logLevel: Level { level: 20000, levelStr: 'INFO', colour: 'green' },
  optimizationStrategy: 'memory',
  hotCompile: undefined,
  hotReloadBuild: undefined,
  customizedParam: undefined
}
[2026-07-25T21:18:09.611] [DEBUG] debug-file - Cache service initialization finished in 8 ms 
[2026-07-25T21:18:09.614] [DEBUG] debug-file - hvigorfile, resolving C:\Users\H1314\Desktop\foodkeeper\Foodkeeper-v1.0\hvigorfile.ts
[2026-07-25T21:18:09.621] [DEBUG] debug-file - hvigorfile, require result:  { default: { plugins: [] } }
[2026-07-25T21:18:09.621] [DEBUG] debug-file - hvigorfile, binding system plugins null
[2026-07-25T21:18:09.623] [DEBUG] debug-file - Starting plugin build process
[2026-07-25T21:18:09.623] [DEBUG] debug-file - App plugin prepare start...
[2026-07-25T21:18:09.623] [DEBUG] debug-file - App plugin prepare end...
[2026-07-25T21:18:09.623] [DEBUG] debug-file - App plugin creating...
[2026-07-25T21:18:09.630] [DEBUG] debug-file - App plugin register hook start...
[2026-07-25T21:18:09.630] [DEBUG] debug-file - App plugin register hook end...
[2026-07-25T21:18:09.630] [DEBUG] debug-file - Plugin build process completed
[2026-07-25T21:18:09.630] [DEBUG] debug-file - Start initialize project's product build option map with build mode debug.
[2026-07-25T21:18:09.630] [DEBUG] debug-file - Picking option from product 'default' with build mode 'debug'.
[2026-07-25T21:18:09.631] [DEBUG] debug-file - Product 'default' build option initialized
[2026-07-25T21:18:09.631] [DEBUG] debug-file - End initialize project's product build option map with build mode 'debug'.
[2026-07-25T21:18:09.632] [DEBUG] debug-file - Obtain build option for product 'default'in this build.
[2026-07-25T21:18:09.636] [DEBUG] debug-file - C:\Users\H1314\Desktop\foodkeeper\Foodkeeper-v1.0\build\cache\default\remote_hsp\remoteHspCache.json not exists.
[2026-07-25T21:18:09.640] [DEBUG] debug-file - Start recording SDK configuration permission data.
[2026-07-25T21:18:09.668] [DEBUG] debug-file - Sdk init in 31 ms 
[2026-07-25T21:18:09.672] [DEBUG] debug-file - Project task initialization takes 4 ms 
[2026-07-25T21:18:09.672] [DEBUG] debug-file - hvigorfile, begin to bind custom plugins...
[2026-07-25T21:18:09.672] [DEBUG] debug-file - hvigorfile, no custom plugins were found in C:\Users\H1314\Desktop\foodkeeper\Foodkeeper-v1.0\hvigorfile.ts
[2026-07-25T21:18:09.672] [DEBUG] debug-file - hvigorfile, resolve finished C:\Users\H1314\Desktop\foodkeeper\Foodkeeper-v1.0\hvigorfile.ts
[2026-07-25T21:18:09.673] [DEBUG] debug-file - hvigorfile, resolving C:\Users\H1314\Desktop\foodkeeper\Foodkeeper-v1.0\entry\hvigorfile.ts
[2026-07-25T21:18:09.676] [DEBUG] debug-file - hvigorfile, require result:  { default: { plugins: [] } }
[2026-07-25T21:18:09.676] [DEBUG] debug-file - hvigorfile, binding system plugins null
[2026-07-25T21:18:09.676] [DEBUG] debug-file - Starting plugin build process
[2026-07-25T21:18:09.676] [DEBUG] debug-file - Hap plugin creating...
[2026-07-25T21:18:09.678] [DEBUG] debug-file - failed to load cangjie to dynamically generate schemas: Error: Cannot find module '@ohos/cangjie-build-support/index'
Require stack:
- D:\Soft\DevEco\devecostudio-windows-6.1.1.290\DevEco Studio\tools\hvigor\hvigor-ohos-plugin\src\plugin\hooks\cangjie-register.js
- D:\Soft\DevEco\devecostudio-windows-6.1.1.290\DevEco Studio\tools\hvigor\hvigor-ohos-plugin\src\plugin\strategy\stage-init-strategy.js
- D:\Soft\DevEco\devecostudio-windows-6.1.1.290\DevEco Studio\tools\hvigor\hvigor-ohos-plugin\src\plugin\builder\abstract-plugin-builder.js
- D:\Soft\DevEco\devecostudio-windows-6.1.1.290\DevEco Studio\tools\hvigor\hvigor-ohos-plugin\src\plugin\builder\app-plugin-builder.js
- D:\Soft\DevEco\devecostudio-windows-6.1.1.290\DevEco Studio\tools\hvigor\hvigor-ohos-plugin\src\plugin\factory\plugin-factory.js
- D:\Soft\DevEco\devecostudio-windows-6.1.1.290\DevEco Studio\tools\hvigor\hvigor-ohos-plugin\index.js
- C:\Users\H1314\Desktop\foodkeeper\Foodkeeper-v1.0\hvigorfile.ts
- D:\Soft\DevEco\devecostudio-windows-6.1.1.290\DevEco Studio\tools\hvigor\hvigor\src\base\internal\lifecycle\configuration.js
- D:\Soft\DevEco\devecostudio-windows-6.1.1.290\DevEco Studio\tools\hvigor\hvigor\src\base\boot\index.js
- D:\Soft\DevEco\devecostudio-windows-6.1.1.290\DevEco Studio\tools\hvigor\hvigor\src\base\daemon\cluster\worker-process-lifecycle.js
- D:\Soft\DevEco\devecostudio-windows-6.1.1.290\DevEco Studio\tools\hvigor\hvigor\src\base\daemon\process\daemon-process-boot-script.js
[2026-07-25T21:18:09.683] [DEBUG] debug-file - Start initialize module-target build option map, moduleName=entry, buildMode=debug
[2026-07-25T21:18:09.683] [DEBUG] debug-file - Target 'default' config initialized
[2026-07-25T21:18:09.683] [DEBUG] debug-file - Target 'ohosTest' config initialized
[2026-07-25T21:18:09.683] [DEBUG] debug-file - Module 'entry' target 'default' build option initialized
[2026-07-25T21:18:09.683] [DEBUG] debug-file - Module 'entry' target 'ohosTest' build option initialized
[2026-07-25T21:18:09.683] [DEBUG] debug-file - End initialize module-target build option map, moduleName=entry
[2026-07-25T21:18:09.683] [DEBUG] debug-file - Start initialize module-target build option map, moduleName=entry, buildMode=release
[2026-07-25T21:18:09.683] [DEBUG] debug-file - Target 'default' config initialized
[2026-07-25T21:18:09.684] [DEBUG] debug-file - Target 'ohosTest' config initialized
[2026-07-25T21:18:09.684] [DEBUG] debug-file - Module 'entry' target 'default' build option initialized
[2026-07-25T21:18:09.684] [DEBUG] debug-file - Module 'entry' target 'ohosTest' build option initialized
[2026-07-25T21:18:09.684] [DEBUG] debug-file - End initialize module-target build option map, moduleName=entry
[2026-07-25T21:18:09.684] [DEBUG] debug-file - Start initialize module-target build option map, moduleName=entry, buildMode=debug
[2026-07-25T21:18:09.684] [DEBUG] debug-file - Target 'default' config initialized
[2026-07-25T21:18:09.684] [DEBUG] debug-file - Target 'ohosTest' config initialized
[2026-07-25T21:18:09.684] [DEBUG] debug-file - Module 'entry' target 'default' build option initialized
[2026-07-25T21:18:09.684] [DEBUG] debug-file - Module 'entry' target 'ohosTest' build option initialized
[2026-07-25T21:18:09.684] [DEBUG] debug-file - End initialize module-target build option map, moduleName=entry
[2026-07-25T21:18:09.684] [DEBUG] debug-file - Obtain build option for module 'entry' target 'default'in this build.
[2026-07-25T21:18:09.686] [DEBUG] debug-file - Module entry task initialization takes 1 ms 
[2026-07-25T21:18:09.686] [DEBUG] debug-file - Hap plugin register hook start...
[2026-07-25T21:18:09.686] [DEBUG] debug-file - Hap plugin register hook end...
[2026-07-25T21:18:09.686] [DEBUG] debug-file - Plugin build process completed
[2026-07-25T21:18:09.686] [DEBUG] debug-file - hvigorfile, begin to bind custom plugins...
[2026-07-25T21:18:09.686] [DEBUG] debug-file - hvigorfile, no custom plugins were found in C:\Users\H1314\Desktop\foodkeeper\Foodkeeper-v1.0\entry\hvigorfile.ts
[2026-07-25T21:18:09.686] [DEBUG] debug-file - hvigorfile, resolve finished C:\Users\H1314\Desktop\foodkeeper\Foodkeeper-v1.0\entry\hvigorfile.ts
[2026-07-25T21:18:09.702] [DEBUG] debug-file - hvigorfile, resolve hvigorfile dependencies in 15 ms 
[2026-07-25T21:18:09.702] [DEBUG] debug-file - project has submodules:entry
[2026-07-25T21:18:09.703] [DEBUG] debug-file - start to load updatedOhPackageInfo to the disk
[2026-07-25T21:18:09.705] [DEBUG] debug-file - load to the disk finished
[2026-07-25T21:18:09.706] [DEBUG] debug-file - Start to initialize dependency information.
[2026-07-25T21:18:09.711] [DEBUG] debug-file - Module Foodkeeper-v1.0 Collected Dependency: 
[2026-07-25T21:18:09.711] [DEBUG] debug-file - Module Foodkeeper-v1.0's total dependency: 0
[2026-07-25T21:18:09.712] [DEBUG] debug-file - Start to initialize dependency information.
[2026-07-25T21:18:09.714] [DEBUG] debug-file - Module entry Collected Dependency: 
[2026-07-25T21:18:09.714] [DEBUG] debug-file - Module entry's total dependency: 0
[2026-07-25T21:18:09.715] [DEBUG] debug-file - Configuration phase cost:104 ms 
[2026-07-25T21:18:09.716] [DEBUG] debug-file - Configuration task cost before running: 118 ms 
[2026-07-25T21:18:09.719] [DEBUG] debug-file - Executing task :entry:default@PreBuild
[2026-07-25T21:18:09.723] [DEBUG] debug-file - Task 'entry:default@PreBuild' cost while wrapping incremental declarations: 1 ms 
[2026-07-25T21:18:09.729] [DEBUG] debug-file - Incremental task entry:default@PreBuild pre-execution cost: 5 ms .
[2026-07-25T21:18:09.729] [DEBUG] debug-file - entry : default@PreBuild cost memory -1.121734619140625
[2026-07-25T21:18:09.731] [INFO] debug-file - UP-TO-DATE :entry:default@PreBuild...  
[2026-07-25T21:18:09.732] [DEBUG] debug-file - Executing task :entry:default@CreateModuleInfo
[2026-07-25T21:18:09.732] [DEBUG] debug-file - Task 'entry:default@CreateModuleInfo' cost while wrapping incremental declarations: 1 ms 
[2026-07-25T21:18:09.732] [DEBUG] debug-file - entry : default@CreateModuleInfo cost memory 0.04236602783203125
[2026-07-25T21:18:09.732] [DEBUG] debug-file - runTaskFromQueue task cost before running: 134 ms 
[2026-07-25T21:18:09.732] [INFO] debug-file - Finished :entry:default@CreateModuleInfo... after 1 ms 
[2026-07-25T21:18:09.735] [DEBUG] debug-file - Executing task :entry:default@GenerateMetadata
[2026-07-25T21:18:09.735] [DEBUG] debug-file - Task 'entry:default@GenerateMetadata' cost while wrapping incremental declarations: 1 ms 
[2026-07-25T21:18:09.736] [DEBUG] debug-file - Incremental task entry:default@GenerateMetadata pre-execution cost: 2 ms .
[2026-07-25T21:18:09.737] [DEBUG] debug-file - entry : default@GenerateMetadata cost memory 0.0940704345703125
[2026-07-25T21:18:09.737] [INFO] debug-file - UP-TO-DATE :entry:default@GenerateMetadata...  
[2026-07-25T21:18:09.738] [DEBUG] debug-file - Executing task :entry:default@ConfigureCmake
[2026-07-25T21:18:09.738] [DEBUG] debug-file - entry : default@ConfigureCmake cost memory 0.0145263671875
[2026-07-25T21:18:09.738] [DEBUG] debug-file - runTaskFromQueue task cost before running: 140 ms 
[2026-07-25T21:18:09.738] [INFO] debug-file - Finished :entry:default@ConfigureCmake... after 1 ms 
[2026-07-25T21:18:09.739] [DEBUG] debug-file - Executing task :entry:default@MergeProfile
[2026-07-25T21:18:09.740] [DEBUG] debug-file - Task 'entry:default@MergeProfile' cost while wrapping incremental declarations: 1 ms 
[2026-07-25T21:18:09.741] [DEBUG] debug-file - Incremental task entry:default@MergeProfile pre-execution cost: 2 ms .
[2026-07-25T21:18:09.741] [DEBUG] debug-file - entry : default@MergeProfile cost memory 0.13372039794921875
[2026-07-25T21:18:09.741] [INFO] debug-file - UP-TO-DATE :entry:default@MergeProfile...  
[2026-07-25T21:18:09.742] [DEBUG] debug-file - Executing task :entry:default@CreateBuildProfile
[2026-07-25T21:18:09.742] [DEBUG] debug-file - Task 'entry:default@CreateBuildProfile' cost while wrapping incremental declarations: 1 ms 
[2026-07-25T21:18:09.744] [DEBUG] debug-file - Incremental task entry:default@CreateBuildProfile pre-execution cost: 1 ms .
[2026-07-25T21:18:09.744] [DEBUG] debug-file - entry : default@CreateBuildProfile cost memory 0.11063385009765625
[2026-07-25T21:18:09.744] [INFO] debug-file - UP-TO-DATE :entry:default@CreateBuildProfile...  
[2026-07-25T21:18:09.745] [DEBUG] debug-file - Executing task :entry:default@PreCheckSyscap
[2026-07-25T21:18:09.745] [DEBUG] debug-file - entry : default@PreCheckSyscap cost memory 0.01476287841796875
[2026-07-25T21:18:09.745] [DEBUG] debug-file - runTaskFromQueue task cost before running: 147 ms 
[2026-07-25T21:18:09.745] [INFO] debug-file - Finished :entry:default@PreCheckSyscap... after 1 ms 
[2026-07-25T21:18:09.747] [DEBUG] debug-file - Executing task :entry:default@GeneratePkgContextInfo
[2026-07-25T21:18:09.750] [DEBUG] debug-file - Task 'entry:default@GeneratePkgContextInfo' cost while wrapping incremental declarations: 1 ms 
[2026-07-25T21:18:09.751] [DEBUG] debug-file - Incremental task entry:default@GeneratePkgContextInfo pre-execution cost: 1 ms .
[2026-07-25T21:18:09.751] [DEBUG] debug-file - entry : default@GeneratePkgContextInfo cost memory 0.49684906005859375
[2026-07-25T21:18:09.751] [INFO] debug-file - UP-TO-DATE :entry:default@GeneratePkgContextInfo...  
[2026-07-25T21:18:09.752] [DEBUG] debug-file - Executing task :entry:default@GeneratePkgSdkInfo
[2026-07-25T21:18:09.754] [DEBUG] debug-file - Task 'entry:default@GeneratePkgSdkInfo' cost while wrapping incremental declarations: 1 ms 
[2026-07-25T21:18:09.755] [DEBUG] debug-file - entry : default@GeneratePkgSdkInfo cost memory 0.1426849365234375
[2026-07-25T21:18:09.755] [DEBUG] debug-file - runTaskFromQueue task cost before running: 157 ms 
[2026-07-25T21:18:09.755] [INFO] debug-file - Finished :entry:default@GeneratePkgSdkInfo... after 4 ms 
[2026-07-25T21:18:09.758] [DEBUG] debug-file - Executing task :entry:default@ProcessIntegratedHsp
[2026-07-25T21:18:09.758] [DEBUG] debug-file - entry:default@ProcessIntegratedHsp is not up-to-date, since the output file 'C:\Users\H1314\Desktop\foodkeeper\Foodkeeper-v1.0\build\cache\default\integrated_hsp\integratedHspCache.json' does not exist.
[2026-07-25T21:18:09.758] [DEBUG] debug-file - Incremental task entry:default@ProcessIntegratedHsp pre-execution cost: 1 ms .
[2026-07-25T21:18:09.759] [DEBUG] debug-file - entry : default@ProcessIntegratedHsp cost memory 0.0595550537109375
[2026-07-25T21:18:09.759] [DEBUG] debug-file - runTaskFromQueue task cost before running: 161 ms 
[2026-07-25T21:18:09.759] [INFO] debug-file - Finished :entry:default@ProcessIntegratedHsp... after 1 ms 
[2026-07-25T21:18:09.760] [DEBUG] debug-file - Executing task :entry:default@BuildNativeWithCmake
[2026-07-25T21:18:09.760] [DEBUG] debug-file - entry : default@BuildNativeWithCmake cost memory 0.0144805908203125
[2026-07-25T21:18:09.760] [DEBUG] debug-file - runTaskFromQueue task cost before running: 162 ms 
[2026-07-25T21:18:09.760] [INFO] debug-file - Finished :entry:default@BuildNativeWithCmake... after 1 ms 
[2026-07-25T21:18:09.761] [DEBUG] debug-file - Executing task :entry:default@MakePackInfo
[2026-07-25T21:18:09.764] [DEBUG] debug-file - Incremental task entry:default@MakePackInfo pre-execution cost: 3 ms .
[2026-07-25T21:18:09.764] [DEBUG] debug-file - entry : default@MakePackInfo cost memory 0.14530181884765625
[2026-07-25T21:18:09.765] [INFO] debug-file - UP-TO-DATE :entry:default@MakePackInfo...  
[2026-07-25T21:18:09.766] [DEBUG] debug-file - Executing task :entry:default@SyscapTransform
[2026-07-25T21:18:09.766] [DEBUG] debug-file - File: 'C:\Users\H1314\Desktop\foodkeeper\Foodkeeper-v1.0\entry\src\main\syscap.json' from 'sysCapJsonPath' is not exists, just ignore.
[2026-07-25T21:18:09.766] [DEBUG] debug-file - Task 'entry:default@SyscapTransform' cost while wrapping incremental declarations: 1 ms 
[2026-07-25T21:18:09.769] [DEBUG] debug-file - entry:default@SyscapTransform is not up-to-date, since the output file 'C:\Users\H1314\Desktop\foodkeeper\Foodkeeper-v1.0\entry\build\default\intermediates\syscap\default\rpcid.sc' does not exist.
[2026-07-25T21:18:09.769] [DEBUG] debug-file - Incremental task entry:default@SyscapTransform pre-execution cost: 3 ms .
[2026-07-25T21:18:09.769] [DEBUG] debug-file - entry : default@SyscapTransform cost memory 0.16875457763671875
[2026-07-25T21:18:09.769] [DEBUG] debug-file - runTaskFromQueue task cost before running: 171 ms 
[2026-07-25T21:18:09.769] [INFO] debug-file - Finished :entry:default@SyscapTransform... after 4 ms 
[2026-07-25T21:18:09.771] [DEBUG] debug-file - Executing task :entry:default@ProcessProfile
[2026-07-25T21:18:09.772] [DEBUG] debug-file - Task 'entry:default@ProcessProfile' cost while wrapping incremental declarations: 1 ms 
[2026-07-25T21:18:09.773] [DEBUG] debug-file - Incremental task entry:default@ProcessProfile pre-execution cost: 1 ms .
[2026-07-25T21:18:09.773] [DEBUG] debug-file - entry : default@ProcessProfile cost memory 0.35406494140625
[2026-07-25T21:18:09.773] [INFO] debug-file - UP-TO-DATE :entry:default@ProcessProfile...  
[2026-07-25T21:18:09.775] [DEBUG] debug-file - Executing task :entry:default@ProcessRouterMap
[2026-07-25T21:18:09.778] [DEBUG] debug-file - Incremental task entry:default@ProcessRouterMap pre-execution cost: 3 ms .
[2026-07-25T21:18:09.778] [DEBUG] debug-file - entry : default@ProcessRouterMap cost memory 0.183319091796875
[2026-07-25T21:18:09.778] [INFO] debug-file - UP-TO-DATE :entry:default@ProcessRouterMap...  
[2026-07-25T21:18:09.780] [DEBUG] debug-file - Executing task :entry:default@ProcessShareConfig
[2026-07-25T21:18:09.782] [DEBUG] debug-file - Incremental task entry:default@ProcessShareConfig pre-execution cost: 3 ms .
[2026-07-25T21:18:09.783] [DEBUG] debug-file - entry : default@ProcessShareConfig cost memory 0.15778350830078125
[2026-07-25T21:18:09.783] [INFO] debug-file - UP-TO-DATE :entry:default@ProcessShareConfig...  
[2026-07-25T21:18:09.784] [DEBUG] debug-file - Executing task :entry:default@ProcessStartupConfig
[2026-07-25T21:18:09.784] [DEBUG] debug-file - Task 'entry:default@ProcessStartupConfig' cost while wrapping incremental declarations: 1 ms 
[2026-07-25T21:18:09.785] [DEBUG] debug-file - entry:default@ProcessStartupConfig is not up-to-date, since the output file 'C:\Users\H1314\Desktop\foodkeeper\Foodkeeper-v1.0\entry\build\default\intermediates\startup\default\startup_config.json' does not exist.
[2026-07-25T21:18:09.785] [DEBUG] debug-file - Incremental task entry:default@ProcessStartupConfig pre-execution cost: 1 ms .
[2026-07-25T21:18:09.786] [DEBUG] debug-file - entry : default@ProcessStartupConfig cost memory 0.15041351318359375
[2026-07-25T21:18:09.786] [DEBUG] debug-file - runTaskFromQueue task cost before running: 188 ms 
[2026-07-25T21:18:09.786] [INFO] debug-file - Finished :entry:default@ProcessStartupConfig... after 2 ms 
[2026-07-25T21:18:09.788] [DEBUG] debug-file - Executing task :entry:default@BuildNativeWithNinja
[2026-07-25T21:18:09.788] [DEBUG] debug-file - entry : default@BuildNativeWithNinja cost memory 0.02219390869140625
[2026-07-25T21:18:09.788] [DEBUG] debug-file - runTaskFromQueue task cost before running: 190 ms 
[2026-07-25T21:18:09.789] [INFO] debug-file - Finished :entry:default@BuildNativeWithNinja... after 1 ms 
[2026-07-25T21:18:09.790] [DEBUG] debug-file - restool module names: entry; moduleName=entry, taskName=default@ProcessResource
[2026-07-25T21:18:09.792] [DEBUG] debug-file - Executing task :entry:default@ProcessResource
[2026-07-25T21:18:09.792] [DEBUG] debug-file - Task 'entry:default@ProcessResource' cost while wrapping incremental declarations: 1 ms 
[2026-07-25T21:18:09.793] [DEBUG] debug-file - Incremental task entry:default@ProcessResource pre-execution cost: 1 ms .
[2026-07-25T21:18:09.793] [DEBUG] debug-file - entry : default@ProcessResource cost memory 0.1532135009765625
[2026-07-25T21:18:09.794] [INFO] debug-file - UP-TO-DATE :entry:default@ProcessResource...  
[2026-07-25T21:18:09.796] [DEBUG] debug-file - Executing task :entry:default@GenerateLoaderJson
[2026-07-25T21:18:09.797] [DEBUG] debug-file - Task 'entry:default@GenerateLoaderJson' cost while wrapping incremental declarations: 1 ms 
[2026-07-25T21:18:09.805] [DEBUG] debug-file - Incremental task entry:default@GenerateLoaderJson pre-execution cost: 6 ms .
[2026-07-25T21:18:09.805] [DEBUG] debug-file - entry : default@GenerateLoaderJson cost memory -1.08642578125
[2026-07-25T21:18:09.808] [INFO] debug-file - UP-TO-DATE :entry:default@GenerateLoaderJson...  
[2026-07-25T21:18:09.809] [DEBUG] debug-file - Executing task :entry:default@ProcessLibs
[2026-07-25T21:18:09.811] [DEBUG] debug-file - Incremental task entry:default@ProcessLibs pre-execution cost: 2 ms .
[2026-07-25T21:18:09.811] [DEBUG] debug-file - entry : default@ProcessLibs cost memory 0.11545562744140625
[2026-07-25T21:18:09.811] [INFO] debug-file - UP-TO-DATE :entry:default@ProcessLibs...  
[2026-07-25T21:18:09.812] [DEBUG] debug-file - restool module names: entry; moduleName=entry, taskName=default@CompileResource
[2026-07-25T21:18:09.813] [DEBUG] debug-file - Executing task :entry:default@CompileResource
[2026-07-25T21:18:09.826] [DEBUG] debug-file - Incremental task entry:default@CompileResource pre-execution cost: 13 ms .
[2026-07-25T21:18:09.826] [DEBUG] debug-file - entry : default@CompileResource cost memory 0.8317337036132812
[2026-07-25T21:18:09.827] [INFO] debug-file - UP-TO-DATE :entry:default@CompileResource...  
[2026-07-25T21:18:09.829] [DEBUG] debug-file - Executing task :entry:default@DoNativeStrip
[2026-07-25T21:18:09.829] [DEBUG] debug-file - File: 'C:\Users\H1314\Desktop\foodkeeper\Foodkeeper-v1.0\entry\build\default\intermediates\binxo\default' from 'doBinxoNativeLibs' is not exists, just ignore.
[2026-07-25T21:18:09.829] [DEBUG] debug-file - Task 'entry:default@DoNativeStrip' cost while wrapping incremental declarations: 1 ms 
[2026-07-25T21:18:09.830] [DEBUG] debug-file - Incremental task entry:default@DoNativeStrip pre-execution cost: 1 ms .
[2026-07-25T21:18:09.831] [DEBUG] debug-file - entry : default@DoNativeStrip cost memory 0.098297119140625
[2026-07-25T21:18:09.831] [INFO] debug-file - UP-TO-DATE :entry:default@DoNativeStrip...  
[2026-07-25T21:18:09.832] [DEBUG] debug-file - Executing task :entry:default@CompileArkTS
[2026-07-25T21:18:09.832] [DEBUG] debug-file - obfuscationOptions: undefined
[2026-07-25T21:18:09.833] [DEBUG] debug-file - Task 'entry:default@CompileArkTS' cost while wrapping incremental declarations: 1 ms 
[2026-07-25T21:18:09.844] [DEBUG] debug-file - entry:default@CompileArkTS is not up-to-date, since the input file 'C:\Users\H1314\Desktop\foodkeeper\Foodkeeper-v1.0\entry\src\main\ets' has been changed.
[2026-07-25T21:18:09.844] [DEBUG] debug-file - Incremental task entry:default@CompileArkTS pre-execution cost: 10 ms .
[2026-07-25T21:18:09.856] [DEBUG] debug-file - build config:
[2026-07-25T21:18:09.857] [DEBUG] debug-file - {
  moduleType: 'entry',
  perf: 0,
  targetName: '.default',
  packageManagerType: 'ohpm',
  localPropertiesPath: 'C:\\Users\\H1314\\Desktop\\foodkeeper\\Foodkeeper-v1.0\\local.properties',
  isPreview: false,
  isOhosTest: false,
  isLocalTest: false,
  buildMode: 'Debug',
  hotReloadBuild: undefined,
  watchMode: 'false',
  aceProfilePath: 'C:\\Users\\H1314\\Desktop\\foodkeeper\\Foodkeeper-v1.0\\entry\\build\\default\\intermediates\\res\\default\\resources\\base\\profile',
  etsLoaderPath: 'D:\\Soft\\DevEco\\devecostudio-windows-6.1.1.290\\DevEco Studio\\sdk\\default\\openharmony\\ets\\build-tools\\ets-loader',
  modulePath: 'C:\\Users\\H1314\\Desktop\\foodkeeper\\Foodkeeper-v1.0\\entry',
  testFrameworkPar: {
    testMode: undefined,
    coveragePathFilter: undefined,
    coverageMode: undefined
  },
  needCoverageInsert: false,
  debugLine: false,
  projectTopDir: 'C:\\Users\\H1314\\Desktop\\foodkeeper\\Foodkeeper-v1.0',
  compileSdkVersion: 24,
  compatibleSdkVersion: 20,
  originCompatibleSdkVersion: '6.0.0(20)',
  compatibleSdkVersionStage: undefined,
  bundleName: 'c***r',
  etsLoaderVersion: '6.1.1.125',
  etsLoaderReleaseType: 'Release',
  aotCompileMode: 'type',
  apPath: 'C:\\Users\\H1314\\Desktop\\foodkeeper\\Foodkeeper-v1.0\\entry\\modules.ap',
  entryModuleName: 'entry',
  entryModuleVersion: '1.0.0',
  entryPackageName: 'entry',
  allModuleNameHash: '5a8e40311c990954e1242db61f4ac16a53f6772c738d7b9e71c868f46c672df2',
  externalApiPaths: [
    'D:\\Soft\\DevEco\\devecostudio-windows-6.1.1.290\\DevEco Studio\\sdk\\default\\hms\\ets'
  ],
  compilerTypes: [],
  isCrossplatform: false,
  hvigorPluginFile: undefined,
  compilePluginPath: undefined,
  buildGeneratedProfilePath: 'C:\\Users\\H1314\\Desktop\\foodkeeper\\Foodkeeper-v1.0\\entry\\build\\default\\generated\\profile\\default',
  bundleType: 'app',
  arkTSVersion: undefined,
  apiVersion: 24,
  needCompleteSourcesMap: false,
  isFaMode: false,
  buildDir: 'C:\\Users\\H1314\\Desktop\\foodkeeper\\Foodkeeper-v1.0\\entry\\build',
  deviceTypes: [ 'phone' ],
  pkgContextInfo: {
    '@ohos/hypium': {
      packageName: '@ohos/hypium',
      bundleName: '*****',
      moduleName: '',
      version: '1.0.21',
      entryPath: 'index.js',
      isSO: false,
      dependencyAlias: ''
    },
    '@ohos/hamock': {
      packageName: '@ohos/hamock',
      bundleName: '*****',
      moduleName: '',
      version: '1.0.0',
      entryPath: 'index.ets',
      isSO: false,
      dependencyAlias: ''
    },
    entry: {
      packageName: 'entry',
      bundleName: '*****',
      moduleName: '',
      version: '',
      entryPath: 'src/main/',
      isSO: false,
      dependencyAlias: ''
    }
  },
  ohPackagePathMap: {},
  dependencyAliasMap: {},
  permission: { requestPermissions: undefined, definePermissions: undefined },
  useGetCurrentBundleName: false,
  projectArkOption: undefined,
  sourceMapDir: undefined,
  branchElimination: false,
  transformLib: undefined,
  tsImportSendable: false,
  resolveConflictMode: true,
  depName2RootPath: {},
  depName2DepInfo: {},
  depName2OhExports: {},
  rootPathSet: [ 'C:\\Users\\H1314\\Desktop\\foodkeeper\\Foodkeeper-v1.0' ],
  useNativeResolver: true,
  shouldEmitJs: true,
  useTscResolve: false,
  singleFileEmit: false,
  userProjectConfig: {
    autoLazyImport: false,
    allowEmptyBundleName: false,
    reExportCheckMode: 'noCheck',
    executionMode: 'memory',
    usePathPlaceholder: false,
    writeRollupCache: true,
    isExpandImportEnabled: false,
    expandImportExclude: '',
    lazyImportExclude: '',
    lazyImportInclude: '',
    ignoreCrossplatformCheck: false,
    isHarDeduplicateEnabled: false,
    skipOhModulesLint: false,
    enableStrictCheckOHModule: false,
    disableSendableCheckRules: [],
    useDeclarationFileSignature: false,
    customizedOptions: undefined,
    integratedHsp: false,
    isPreloadSoEnabled: false
  },
  executionMode: 'memory',
  arkCompileCachePath: 'C:\\Users\\H1314\\Desktop\\foodkeeper\\Foodkeeper-v1.0\\entry\\build\\default\\cache\\default\\default@CompileArkTS\\esmodule',
  autoLazyFilter: undefined,
  isHarDeduplicateEnabled: false,
  intermediateHarDuplicateDirPath: 'C:\\Users\\H1314\\Desktop\\foodkeeper\\Foodkeeper-v1.0\\entry\\build\\default\\intermediates\\har_duplicate\\default',
  autoLazyImport: false,
  allowEmptyBundleName: false,
  reExportCheckMode: 'noCheck',
  usePathPlaceholder: false,
  writeRollupCache: true,
  isExpandImportEnabled: false,
  expandImportExclude: '',
  lazyImportExclude: '',
  lazyImportInclude: '',
  ignoreCrossplatformCheck: false,
  skipOhModulesLint: false,
  enableStrictCheckOHModule: false,
  disableSendableCheckRules: [],
  useDeclarationFileSignature: false,
  customizedOptions: undefined,
  integratedHsp: false,
  isPreloadSoEnabled: false,
  strictMode: {
    caseSensitiveCheck: true,
    useNormalizedOHMUrl: true,
    noExternalImportByPath: true
  },
  useNormalizedOHMUrl: true,
  caseSensitiveCheck: true,
  strictCheckerOnly: false,
  aceModuleJsonPath: 'C:\\Users\\H1314\\Desktop\\foodkeeper\\Foodkeeper-v1.0\\entry\\build\\default\\intermediates\\res\\default\\ark_module.json',
  appResource: 'C:\\Users\\H1314\\Desktop\\foodkeeper\\Foodkeeper-v1.0\\entry\\build\\default\\intermediates\\res\\default\\ResourceTable.txt',
  rawFileResource: 'C:\\Users\\H1314\\Desktop\\foodkeeper\\Foodkeeper-v1.0\\entry\\build\\default\\intermediates\\res\\default\\resources\\rawfile',
  resourceTableHash: 'd81a83941c07883d4327563ba2cfe0ac7f68042912820a1577b99d29cbd144cc',
  runtimeOS: 'HarmonyOS',
  sdkInfo: 'false:24:6.1.1.125:Release',
  aceModuleRoot: 'C:\\Users\\H1314\\Desktop\\foodkeeper\\Foodkeeper-v1.0\\entry\\src\\main\\ets',
  compileMode: 'esmodule',
  aceSuperVisualPath: 'C:\\Users\\H1314\\Desktop\\foodkeeper\\Foodkeeper-v1.0\\entry\\src\\main\\supervisual',
  aceBuildJson: 'C:\\Users\\H1314\\Desktop\\foodkeeper\\Foodkeeper-v1.0\\entry\\build\\default\\intermediates\\loader\\default\\loader.json',
  cachePath: 'C:\\Users\\H1314\\Desktop\\foodkeeper\\Foodkeeper-v1.0\\entry\\build\\default\\cache\\default\\default@CompileArkTS\\esmodule\\debug',
  aceModuleBuild: 'C:\\Users\\H1314\\Desktop\\foodkeeper\\Foodkeeper-v1.0\\entry\\build\\default\\intermediates\\loader_out\\default\\ets',
  supportChunks: true,
  declaredFilesPath: undefined,
  shouldCollectDirectImportees: false,
  isByteCodeHarOptimize: false,
  expandImportPath: undefined,
  resourceTableTs: 'C:\\Users\\H1314\\Desktop\\foodkeeper\\Foodkeeper-v1.0\\entry\\build\\default\\generated\\r\\default\\ResourceTable.ts',
  moduleMetaInfoFiles: [
    {
      filePath: 'C:\\Users\\H1314\\Desktop\\foodkeeper\\Foodkeeper-v1.0\\entry\\build\\default\\generated\\r\\default\\ResourceTable.ts',
      ohmurl: '&entry/build/generated/r/ResourceTable&'
    }
  ],
  pkgNameToPkgBriefInfo: {
    entry: {
      pkgRoot: 'C:\\Users\\H1314\\Desktop\\foodkeeper\\Foodkeeper-v1.0\\entry',
      originalSourceRoots: undefined,
      sourceRoots: [Array],
      pkgName: 'entry'
    }
  },
  projectModel: {
    'C:\\Users\\H1314\\Desktop\\foodkeeper\\Foodkeeper-v1.0\\entry\\src\\main': {
      moduleName: 'entry',
      modulePkgPath: 'C:\\Users\\H1314\\Desktop\\foodkeeper\\Foodkeeper-v1.0\\entry',
      belongProjectPath: 'C:\\Users\\H1314\\Desktop\\foodkeeper\\Foodkeeper-v1.0'
    },
    'C:\\Users\\H1314\\Desktop\\foodkeeper\\Foodkeeper-v1.0\\entry\\.test\\default\\intermediates\\src\\ohosTest\\ets': {
      moduleName: 'entry_test',
      modulePkgPath: 'C:\\Users\\H1314\\Desktop\\foodkeeper\\Foodkeeper-v1.0\\entry',
      belongProjectPath: 'C:\\Users\\H1314\\Desktop\\foodkeeper\\Foodkeeper-v1.0'
    },
    'C:\\Users\\H1314\\Desktop\\foodkeeper\\Foodkeeper-v1.0\\entry\\src\\ohosTest': {
      moduleName: 'entry_test',
      modulePkgPath: 'C:\\Users\\H1314\\Desktop\\foodkeeper\\Foodkeeper-v1.0\\entry',
      belongProjectPath: 'C:\\Users\\H1314\\Desktop\\foodkeeper\\Foodkeeper-v1.0'
    },
    'C:\\Users\\H1314\\Desktop\\foodkeeper\\Foodkeeper-v1.0\\entry': {
      moduleName: 'entry',
      modulePkgPath: 'C:\\Users\\H1314\\Desktop\\foodkeeper\\Foodkeeper-v1.0\\entry',
      belongProjectPath: 'C:\\Users\\H1314\\Desktop\\foodkeeper\\Foodkeeper-v1.0'
    },
    'C:\\Users\\H1314\\Desktop\\foodkeeper\\Foodkeeper-v1.0': {
      moduleName: 'Foodkeeper-v1.0',
      modulePkgPath: 'C:\\Users\\H1314\\Desktop\\foodkeeper\\Foodkeeper-v1.0',
      belongProjectPath: 'C:\\Users\\H1314\\Desktop\\foodkeeper\\Foodkeeper-v1.0'
    }
  },
  pkgJsonFileHash: '7c73f54ab7f6179c8b46a9f252100c68cf10ae6dd80f95f858f353cadb446f0e',
  allModulePaths: [ 'C:\\Users\\H1314\\Desktop\\foodkeeper\\Foodkeeper-v1.0\\entry' ],
  routerMap: {},
  obfuscationOptions: undefined,
  byteCodeHarToDependencyKeys: undefined,
  compileBlockPkg: [],
  mockParams: {
    decorator: '@MockSetup',
    packageName: '@ohos/hamock',
    etsSourceRootPath: 'src/main/ets',
    mockConfigPath: 'C:\\Users\\H1314\\Desktop\\foodkeeper\\Foodkeeper-v1.0\\entry\\src\\mock\\mock-config.json5',
    mockConfigKey2ModuleInfo: {},
    source2ModuleIdMap: {}
  },
  copyCodeResourceEnable: false,
  copyCodeResourceExcludes: [],
  copyCodeResourceIncludes: undefined,
  uiTransformOptimization: false,
  sdkPath: 'D:/Soft/DevEco/devecostudio-windows-6.1.1.290/DevEco Studio/sdk',
  needPreloadSoFileSet: {},
  preloadSoFilePath: 'C:\\Users\\H1314\\Desktop\\foodkeeper\\Foodkeeper-v1.0\\entry\\build\\default\\intermediates\\preload\\default\\preload.json',
  useSourceHash: false,
  localModuleParamMap: {},
  otherPaths: {
    'entry/*': [
      '..\\*',
      '..\\..\\..\\build\\default\\generated\\profile\\default\\*'
    ]
  },
  collectImportersConfig: undefined
}
[2026-07-25T21:18:09.857] [DEBUG] debug-file - Compile arkts with external api path: D:\Soft\DevEco\devecostudio-windows-6.1.1.290\DevEco Studio\sdk\default\hms\ets
[2026-07-25T21:18:09.859] [DEBUG] debug-file - default@CompileArkTS work[2] is submitted.
[2026-07-25T21:18:09.859] [DEBUG] debug-file - default@CompileArkTS work[2] is pushed to ready queue.
[2026-07-25T21:18:09.859] [DEBUG] debug-file - A work dispatched to worker[15] failed because unable to get work from ready queue.
[2026-07-25T21:18:09.859] [DEBUG] debug-file - A work dispatched to worker[14] failed because unable to get work from ready queue.
[2026-07-25T21:18:09.859] [DEBUG] debug-file - A work dispatched to worker[13] failed because unable to get work from ready queue.
[2026-07-25T21:18:09.859] [DEBUG] debug-file - A work dispatched to worker[12] failed because unable to get work from ready queue.
[2026-07-25T21:18:09.859] [DEBUG] debug-file - A work dispatched to worker[11] failed because unable to get work from ready queue.
[2026-07-25T21:18:09.859] [DEBUG] debug-file - A work dispatched to worker[10] failed because unable to get work from ready queue.
[2026-07-25T21:18:09.859] [DEBUG] debug-file - A work dispatched to worker[9] failed because unable to get work from ready queue.
[2026-07-25T21:18:09.859] [DEBUG] debug-file - A work dispatched to worker[8] failed because unable to get work from ready queue.
[2026-07-25T21:18:09.859] [DEBUG] debug-file - A work dispatched to worker[7] failed because unable to get work from ready queue.
[2026-07-25T21:18:09.859] [DEBUG] debug-file - A work dispatched to worker[6] failed because unable to get work from ready queue.
[2026-07-25T21:18:09.859] [DEBUG] debug-file - A work dispatched to worker[5] failed because unable to get work from ready queue.
[2026-07-25T21:18:09.859] [DEBUG] debug-file - default@CompileArkTS work[2] has been dispatched to worker[4].
[2026-07-25T21:18:09.859] [DEBUG] debug-file - default@CompileArkTS work[2] is dispatched.
[2026-07-25T21:18:09.859] [DEBUG] debug-file - entry : default@CompileArkTS cost memory 0.09102630615234375
[2026-07-25T21:18:09.861] [DEBUG] debug-file - Executing task :entry:default@BuildJS
[2026-07-25T21:18:09.861] [DEBUG] debug-file - Task 'entry:default@BuildJS' cost while wrapping incremental declarations: 1 ms 
[2026-07-25T21:18:09.864] [DEBUG] debug-file - entry : default@BuildJS cost memory 0.172393798828125
[2026-07-25T21:18:09.864] [DEBUG] debug-file - runTaskFromQueue task cost before running: 266 ms 
[2026-07-25T21:18:09.864] [INFO] debug-file - Finished :entry:default@BuildJS... after 4 ms 
[2026-07-25T21:18:09.865] [DEBUG] debug-file - Executing task :entry:default@CacheNativeLibs
[2026-07-25T21:18:09.866] [DEBUG] debug-file - File: 'C:\Users\H1314\Desktop\foodkeeper\Foodkeeper-v1.0\entry\build\default\intermediates\binxo\default' from 'cacheBinxoNativeLibs' is not exists, just ignore.
[2026-07-25T21:18:09.866] [DEBUG] debug-file - Task 'entry:default@CacheNativeLibs' cost while wrapping incremental declarations: 1 ms 
[2026-07-25T21:18:09.867] [DEBUG] debug-file - Incremental task entry:default@CacheNativeLibs pre-execution cost: 2 ms .
[2026-07-25T21:18:09.867] [DEBUG] debug-file - entry : default@CacheNativeLibs cost memory 0.13196563720703125
[2026-07-25T21:18:09.867] [INFO] debug-file - UP-TO-DATE :entry:default@CacheNativeLibs...  
[2026-07-25T21:18:11.210] [WARN] debug-file - [33mWARN: [33m[33mArkTS:WARN File: C:/Users/H1314/Desktop/foodkeeper/Foodkeeper-v1.0/entry/src/main/ets/store/InventoryStore.ets:264:24
 Function may throw exceptions. Special handling is required.
[39m[39m
[33mWARN: [33m[33mArkTS:WARN File: C:/Users/H1314/Desktop/foodkeeper/Foodkeeper-v1.0/entry/src/main/ets/store/InventoryStore.ets:285:24
 Function may throw exceptions. Special handling is required.
[39m[39m
[33mWARN: [33m[33mArkTS:WARN File: C:/Users/H1314/Desktop/foodkeeper/Foodkeeper-v1.0/entry/src/main/ets/store/InventoryStore.ets:343:11
 Function may throw exceptions. Special handling is required.
[39m[39m
[33mWARN: [33m[33mArkTS:WARN File: C:/Users/H1314/Desktop/foodkeeper/Foodkeeper-v1.0/entry/src/main/ets/store/InventoryStore.ets:344:11
 Function may throw exceptions. Special handling is required.
[39m[39m
[33mWARN: [33m[33mArkTS:WARN File: C:/Users/H1314/Desktop/foodkeeper/Foodkeeper-v1.0/entry/src/main/ets/pages/HomePage.ets:27:42
 'matchMediaSync' has been deprecated.
[39m[39m
[33mWARN: [33m[33mArkTS:WARN File: C:/Users/H1314/Desktop/foodkeeper/Foodkeeper-v1.0/entry/src/main/ets/pages/HomePage.ets:93:5
 Function may throw exceptions. Special handling is required.
[39m[39m
[33mWARN: [33m[33mArkTS:WARN File: C:/Users/H1314/Desktop/foodkeeper/Foodkeeper-v1.0/entry/src/main/ets/pages/HomePage.ets:93:12
 'pushUrl' has been deprecated.
[39m[39m
[33mWARN: [33m[33mArkTS:WARN File: C:/Users/H1314/Desktop/foodkeeper/Foodkeeper-v1.0/entry/src/main/ets/pages/HomePage.ets:98:5
 Function may throw exceptions. Special handling is required.
[39m[39m
[33mWARN: [33m[33mArkTS:WARN File: C:/Users/H1314/Desktop/foodkeeper/Foodkeeper-v1.0/entry/src/main/ets/pages/HomePage.ets:98:12
 'pushUrl' has been deprecated.
[39m[39m
[33mWARN: [33m[33mArkTS:WARN File: C:/Users/H1314/Desktop/foodkeeper/Foodkeeper-v1.0/entry/src/main/ets/pages/HomePage.ets:108:5
 Function may throw exceptions. Special handling is required.
[39m[39m
[33mWARN: [33m[33mArkTS:WARN File: C:/Users/H1314/Desktop/foodkeeper/Foodkeeper-v1.0/entry/src/main/ets/pages/HomePage.ets:108:18
 'showToast' has been deprecated.
[39m[39m
[33mWARN: [33m[33mArkTS:WARN File: C:/Users/H1314/Desktop/foodkeeper/Foodkeeper-v1.0/entry/src/main/ets/pages/InventoryPage.ets:132:5
 Function may throw exceptions. Special handling is required.
[39m[39m
[33mWARN: [33m[33mArkTS:WARN File: C:/Users/H1314/Desktop/foodkeeper/Foodkeeper-v1.0/entry/src/main/ets/pages/InventoryPage.ets:132:12
 'pushUrl' has been deprecated.
[39m[39m
[33mWARN: [33m[33mArkTS:WARN File: C:/Users/H1314/Desktop/foodkeeper/Foodkeeper-v1.0/entry/src/main/ets/pages/InventoryPage.ets:136:5
 Function may throw exceptions. Special handling is required.
[39m[39m
[33mWARN: [33m[33mArkTS:WARN File: C:/Users/H1314/Desktop/foodkeeper/Foodkeeper-v1.0/entry/src/main/ets/pages/InventoryPage.ets:136:12
 'pushUrl' has been deprecated.
[39m[39m
[33mWARN: [33m[33mArkTS:WARN File: C:/Users/H1314/Desktop/foodkeeper/Foodkeeper-v1.0/entry/src/main/ets/pages/RecipePage.ets:173:7
 Function may throw exceptions. Special handling is required.
[39m[39m
[33mWARN: [33m[33mArkTS:WARN File: C:/Users/H1314/Desktop/foodkeeper/Foodkeeper-v1.0/entry/src/main/ets/pages/RecipePage.ets:173:20
 'showToast' has been deprecated.
[39m[39m
[33mWARN: [33m[33mArkTS:WARN File: C:/Users/H1314/Desktop/foodkeeper/Foodkeeper-v1.0/entry/src/main/ets/pages/RecipePage.ets:180:5
 Function may throw exceptions. Special handling is required.
[39m[39m
[33mWARN: [33m[33mArkTS:WARN File: C:/Users/H1314/Desktop/foodkeeper/Foodkeeper-v1.0/entry/src/main/ets/pages/RecipePage.ets:180:12
 'pushUrl' has been deprecated.
[39m[39m
[33mWARN: [33m[33mArkTS:WARN File: C:/Users/H1314/Desktop/foodkeeper/Foodkeeper-v1.0/entry/src/main/ets/pages/SettingsPage.ets:35:18
 'showDialog' has been deprecated.
[39m[39m
[33mWARN: [33m[33mArkTS:WARN File: C:/Users/H1314/Desktop/foodkeeper/Foodkeeper-v1.0/entry/src/main/ets/pages/SettingsPage.ets:48:20
 'showToast' has been deprecated.
[39m[39m
[33mWARN: [33m[33mArkTS:WARN File: C:/Users/H1314/Desktop/foodkeeper/Foodkeeper-v1.0/entry/src/main/ets/pages/SettingsPage.ets:60:22
 'showToast' has been deprecated.
[39m[39m
[33mWARN: [33m[33mArkTS:WARN File: C:/Users/H1314/Desktop/foodkeeper/Foodkeeper-v1.0/entry/src/main/ets/pages/SettingsPage.ets:66:22
 'showToast' has been deprecated.
[39m[39m
[33mWARN: [33m[33mArkTS:WARN File: C:/Users/H1314/Desktop/foodkeeper/Foodkeeper-v1.0/entry/src/main/ets/pages/SettingsPage.ets:70:7
 Function may throw exceptions. Special handling is required.
[39m[39m
[33mWARN: [33m[33mArkTS:WARN File: C:/Users/H1314/Desktop/foodkeeper/Foodkeeper-v1.0/entry/src/main/ets/pages/SettingsPage.ets:70:20
 'showToast' has been deprecated.
[39m[39m
[33mWARN: [33m[33mArkTS:WARN File: C:/Users/H1314/Desktop/foodkeeper/Foodkeeper-v1.0/entry/src/main/ets/pages/AddFoodPage.ets:34:27
 'getParams' has been deprecated.
[39m[39m
[33mWARN: [33m[33mArkTS:WARN File: C:/Users/H1314/Desktop/foodkeeper/Foodkeeper-v1.0/entry/src/main/ets/pages/AddFoodPage.ets:144:7
 Function may throw exceptions. Special handling is required.
[39m[39m
[33mWARN: [33m[33mArkTS:WARN File: C:/Users/H1314/Desktop/foodkeeper/Foodkeeper-v1.0/entry/src/main/ets/pages/AddFoodPage.ets:144:20
 'showToast' has been deprecated.
[39m[39m
[33mWARN: [33m[33mArkTS:WARN File: C:/Users/H1314/Desktop/foodkeeper/Foodkeeper-v1.0/entry/src/main/ets/pages/AddFoodPage.ets:149:7
 Function may throw exceptions. Special handling is required.
[39m[39m
[33mWARN: [33m[33mArkTS:WARN File: C:/Users/H1314/Desktop/foodkeeper/Foodkeeper-v1.0/entry/src/main/ets/pages/AddFoodPage.ets:149:20
 'showToast' has been deprecated.
[39m[39m
[33mWARN: [33m[33mArkTS:WARN File: C:/Users/H1314/Desktop/foodkeeper/Foodkeeper-v1.0/entry/src/main/ets/pages/AddFoodPage.ets:169:7
 Function may throw exceptions. Special handling is required.
[39m[39m
[33mWARN: [33m[33mArkTS:WARN File: C:/Users/H1314/Desktop/foodkeeper/Foodkeeper-v1.0/entry/src/main/ets/pages/AddFoodPage.ets:169:20
 'showToast' has been deprecated.
[39m[39m
[33mWARN: [33m[33mArkTS:WARN File: C:/Users/H1314/Desktop/foodkeeper/Foodkeeper-v1.0/entry/src/main/ets/pages/AddFoodPage.ets:184:9
 Function may throw exceptions. Special handling is required.
[39m[39m
[33mWARN: [33m[33mArkTS:WARN File: C:/Users/H1314/Desktop/foodkeeper/Foodkeeper-v1.0/entry/src/main/ets/pages/AddFoodPage.ets:184:22
 'showToast' has been deprecated.
[39m[39m
[33mWARN: [33m[33mArkTS:WARN File: C:/Users/H1314/Desktop/foodkeeper/Foodkeeper-v1.0/entry/src/main/ets/pages/AddFoodPage.ets:186:9
 Function may throw exceptions. Special handling is required.
[39m[39m
[33mWARN: [33m[33mArkTS:WARN File: C:/Users/H1314/Desktop/foodkeeper/Foodkeeper-v1.0/entry/src/main/ets/pages/AddFoodPage.ets:186:22
 'showToast' has been deprecated.
[39m[39m
[33mWARN: [33m[33mArkTS:WARN File: C:/Users/H1314/Desktop/foodkeeper/Foodkeeper-v1.0/entry/src/main/ets/pages/AddFoodPage.ets:190:29
 'back' has been deprecated.
[39m[39m
[33mWARN: [33m[33mArkTS:WARN File: C:/Users/H1314/Desktop/foodkeeper/Foodkeeper-v1.0/entry/src/main/ets/pages/AddFoodPage.ets:196:5
 Function may throw exceptions. Special handling is required.
[39m[39m
[33mWARN: [33m[33mArkTS:WARN File: C:/Users/H1314/Desktop/foodkeeper/Foodkeeper-v1.0/entry/src/main/ets/pages/AddFoodPage.ets:196:18
 'showToast' has been deprecated.
[39m[39m
[33mWARN: [33m[33mArkTS:WARN File: C:/Users/H1314/Desktop/foodkeeper/Foodkeeper-v1.0/entry/src/main/ets/pages/AddFoodPage.ets:197:29
 'back' has been deprecated.
[39m[39m
[33mWARN: [33m[33mArkTS:WARN File: C:/Users/H1314/Desktop/foodkeeper/Foodkeeper-v1.0/entry/src/main/ets/pages/AddFoodPage.ets:207:33
 'back' has been deprecated.
[39m[39m
[33mWARN: [33m[33mArkTS:WARN File: C:/Users/H1314/Desktop/foodkeeper/Foodkeeper-v1.0/entry/src/main/ets/pages/AddFoodPage.ets:481:22
 'show' has been deprecated.
[39m[39m
[33mWARN: [33m[33mArkTS:WARN File: C:/Users/H1314/Desktop/foodkeeper/Foodkeeper-v1.0/entry/src/main/ets/pages/RecipeDetailPage.ets:36:7
 Function may throw exceptions. Special handling is required.
[39m[39m
[33mWARN: [33m[33mArkTS:WARN File: C:/Users/H1314/Desktop/foodkeeper/Foodkeeper-v1.0/entry/src/main/ets/pages/RecipeDetailPage.ets:36:20
 'showToast' has been deprecated.
[39m[39m
[33mWARN: [33m[33mArkTS:WARN File: C:/Users/H1314/Desktop/foodkeeper/Foodkeeper-v1.0/entry/src/main/ets/pages/RecipeDetailPage.ets:37:33
 'back' has been deprecated.
[39m[39m
[33mWARN: [33m[33mArkTS:WARN File: C:/Users/H1314/Desktop/foodkeeper/Foodkeeper-v1.0/entry/src/main/ets/pages/RecipeDetailPage.ets:49:7
 Function may throw exceptions. Special handling is required.
[39m[39m
[33mWARN: [33m[33mArkTS:WARN File: C:/Users/H1314/Desktop/foodkeeper/Foodkeeper-v1.0/entry/src/main/ets/pages/RecipeDetailPage.ets:49:20
 'showToast' has been deprecated.
[39m[39m
[33mWARN: [33m[33mArkTS:WARN File: C:/Users/H1314/Desktop/foodkeeper/Foodkeeper-v1.0/entry/src/main/ets/pages/RecipeDetailPage.ets:71:22
 'showToast' has been deprecated.
[39m[39m
[33mWARN: [33m[33mArkTS:WARN File: C:/Users/H1314/Desktop/foodkeeper/Foodkeeper-v1.0/entry/src/main/ets/pages/RecipeDetailPage.ets:75:22
 'showToast' has been deprecated.
[39m[39m
[33mWARN: [33m[33mArkTS:WARN File: C:/Users/H1314/Desktop/foodkeeper/Foodkeeper-v1.0/entry/src/main/ets/pages/RecipeDetailPage.ets:78:7
 Function may throw exceptions. Special handling is required.
[39m[39m
[33mWARN: [33m[33mArkTS:WARN File: C:/Users/H1314/Desktop/foodkeeper/Foodkeeper-v1.0/entry/src/main/ets/pages/RecipeDetailPage.ets:78:20
 'showToast' has been deprecated.
[39m[39m
[33mWARN: [33m[33mArkTS:WARN File: C:/Users/H1314/Desktop/foodkeeper/Foodkeeper-v1.0/entry/src/main/ets/pages/RecipeDetailPage.ets:86:12
 'back' has been deprecated.
[39m[39m

[2026-07-25T21:18:11.211] [DEBUG] debug-file - Ark compile task finished.finished time is 195065023901100
[2026-07-25T21:18:11.211] [DEBUG] debug-file - worker[4] has one work done.
[2026-07-25T21:18:11.213] [DEBUG] debug-file - default@CompileArkTS work[2] done.
[2026-07-25T21:18:11.216] [INFO] debug-file - Finished :entry:default@CompileArkTS... after 1 s 379 ms 
[2026-07-25T21:18:11.217] [DEBUG] debug-file - Executing task :entry:default@GeneratePkgModuleJson
[2026-07-25T21:18:11.217] [DEBUG] debug-file - File: 'C:\Users\H1314\Desktop\foodkeeper\Foodkeeper-v1.0\entry\build\default\intermediates\preload\default\preload.json' from 'preloadSoJsonPath' is not exists, just ignore.
[2026-07-25T21:18:11.217] [DEBUG] debug-file - Error occurs while handling @Input 'shouldDeduplicateHar': The "data" argument must be of type string or an instance of Buffer, TypedArray, or DataView. Received undefined
[2026-07-25T21:18:11.218] [DEBUG] debug-file - Task 'entry:default@GeneratePkgModuleJson' cost while wrapping incremental declarations: 1 ms 
[2026-07-25T21:18:11.219] [DEBUG] debug-file - Incremental task entry:default@GeneratePkgModuleJson pre-execution cost: 1 ms .
[2026-07-25T21:18:11.219] [DEBUG] debug-file - entry : default@GeneratePkgModuleJson cost memory 0.1064453125
[2026-07-25T21:18:11.219] [INFO] debug-file - UP-TO-DATE :entry:default@GeneratePkgModuleJson...  
[2026-07-25T21:18:11.220] [DEBUG] debug-file - Executing task :entry:default@ProcessCompiledResources
[2026-07-25T21:18:11.220] [DEBUG] debug-file - File: 'C:\Users\H1314\Desktop\foodkeeper\Foodkeeper-v1.0\entry\build\default\intermediates\preload\default\preload.json' from 'preloadSoJsonPath' is not exists, just ignore.
[2026-07-25T21:18:11.220] [DEBUG] debug-file - Task 'entry:default@ProcessCompiledResources' cost while wrapping incremental declarations: 1 ms 
[2026-07-25T21:18:11.220] [DEBUG] debug-file - entry : default@ProcessCompiledResources cost memory 0.06118011474609375
[2026-07-25T21:18:11.221] [DEBUG] debug-file - runTaskFromQueue task cost before running: 1 s 622 ms 
[2026-07-25T21:18:11.221] [INFO] debug-file - Finished :entry:default@ProcessCompiledResources... after 1 ms 
[2026-07-25T21:18:11.223] [DEBUG] debug-file - Executing task :entry:default@PackageHap
[2026-07-25T21:18:11.229] [DEBUG] debug-file - entry:default@PackageHap is not up-to-date, since the input file 'C:\Users\H1314\Desktop\foodkeeper\Foodkeeper-v1.0\entry\build\default\intermediates\loader_out\default\ets' has been changed.
[2026-07-25T21:18:11.229] [DEBUG] debug-file - Incremental task entry:default@PackageHap pre-execution cost: 6 ms .
[2026-07-25T21:18:11.230] [DEBUG] debug-file - Use tool [D:\Soft\DevEco\devecostudio-windows-6.1.1.290\DevEco Studio\sdk\default\openharmony\toolchains\lib\app_packing_tool.jar]
 [
  'java',
  '-Dfile.encoding=GBK',
  '-jar',
  'D:\\Soft\\DevEco\\devecostudio-windows-6.1.1.290\\DevEco Studio\\sdk\\default\\openharmony\\toolchains\\lib\\app_packing_tool.jar',
  '--mode',
  'hap',
  '--force',
  'true',
  '--lib-path',
  'C:\\Users\\H1314\\Desktop\\foodkeeper\\Foodkeeper-v1.0\\entry\\build\\default\\intermediates\\stripped_native_libs\\default',
  '--json-path',
  'C:\\Users\\H1314\\Desktop\\foodkeeper\\Foodkeeper-v1.0\\entry\\build\\default\\intermediates\\package\\default\\module.json',
  '--resources-path',
  'C:\\Users\\H1314\\Desktop\\foodkeeper\\Foodkeeper-v1.0\\entry\\build\\default\\intermediates\\res\\default\\resources',
  '--index-path',
  'C:\\Users\\H1314\\Desktop\\foodkeeper\\Foodkeeper-v1.0\\entry\\build\\default\\intermediates\\res\\default\\resources.index',
  '--pack-info-path',
  'C:\\Users\\H1314\\Desktop\\foodkeeper\\Foodkeeper-v1.0\\entry\\build\\default\\outputs\\default\\pack.info',
  '--out-path',
  'C:\\Users\\H1314\\Desktop\\foodkeeper\\Foodkeeper-v1.0\\entry\\build\\default\\outputs\\default\\entry-default-unsigned.hap',
  '--ets-path',
  'C:\\Users\\H1314\\Desktop\\foodkeeper\\Foodkeeper-v1.0\\entry\\build\\default\\intermediates\\loader_out\\default\\ets',
  '--pkg-context-path',
  'C:\\Users\\H1314\\Desktop\\foodkeeper\\Foodkeeper-v1.0\\entry\\build\\default\\intermediates\\loader\\default\\pkgContextInfo.json'
]
[2026-07-25T21:18:11.230] [DEBUG] debug-file - default@PackageHap work[3] is submitted.
[2026-07-25T21:18:11.230] [DEBUG] debug-file - default@PackageHap work[3] is pushed to ready queue.
[2026-07-25T21:18:11.230] [DEBUG] debug-file - A work dispatched to worker[15] failed because unable to get work from ready queue.
[2026-07-25T21:18:11.231] [DEBUG] debug-file - Create  resident worker with id: 14.
[2026-07-25T21:18:11.231] [DEBUG] debug-file - default@PackageHap work[3] has been dispatched to worker[14].
[2026-07-25T21:18:11.232] [DEBUG] debug-file - default@PackageHap work[3] is dispatched.
[2026-07-25T21:18:11.235] [DEBUG] debug-file - entry : default@PackageHap cost memory -0.945343017578125
[2026-07-25T21:18:12.680] [DEBUG] debug-file - current process  memoryUsage: {
  rss: 642404352,
  heapTotal: 81559552,
  heapUsed: 55416632,
  external: 2480640,
  arrayBuffers: 238963
} os memoryUsage :19.54114532470703
[2026-07-25T21:18:13.038] [DEBUG] debug-file - worker[14] has one work done.
[2026-07-25T21:18:13.038] [DEBUG] debug-file - default@PackageHap work[3] done.
[2026-07-25T21:18:13.038] [DEBUG] debug-file - A work dispatched to worker[14] failed because unable to get work from ready queue.
[2026-07-25T21:18:13.040] [INFO] debug-file - Finished :entry:default@PackageHap... after 373 ms 
[2026-07-25T21:18:13.041] [DEBUG] debug-file - Executing task :entry:default@PackingCheck
[2026-07-25T21:18:13.045] [DEBUG] debug-file - entry : default@PackingCheck cost memory 0.36261749267578125
[2026-07-25T21:18:13.046] [DEBUG] debug-file - runTaskFromQueue task cost before running: 3 s 447 ms 
[2026-07-25T21:18:13.046] [INFO] debug-file - Finished :entry:default@PackingCheck... after 5 ms 
[2026-07-25T21:18:13.047] [DEBUG] debug-file - Executing task :entry:default@SignHap
[2026-07-25T21:18:13.049] [DEBUG] debug-file - entry:default@SignHap is not up-to-date, since the input file 'C:\Users\H1314\Desktop\foodkeeper\Foodkeeper-v1.0\entry\build\default\outputs\default\entry-default-unsigned.hap' has been changed.
[2026-07-25T21:18:13.050] [DEBUG] debug-file - Incremental task entry:default@SignHap pre-execution cost: 2 ms .
[2026-07-25T21:18:13.095] [DEBUG] debug-file - java daemon socket received message:{"code":0,"message":"verify profile success"}
[2026-07-25T21:18:13.101] [DEBUG] debug-file - java daemon socket close code:1000 reason:close by user
[2026-07-25T21:18:13.240] [DEBUG] debug-file - java daemon socket received message:{"code":0,"message":"sign app success"}
[2026-07-25T21:18:13.241] [DEBUG] debug-file - entry : default@SignHap cost memory -0.8785018920898438
[2026-07-25T21:18:13.241] [DEBUG] debug-file - runTaskFromQueue task cost before running: 3 s 643 ms 
[2026-07-25T21:18:13.242] [INFO] debug-file - Finished :entry:default@SignHap... after 195 ms 
[2026-07-25T21:18:13.244] [DEBUG] debug-file - Executing task :entry:default@CollectDebugSymbol
[2026-07-25T21:18:13.245] [DEBUG] debug-file - entry : default@CollectDebugSymbol cost memory 0.1035308837890625
[2026-07-25T21:18:13.245] [DEBUG] debug-file - runTaskFromQueue task cost before running: 3 s 647 ms 
[2026-07-25T21:18:13.245] [INFO] debug-file - Finished :entry:default@CollectDebugSymbol... after 2 ms 
[2026-07-25T21:18:13.246] [DEBUG] debug-file - Executing task :entry:assembleHap
[2026-07-25T21:18:13.246] [DEBUG] debug-file - entry : assembleHap cost memory 0.0126800537109375
[2026-07-25T21:18:13.246] [DEBUG] debug-file - runTaskFromQueue task cost before running: 3 s 648 ms 
[2026-07-25T21:18:13.246] [INFO] debug-file - Finished :entry:assembleHap... after 1 ms 
[2026-07-25T21:18:13.257] [INFO] debug-file - BUILD SUCCESSFUL in 3 s 659 ms 
[2026-07-25T21:18:13.258] [DEBUG] debug-file - There is no need to refresh cache, since the incremental task entry:default@PreBuild is up-to-date.
[2026-07-25T21:18:13.258] [DEBUG] debug-file - Update task entry:default@CreateModuleInfo output file:C:\Users\H1314\Desktop\foodkeeper\Foodkeeper-v1.0\entry\build\default\generated\profile\default\ModuleInfo.ts cache.
[2026-07-25T21:18:13.258] [DEBUG] debug-file - Incremental task entry:default@CreateModuleInfo post-execution cost:1 ms .
[2026-07-25T21:18:13.258] [DEBUG] debug-file - There is no need to refresh cache, since the incremental task entry:default@GenerateMetadata is up-to-date.
[2026-07-25T21:18:13.259] [DEBUG] debug-file - There is no need to refresh cache, since the incremental task entry:default@MergeProfile is up-to-date.
[2026-07-25T21:18:13.259] [DEBUG] debug-file - There is no need to refresh cache, since the incremental task entry:default@CreateBuildProfile is up-to-date.
[2026-07-25T21:18:13.259] [DEBUG] debug-file - There is no need to refresh cache, since the incremental task entry:default@GeneratePkgContextInfo is up-to-date.
[2026-07-25T21:18:13.259] [DEBUG] debug-file - Update task entry:default@GeneratePkgSdkInfo output file:C:\Users\H1314\Desktop\foodkeeper\Foodkeeper-v1.0\entry\build\default\intermediates\loader\default\pkgSdkInfo.json cache.
[2026-07-25T21:18:13.259] [DEBUG] debug-file - Incremental task entry:default@GeneratePkgSdkInfo post-execution cost:1 ms .
[2026-07-25T21:18:13.259] [DEBUG] debug-file - Update task entry:default@ProcessIntegratedHsp output file:C:\Users\H1314\Desktop\foodkeeper\Foodkeeper-v1.0\build\cache\default\integrated_hsp\integratedHspCache.json cache.
[2026-07-25T21:18:13.260] [DEBUG] debug-file - Incremental task entry:default@ProcessIntegratedHsp post-execution cost:1 ms .
[2026-07-25T21:18:13.260] [DEBUG] debug-file - There is no need to refresh cache, since the incremental task entry:default@MakePackInfo is up-to-date.
[2026-07-25T21:18:13.260] [DEBUG] debug-file - Update task entry:default@SyscapTransform input file:D:\Soft\DevEco\devecostudio-windows-6.1.1.290\DevEco Studio\sdk\default\openharmony\toolchains\syscap_tool.exe cache by regenerate.
[2026-07-25T21:18:13.260] [DEBUG] debug-file - Update task entry:default@SyscapTransform input file:D:\Soft\DevEco\devecostudio-windows-6.1.1.290\DevEco Studio\sdk\default\openharmony\ets\api\device-define cache by regenerate.
[2026-07-25T21:18:13.263] [DEBUG] debug-file - Update task entry:default@SyscapTransform output file:C:\Users\H1314\Desktop\foodkeeper\Foodkeeper-v1.0\entry\build\default\intermediates\syscap\default\rpcid.sc cache.
[2026-07-25T21:18:13.263] [DEBUG] debug-file - Incremental task entry:default@SyscapTransform post-execution cost:4 ms .
[2026-07-25T21:18:13.263] [DEBUG] debug-file - There is no need to refresh cache, since the incremental task entry:default@ProcessProfile is up-to-date.
[2026-07-25T21:18:13.263] [DEBUG] debug-file - There is no need to refresh cache, since the incremental task entry:default@ProcessRouterMap is up-to-date.
[2026-07-25T21:18:13.263] [DEBUG] debug-file - There is no need to refresh cache, since the incremental task entry:default@ProcessShareConfig is up-to-date.
[2026-07-25T21:18:13.264] [DEBUG] debug-file - Update task entry:default@ProcessStartupConfig input file:C:\Users\H1314\Desktop\foodkeeper\Foodkeeper-v1.0\entry\build\default\intermediates\loader\default\pkgContextInfo.json cache by regenerate.
[2026-07-25T21:18:13.264] [DEBUG] debug-file - Update task entry:default@ProcessStartupConfig output file:C:\Users\H1314\Desktop\foodkeeper\Foodkeeper-v1.0\entry\build\default\intermediates\startup\default\startup_config.json cache.
[2026-07-25T21:18:13.264] [DEBUG] debug-file - Incremental task entry:default@ProcessStartupConfig post-execution cost:1 ms .
[2026-07-25T21:18:13.264] [DEBUG] debug-file - There is no need to refresh cache, since the incremental task entry:default@ProcessResource is up-to-date.
[2026-07-25T21:18:13.264] [DEBUG] debug-file - There is no need to refresh cache, since the incremental task entry:default@GenerateLoaderJson is up-to-date.
[2026-07-25T21:18:13.264] [DEBUG] debug-file - There is no need to refresh cache, since the incremental task entry:default@ProcessLibs is up-to-date.
[2026-07-25T21:18:13.264] [DEBUG] debug-file - There is no need to refresh cache, since the incremental task entry:default@CompileResource is up-to-date.
[2026-07-25T21:18:13.265] [DEBUG] debug-file - There is no need to refresh cache, since the incremental task entry:default@DoNativeStrip is up-to-date.
[2026-07-25T21:18:13.267] [DEBUG] debug-file - Update task entry:default@CompileArkTS input file:C:\Users\H1314\Desktop\foodkeeper\Foodkeeper-v1.0\entry\build\default\intermediates\loader\default cache by regenerate.
[2026-07-25T21:18:13.268] [DEBUG] debug-file - Update task entry:default@CompileArkTS input file:C:\Users\H1314\Desktop\foodkeeper\Foodkeeper-v1.0\entry\build\default\intermediates\res\default\resources\rawfile cache by regenerate.
[2026-07-25T21:18:13.269] [DEBUG] debug-file - Update task entry:default@CompileArkTS input file:C:\Users\H1314\Desktop\foodkeeper\Foodkeeper-v1.0\entry\build\default\intermediates\res\default\ResourceTable.txt cache by regenerate.
[2026-07-25T21:18:13.269] [DEBUG] debug-file - Update task entry:default@CompileArkTS input file:C:\Users\H1314\Desktop\foodkeeper\Foodkeeper-v1.0\entry\build\default\intermediates\res\default\ark_module.json cache by regenerate.
[2026-07-25T21:18:13.269] [DEBUG] debug-file - Update task entry:default@CompileArkTS input file:C:\Users\H1314\Desktop\foodkeeper\Foodkeeper-v1.0\entry\build\default\intermediates\res\default\resources\base\profile cache by regenerate.
[2026-07-25T21:18:13.270] [DEBUG] debug-file - Update task entry:default@CompileArkTS input file:C:\Users\H1314\Desktop\foodkeeper\Foodkeeper-v1.0\entry\src\main\ets cache from map.
[2026-07-25T21:18:13.270] [DEBUG] debug-file - Update task entry:default@CompileArkTS input file:C:\Users\H1314\Desktop\foodkeeper\Foodkeeper-v1.0\entry\build\default\intermediates\loader\default\pkgContextInfo.json cache by regenerate.
[2026-07-25T21:18:13.271] [DEBUG] debug-file - Update task entry:default@CompileArkTS input file:C:\Users\H1314\Desktop\foodkeeper\Foodkeeper-v1.0\entry\build\default\generated\profile\default\BuildProfile.ets cache by regenerate.
[2026-07-25T21:18:13.271] [DEBUG] debug-file - Update task entry:default@CompileArkTS input file:C:\Users\H1314\Desktop\foodkeeper\Foodkeeper-v1.0\entry\src\mock\mock-config.json5 cache by regenerate.
[2026-07-25T21:18:13.271] [DEBUG] debug-file - Update task entry:default@CompileArkTS output file:C:\Users\H1314\Desktop\foodkeeper\Foodkeeper-v1.0\entry\build\default\intermediates\loader_out\default\ets cache.
[2026-07-25T21:18:13.272] [DEBUG] debug-file - Incremental task entry:default@CompileArkTS post-execution cost:8 ms .
[2026-07-25T21:18:13.274] [DEBUG] debug-file - Update task entry:default@BuildJS input file:C:\Users\H1314\Desktop\foodkeeper\Foodkeeper-v1.0\entry\build\default\intermediates\loader\default cache by regenerate.
[2026-07-25T21:18:13.275] [DEBUG] debug-file - Update task entry:default@BuildJS input file:C:\Users\H1314\Desktop\foodkeeper\Foodkeeper-v1.0\entry\build\default\intermediates\res\default\resources\rawfile cache by regenerate.
[2026-07-25T21:18:13.275] [DEBUG] debug-file - Update task entry:default@BuildJS input file:C:\Users\H1314\Desktop\foodkeeper\Foodkeeper-v1.0\entry\build\default\intermediates\res\default\ResourceTable.txt cache by regenerate.
[2026-07-25T21:18:13.276] [DEBUG] debug-file - Update task entry:default@BuildJS input file:C:\Users\H1314\Desktop\foodkeeper\Foodkeeper-v1.0\entry\build\default\intermediates\res\default\ark_module.json cache by regenerate.
[2026-07-25T21:18:13.276] [DEBUG] debug-file - Update task entry:default@BuildJS input file:C:\Users\H1314\Desktop\foodkeeper\Foodkeeper-v1.0\entry\build\default\intermediates\res\default\resources\base\profile cache by regenerate.
[2026-07-25T21:18:13.277] [DEBUG] debug-file - Update task entry:default@BuildJS input file:C:\Users\H1314\Desktop\foodkeeper\Foodkeeper-v1.0\entry\build\default\intermediates\loader\default\pkgContextInfo.json cache by regenerate.
[2026-07-25T21:18:13.277] [DEBUG] debug-file - Update task entry:default@BuildJS output file:C:\Users\H1314\Desktop\foodkeeper\Foodkeeper-v1.0\entry\build\default\intermediates\loader_out\default\js cache.
[2026-07-25T21:18:13.277] [DEBUG] debug-file - Incremental task entry:default@BuildJS post-execution cost:5 ms .
[2026-07-25T21:18:13.277] [DEBUG] debug-file - There is no need to refresh cache, since the incremental task entry:default@CacheNativeLibs is up-to-date.
[2026-07-25T21:18:13.277] [DEBUG] debug-file - There is no need to refresh cache, since the incremental task entry:default@GeneratePkgModuleJson is up-to-date.
[2026-07-25T21:18:13.278] [DEBUG] debug-file - Incremental task entry:default@ProcessCompiledResources post-execution cost:1 ms .
[2026-07-25T21:18:13.279] [DEBUG] debug-file - Update task entry:default@PackageHap input file:C:\Users\H1314\Desktop\foodkeeper\Foodkeeper-v1.0\entry\build\default\intermediates\stripped_native_libs\default cache by regenerate.
[2026-07-25T21:18:13.280] [DEBUG] debug-file - Update task entry:default@PackageHap input file:C:\Users\H1314\Desktop\foodkeeper\Foodkeeper-v1.0\entry\build\default\intermediates\res\default\module.json cache by regenerate.
[2026-07-25T21:18:13.280] [DEBUG] debug-file - Update task entry:default@PackageHap input file:C:\Users\H1314\Desktop\foodkeeper\Foodkeeper-v1.0\entry\build\default\intermediates\res\default\resources cache by regenerate.
[2026-07-25T21:18:13.283] [DEBUG] debug-file - Update task entry:default@PackageHap input file:C:\Users\H1314\Desktop\foodkeeper\Foodkeeper-v1.0\entry\build\default\intermediates\res\default\resources.index cache by regenerate.
[2026-07-25T21:18:13.284] [DEBUG] debug-file - Update task entry:default@PackageHap input file:C:\Users\H1314\Desktop\foodkeeper\Foodkeeper-v1.0\entry\build\default\outputs\default\pack.info cache by regenerate.
[2026-07-25T21:18:13.284] [DEBUG] debug-file - Update task entry:default@PackageHap input file:C:\Users\H1314\Desktop\foodkeeper\Foodkeeper-v1.0\entry\build\default\intermediates\loader_out\default\ets cache from map.
[2026-07-25T21:18:13.284] [DEBUG] debug-file - Update task entry:default@PackageHap input file:C:\Users\H1314\Desktop\foodkeeper\Foodkeeper-v1.0\entry\build\default\intermediates\loader\default\pkgContextInfo.json cache by regenerate.
[2026-07-25T21:18:13.284] [DEBUG] debug-file - Update task entry:default@PackageHap input file:C:\Users\H1314\Desktop\foodkeeper\Foodkeeper-v1.0\entry\build\default\intermediates\loader_out\default\ets\sourceMaps.map cache by regenerate.
[2026-07-25T21:18:13.284] [DEBUG] debug-file - Update task entry:default@PackageHap input file:C:\Users\H1314\Desktop\foodkeeper\Foodkeeper-v1.0\entry\build\default\generated\profile\default\BuildProfile.ets cache by regenerate.
[2026-07-25T21:18:13.285] [DEBUG] debug-file - Update task entry:default@PackageHap output file:C:\Users\H1314\Desktop\foodkeeper\Foodkeeper-v1.0\entry\build\default\outputs\default\entry-default-unsigned.hap cache.
[2026-07-25T21:18:13.285] [DEBUG] debug-file - Update task entry:default@PackageHap output file:C:\Users\H1314\Desktop\foodkeeper\Foodkeeper-v1.0\entry\build\default\intermediates\source_map\default\sourceMaps.map cache.
[2026-07-25T21:18:13.285] [DEBUG] debug-file - Update task entry:default@PackageHap output file:C:\Users\H1314\Desktop\foodkeeper\Foodkeeper-v1.0\entry\build\default\outputs\default\mapping\sourceMaps.map cache.
[2026-07-25T21:18:13.286] [DEBUG] debug-file - Incremental task entry:default@PackageHap post-execution cost:9 ms .
[2026-07-25T21:18:13.287] [DEBUG] debug-file - Update task entry:default@SignHap input file:C:\Users\H1314\.ohos\config\default_Foodkeeper_KwM1xmT7eCaoGu1P7v-j5W5OtfbSqbdMeQP9Gmso0uM=.cer cache by regenerate.
[2026-07-25T21:18:13.287] [DEBUG] debug-file - Update task entry:default@SignHap input file:C:\Users\H1314\.ohos\config\default_Foodkeeper_KwM1xmT7eCaoGu1P7v-j5W5OtfbSqbdMeQP9Gmso0uM=.p7b cache by regenerate.
[2026-07-25T21:18:13.287] [DEBUG] debug-file - Update task entry:default@SignHap input file:C:\Users\H1314\.ohos\config\default_Foodkeeper_KwM1xmT7eCaoGu1P7v-j5W5OtfbSqbdMeQP9Gmso0uM=.p12 cache by regenerate.
[2026-07-25T21:18:13.287] [DEBUG] debug-file - Update task entry:default@SignHap input file:C:\Users\H1314\Desktop\foodkeeper\Foodkeeper-v1.0\entry\build\default\outputs\default\entry-default-unsigned.hap cache from map.
[2026-07-25T21:18:13.287] [DEBUG] debug-file - Update task entry:default@SignHap output file:C:\Users\H1314\Desktop\foodkeeper\Foodkeeper-v1.0\entry\build\default\outputs\default\entry-default-signed.hap cache.
[2026-07-25T21:18:13.288] [DEBUG] debug-file - Incremental task entry:default@SignHap post-execution cost:2 ms .
[2026-07-25T21:18:13.288] [DEBUG] debug-file - Update task entry:default@CollectDebugSymbol input file:C:\Users\H1314\Desktop\foodkeeper\Foodkeeper-v1.0\entry\build\default\intermediates\loader_out\default\ets\sourceMaps.map cache by regenerate.
[2026-07-25T21:18:13.289] [DEBUG] debug-file - Update task entry:default@CollectDebugSymbol input file:C:\Users\H1314\Desktop\foodkeeper\Foodkeeper-v1.0\entry\build\default\intermediates\libs\default cache by regenerate.
[2026-07-25T21:18:13.289] [DEBUG] debug-file - Update task entry:default@CollectDebugSymbol output file:C:\Users\H1314\Desktop\foodkeeper\Foodkeeper-v1.0\entry\build\default\outputs\default\symbol cache.
[2026-07-25T21:18:13.289] [DEBUG] debug-file - Incremental task entry:default@CollectDebugSymbol post-execution cost:2 ms .
[2026-07-25T21:18:13.320] [DEBUG] debug-file - Cleanup worker 14.
[2026-07-25T21:18:13.320] [DEBUG] debug-file - Worker 14 has been cleaned up.
[2026-07-25T21:18:13.320] [DEBUG] debug-file - Current idle worker size: 1.
[2026-07-25T21:18:13.320] [DEBUG] debug-file - Current resident worker size: 2.
[2026-07-25T21:18:13.321] [DEBUG] debug-file - hvigor build process will be closed.
[2026-07-25T21:18:13.321] [DEBUG] debug-file - java daemon socket close code:1000 reason:close by user
[2026-07-25T21:18:13.330] [DEBUG] debug-file - session manager: send message to worker process.
[2026-07-25T21:18:13.331] [DEBUG] debug-file - session manager: send message to worker process.
[2026-07-25T21:18:13.331] [DEBUG] debug-file - watch worker: worker id should be larger than 0. Nothing will be sent to any worker thread.
[2026-07-25T21:18:13.332] [DEBUG] debug-file - watch worker: worker id should be larger than 0. Nothing will be sent to any worker thread.
[2026-07-25T21:18:13.335] [DEBUG] debug-file - worker[14] exits with exit code 1.
[2026-07-25T21:32:43.808] [DEBUG] debug-file - env: nodejsVersion=v18.20.1
[2026-07-25T21:32:44.426] [DEBUG] debug-file - Hvigor init with startParameters:{
  hvigorfileTypeCheck: false,
  parallelExecution: true,
  incrementalExecution: true,
  printStackTrace: false,
  daemon: false,
  analyze: 0,
  logLevel: Level { level: 20000, levelStr: 'INFO', colour: 'green' },
  optimizationStrategy: 'memory',
  hotCompile: undefined,
  hotReloadBuild: undefined,
  customizedParam: undefined
}
[2026-07-25T21:32:49.757] [DEBUG] debug-file - hvigorfile, require result:  { default: { system: [Function: appTasks], plugins: [] } }
[2026-07-25T21:32:49.762] [DEBUG] debug-file - Starting plugin build process
[2026-07-25T21:32:49.925] [DEBUG] debug-file - App plugin register hook start...
[2026-07-25T21:32:49.928] [DEBUG] debug-file - Start initialize project's product build option map with build mode debug.
[2026-07-25T21:32:49.935] [DEBUG] debug-file - Obtain build option for product 'default'in this build.
[2026-07-25T21:32:49.955] [DEBUG] debug-file - Start recording SDK configuration permission data.
[2026-07-25T21:32:50.001] [DEBUG] debug-file - Project task initialization takes 11 ms 
[2026-07-25T21:32:50.016] [DEBUG] debug-file - failed to load cangjie to dynamically generate schemas: Error: Cannot find module '@ohos/cangjie-build-support/index'
Require stack:
- D:\Soft\DevEco\devecostudio-windows-6.1.1.290\DevEco Studio\tools\hvigor\hvigor-ohos-plugin\src\plugin\hooks\cangjie-register.js
- D:\Soft\DevEco\devecostudio-windows-6.1.1.290\DevEco Studio\tools\hvigor\hvigor-ohos-plugin\src\plugin\strategy\stage-init-strategy.js
- D:\Soft\DevEco\devecostudio-windows-6.1.1.290\DevEco Studio\tools\hvigor\hvigor-ohos-plugin\src\plugin\builder\abstract-plugin-builder.js
- D:\Soft\DevEco\devecostudio-windows-6.1.1.290\DevEco Studio\tools\hvigor\hvigor-ohos-plugin\src\plugin\builder\app-plugin-builder.js
- D:\Soft\DevEco\devecostudio-windows-6.1.1.290\DevEco Studio\tools\hvigor\hvigor-ohos-plugin\src\plugin\factory\plugin-factory.js
- D:\Soft\DevEco\devecostudio-windows-6.1.1.290\DevEco Studio\tools\hvigor\hvigor-ohos-plugin\index.js
- C:\Users\H1314\Desktop\foodkeeper\Foodkeeper-v1.0\hvigorfile.ts
- D:\Soft\DevEco\devecostudio-windows-6.1.1.290\DevEco Studio\tools\hvigor\hvigor\src\base\internal\lifecycle\configuration.js
- D:\Soft\DevEco\devecostudio-windows-6.1.1.290\DevEco Studio\tools\hvigor\hvigor\src\base\boot\index.js
- D:\Soft\DevEco\devecostudio-windows-6.1.1.290\DevEco Studio\tools\hvigor\hvigor\src\cli\main\cli.js
- D:\Soft\DevEco\devecostudio-windows-6.1.1.290\DevEco Studio\tools\hvigor\hvigor\bin\hvigor.js
[2026-07-25T21:32:50.033] [DEBUG] debug-file - Start initialize module-target build option map, moduleName=entry, buildMode=debug
[2026-07-25T21:32:50.042] [DEBUG] debug-file - project has submodules:entry
[2026-07-25T21:32:50.045] [DEBUG] debug-file - start to load updatedOhPackageInfo to the disk
[2026-07-25T21:32:50.074] [DEBUG] debug-file - Start to initialize dependency information.
[2026-07-25T21:32:50.100] [DEBUG] debug-file - Executing task :entry:default@PreBuild
[2026-07-25T21:32:50.266] [DEBUG] debug-file - Executing task :entry:default@GenerateMetadata
[2026-07-25T21:32:50.280] [DEBUG] debug-file - Executing task :entry:default@CreateBuildProfile
[2026-07-25T21:32:50.291] [DEBUG] debug-file - Executing task :entry:default@GeneratePkgContextInfo
[2026-07-25T21:32:50.320] [DEBUG] debug-file - Executing task :entry:default@ProcessIntegratedHsp
[2026-07-25T21:32:50.287] [DEBUG] debug-file - Executing task :entry:default@PreCheckSyscap
[2026-07-25T21:32:50.323] [DEBUG] debug-file - Executing task :entry:default@BuildNativeWithCmake
[2026-07-25T21:32:50.329] [DEBUG] debug-file - Executing task :entry:default@MakePackInfo
[2026-07-25T21:32:50.357] [DEBUG] debug-file - Executing task :entry:default@ProcessProfile
[2026-07-25T21:32:50.339] [DEBUG] debug-file - Executing task :entry:default@SyscapTransform
[2026-07-25T21:32:50.364] [DEBUG] debug-file - Executing task :entry:default@ProcessRouterMap
[2026-07-25T21:32:50.375] [DEBUG] debug-file - Executing task :entry:default@ProcessShareConfig
[2026-07-25T21:32:50.386] [DEBUG] debug-file - Executing task :entry:default@ProcessStartupConfig
[2026-07-25T21:32:50.394] [DEBUG] debug-file - Executing task :entry:default@BuildNativeWithNinja
[2026-07-25T21:32:50.402] [DEBUG] debug-file - Executing task :entry:default@ProcessResource
[2026-07-25T21:32:50.412] [DEBUG] debug-file - Executing task :entry:default@GenerateLoaderJson
[2026-07-25T21:32:50.444] [DEBUG] debug-file - Executing task :entry:default@ProcessLibs
[2026-07-25T21:32:50.455] [DEBUG] debug-file - Executing task :entry:default@CompileResource
[2026-07-25T21:32:50.512] [DEBUG] debug-file - Executing task :entry:default@CompileArkTS
[2026-07-25T21:32:50.506] [DEBUG] debug-file - Executing task :entry:default@DoNativeStrip
[2026-07-25T21:32:43.811] [DEBUG] debug-file - env: hvigor-config.json5 content = {
  modelVersion: '6.1.1',
  dependencies: {},
  execution: {},
  logging: {},
  debugging: {},
  nodeOptions: {}
}
[2026-07-25T21:32:44.433] [DEBUG] debug-file - Cache service initialization finished in 8 ms 
[2026-07-25T21:32:49.758] [DEBUG] debug-file - hvigorfile, binding system plugins [Function: appTasks]
[2026-07-25T21:32:49.762] [DEBUG] debug-file - App plugin prepare start...
[2026-07-25T21:32:49.925] [DEBUG] debug-file - App plugin register hook end...
[2026-07-25T21:32:49.928] [DEBUG] debug-file - Picking option from product 'default' with build mode 'debug'.
[2026-07-25T21:32:49.943] [DEBUG] debug-file - C:\Users\H1314\Desktop\foodkeeper\Foodkeeper-v1.0\build\cache\default\remote_hsp\remoteHspCache.json not exists.
[2026-07-25T21:32:49.988] [DEBUG] debug-file - Sdk init in 44 ms 
[2026-07-25T21:32:50.001] [DEBUG] debug-file - hvigorfile, begin to bind custom plugins...
[2026-07-25T21:32:50.034] [DEBUG] debug-file - Target 'default' config initialized
[2026-07-25T21:32:50.051] [DEBUG] debug-file - load to the disk finished
[2026-07-25T21:32:50.082] [DEBUG] debug-file - Module entry Collected Dependency: 
[2026-07-25T21:32:50.104] [DEBUG] debug-file - Task 'entry:default@PreBuild' cost while wrapping incremental declarations: 1 ms 
[2026-07-25T21:32:50.266] [DEBUG] debug-file - Task 'entry:default@GenerateMetadata' cost while wrapping incremental declarations: 1 ms 
[2026-07-25T21:32:50.281] [DEBUG] debug-file - Task 'entry:default@CreateBuildProfile' cost while wrapping incremental declarations: 1 ms 
[2026-07-25T21:32:50.300] [DEBUG] debug-file - Task 'entry:default@GeneratePkgContextInfo' cost while wrapping incremental declarations: 1 ms 
[2026-07-25T21:32:50.320] [DEBUG] debug-file - entry:default@ProcessIntegratedHsp is not up-to-date, since the output file 'C:\Users\H1314\Desktop\foodkeeper\Foodkeeper-v1.0\build\cache\default\integrated_hsp\integratedHspCache.json' does not exist.
[2026-07-25T21:32:50.287] [DEBUG] debug-file - entry : default@PreCheckSyscap cost memory 0.01338958740234375
[2026-07-25T21:32:50.323] [DEBUG] debug-file - entry : default@BuildNativeWithCmake cost memory 0.013702392578125
[2026-07-25T21:32:50.335] [DEBUG] debug-file - Incremental task entry:default@MakePackInfo pre-execution cost: 6 ms .
[2026-07-25T21:32:50.358] [DEBUG] debug-file - Task 'entry:default@ProcessProfile' cost while wrapping incremental declarations: 1 ms 
[2026-07-25T21:32:50.339] [DEBUG] debug-file - File: 'C:\Users\H1314\Desktop\foodkeeper\Foodkeeper-v1.0\entry\src\main\syscap.json' from 'sysCapJsonPath' is not exists, just ignore.
[2026-07-25T21:32:50.371] [DEBUG] debug-file - Incremental task entry:default@ProcessRouterMap pre-execution cost: 6 ms .
[2026-07-25T21:32:50.382] [DEBUG] debug-file - Incremental task entry:default@ProcessShareConfig pre-execution cost: 6 ms .
[2026-07-25T21:32:50.387] [DEBUG] debug-file - Task 'entry:default@ProcessStartupConfig' cost while wrapping incremental declarations: 1 ms 
[2026-07-25T21:32:50.395] [DEBUG] debug-file - entry : default@BuildNativeWithNinja cost memory 0.02080535888671875
[2026-07-25T21:32:50.402] [DEBUG] debug-file - Task 'entry:default@ProcessResource' cost while wrapping incremental declarations: 1 ms 
[2026-07-25T21:32:50.414] [DEBUG] debug-file - Task 'entry:default@GenerateLoaderJson' cost while wrapping incremental declarations: 1 ms 
[2026-07-25T21:32:50.449] [DEBUG] debug-file - Incremental task entry:default@ProcessLibs pre-execution cost: 5 ms .
[2026-07-25T21:32:50.501] [DEBUG] debug-file - Incremental task entry:default@CompileResource pre-execution cost: 45 ms .
[2026-07-25T21:32:50.513] [DEBUG] debug-file - obfuscationOptions: undefined
[2026-07-25T21:32:50.506] [DEBUG] debug-file - File: 'C:\Users\H1314\Desktop\foodkeeper\Foodkeeper-v1.0\entry\build\default\intermediates\binxo\default' from 'doBinxoNativeLibs' is not exists, just ignore.
[2026-07-25T21:32:43.812] [DEBUG] debug-file - env: daemon=false
[2026-07-25T21:32:44.434] [DEBUG] debug-file - hvigorfile, resolving C:\Users\H1314\Desktop\foodkeeper\Foodkeeper-v1.0\hvigorfile.ts
[2026-07-25T21:32:49.762] [DEBUG] debug-file - App plugin prepare end...
[2026-07-25T21:32:49.925] [DEBUG] debug-file - Plugin build process completed
[2026-07-25T21:32:49.928] [DEBUG] debug-file - Product 'default' build option initialized
[2026-07-25T21:32:49.945] [DEBUG] debug-file - Local scan or download HarmonyOS sdk components toolchains,ets,js,native,previewer
[2026-07-25T21:32:50.001] [DEBUG] debug-file - hvigorfile, no custom plugins were found in C:\Users\H1314\Desktop\foodkeeper\Foodkeeper-v1.0\hvigorfile.ts
[2026-07-25T21:32:50.034] [DEBUG] debug-file - Target 'ohosTest' config initialized
[2026-07-25T21:32:50.053] [DEBUG] debug-file - Start to initialize dependency information.
[2026-07-25T21:32:50.082] [DEBUG] debug-file - Module entry's total dependency: 0
[2026-07-25T21:32:50.126] [DEBUG] debug-file - entry:default@PreBuild is not up-to-date, since the task snapshots are different.
[2026-07-25T21:32:50.269] [DEBUG] debug-file - Incremental task entry:default@GenerateMetadata pre-execution cost: 3 ms .
[2026-07-25T21:32:50.284] [DEBUG] debug-file - Incremental task entry:default@CreateBuildProfile pre-execution cost: 3 ms .
[2026-07-25T21:32:50.302] [DEBUG] debug-file - Incremental task entry:default@GeneratePkgContextInfo pre-execution cost: 2 ms .
[2026-07-25T21:32:50.320] [DEBUG] debug-file - Incremental task entry:default@ProcessIntegratedHsp pre-execution cost: 1 ms .
[2026-07-25T21:32:50.287] [DEBUG] debug-file - runTaskFromQueue task cost before running: 5 s 876 ms 
[2026-07-25T21:32:50.323] [DEBUG] debug-file - runTaskFromQueue task cost before running: 5 s 912 ms 
[2026-07-25T21:32:50.335] [DEBUG] debug-file - entry : default@MakePackInfo cost memory 0.14073944091796875
[2026-07-25T21:32:50.360] [DEBUG] debug-file - Incremental task entry:default@ProcessProfile pre-execution cost: 2 ms .
[2026-07-25T21:32:50.340] [DEBUG] debug-file - Task 'entry:default@SyscapTransform' cost while wrapping incremental declarations: 2 ms 
[2026-07-25T21:32:50.371] [DEBUG] debug-file - entry : default@ProcessRouterMap cost memory 0.17630767822265625
[2026-07-25T21:32:50.382] [DEBUG] debug-file - entry : default@ProcessShareConfig cost memory 0.14972686767578125
[2026-07-25T21:32:50.389] [DEBUG] debug-file - entry:default@ProcessStartupConfig is not up-to-date, since the output file 'C:\Users\H1314\Desktop\foodkeeper\Foodkeeper-v1.0\entry\build\default\intermediates\startup\default\startup_config.json' does not exist.
[2026-07-25T21:32:50.395] [DEBUG] debug-file - runTaskFromQueue task cost before running: 5 s 983 ms 
[2026-07-25T21:32:50.405] [DEBUG] debug-file - Incremental task entry:default@ProcessResource pre-execution cost: 3 ms .
[2026-07-25T21:32:50.434] [DEBUG] debug-file - Incremental task entry:default@GenerateLoaderJson pre-execution cost: 13 ms .
[2026-07-25T21:32:50.449] [DEBUG] debug-file - entry : default@ProcessLibs cost memory 0.10997772216796875
[2026-07-25T21:32:50.502] [DEBUG] debug-file - entry : default@CompileResource cost memory 0.7890548706054688
[2026-07-25T21:32:50.515] [DEBUG] debug-file - Task 'entry:default@CompileArkTS' cost while wrapping incremental declarations: 1 ms 
[2026-07-25T21:32:50.507] [DEBUG] debug-file - Task 'entry:default@DoNativeStrip' cost while wrapping incremental declarations: 1 ms 
[2026-07-25T21:32:43.812] [DEBUG] debug-file - no-daemon, use the parent process.execArgv --max-old-space-size=8192,--max-semi-space-size=16,--expose-gc
[2026-07-25T21:32:49.762] [DEBUG] debug-file - App plugin creating...
[2026-07-25T21:32:49.928] [DEBUG] debug-file - End initialize project's product build option map with build mode 'debug'.
[2026-07-25T21:32:49.949] [DEBUG] debug-file - Local scan or download hmscore sdk components toolchains,ets,native
[2026-07-25T21:32:50.001] [DEBUG] debug-file - hvigorfile, resolve finished C:\Users\H1314\Desktop\foodkeeper\Foodkeeper-v1.0\hvigorfile.ts
[2026-07-25T21:32:50.034] [DEBUG] debug-file - Module 'entry' target 'default' build option initialized
[2026-07-25T21:32:50.071] [DEBUG] debug-file - Module Foodkeeper-v1.0 Collected Dependency: 
[2026-07-25T21:32:50.086] [DEBUG] debug-file - Configuration phase cost:5 s 653 ms 
[2026-07-25T21:32:50.126] [DEBUG] debug-file - Incremental task entry:default@PreBuild pre-execution cost: 15 ms .
[2026-07-25T21:32:50.269] [DEBUG] debug-file - entry : default@GenerateMetadata cost memory 0.08817291259765625
[2026-07-25T21:32:50.284] [DEBUG] debug-file - entry : default@CreateBuildProfile cost memory 0.10829925537109375
[2026-07-25T21:32:50.302] [DEBUG] debug-file - entry : default@GeneratePkgContextInfo cost memory 0.485260009765625
[2026-07-25T21:32:50.320] [DEBUG] debug-file - entry : default@ProcessIntegratedHsp cost memory 0.04949188232421875
[2026-07-25T21:32:50.287] [INFO] debug-file - Finished :entry:default@PreCheckSyscap... after 1 ms 
[2026-07-25T21:32:50.323] [INFO] debug-file - Finished :entry:default@BuildNativeWithCmake... after 1 ms 
[2026-07-25T21:32:50.336] [INFO] debug-file - UP-TO-DATE :entry:default@MakePackInfo...  
[2026-07-25T21:32:50.361] [DEBUG] debug-file - entry : default@ProcessProfile cost memory 0.13899993896484375
[2026-07-25T21:32:50.352] [DEBUG] debug-file - entry:default@SyscapTransform is not up-to-date, since the output file 'C:\Users\H1314\Desktop\foodkeeper\Foodkeeper-v1.0\entry\build\default\intermediates\syscap\default\rpcid.sc' does not exist.
[2026-07-25T21:32:50.372] [INFO] debug-file - UP-TO-DATE :entry:default@ProcessRouterMap...  
[2026-07-25T21:32:50.383] [INFO] debug-file - UP-TO-DATE :entry:default@ProcessShareConfig...  
[2026-07-25T21:32:50.389] [DEBUG] debug-file - Incremental task entry:default@ProcessStartupConfig pre-execution cost: 2 ms .
[2026-07-25T21:32:50.395] [INFO] debug-file - Finished :entry:default@BuildNativeWithNinja... after 1 ms 
[2026-07-25T21:32:50.405] [DEBUG] debug-file - entry : default@ProcessResource cost memory 0.201263427734375
[2026-07-25T21:32:50.435] [DEBUG] debug-file - entry : default@GenerateLoaderJson cost memory 0.596343994140625
[2026-07-25T21:32:50.451] [INFO] debug-file - UP-TO-DATE :entry:default@ProcessLibs...  
[2026-07-25T21:32:50.504] [INFO] debug-file - UP-TO-DATE :entry:default@CompileResource...  
[2026-07-25T21:32:50.546] [DEBUG] debug-file - entry:default@CompileArkTS is not up-to-date, since the input file 'C:\Users\H1314\Desktop\foodkeeper\Foodkeeper-v1.0\entry\src\main\ets' has been changed.
[2026-07-25T21:32:50.509] [DEBUG] debug-file - Incremental task entry:default@DoNativeStrip pre-execution cost: 2 ms .
[2026-07-25T21:32:50.002] [DEBUG] debug-file - hvigorfile, resolving C:\Users\H1314\Desktop\foodkeeper\Foodkeeper-v1.0\entry\hvigorfile.ts
[2026-07-25T21:32:50.034] [DEBUG] debug-file - Module 'entry' target 'ohosTest' build option initialized
[2026-07-25T21:32:50.071] [DEBUG] debug-file - Module Foodkeeper-v1.0's total dependency: 0
[2026-07-25T21:32:50.087] [DEBUG] debug-file - Configuration task cost before running: 5 s 676 ms 
[2026-07-25T21:32:50.247] [DEBUG] debug-file - current product is not Atomic service.
[2026-07-25T21:32:50.269] [INFO] debug-file - UP-TO-DATE :entry:default@GenerateMetadata...  
[2026-07-25T21:32:50.284] [INFO] debug-file - UP-TO-DATE :entry:default@CreateBuildProfile...  
[2026-07-25T21:32:50.302] [INFO] debug-file - UP-TO-DATE :entry:default@GeneratePkgContextInfo...  
[2026-07-25T21:32:50.320] [DEBUG] debug-file - runTaskFromQueue task cost before running: 5 s 909 ms 
[2026-07-25T21:32:50.361] [INFO] debug-file - UP-TO-DATE :entry:default@ProcessProfile...  
[2026-07-25T21:32:50.352] [DEBUG] debug-file - Incremental task entry:default@SyscapTransform pre-execution cost: 13 ms .
[2026-07-25T21:32:50.391] [DEBUG] debug-file - entry : default@ProcessStartupConfig cost memory 0.14200592041015625
[2026-07-25T21:32:50.397] [DEBUG] debug-file - restool module names: entry; moduleName=entry, taskName=default@ProcessResource
[2026-07-25T21:32:50.408] [INFO] debug-file - UP-TO-DATE :entry:default@ProcessResource...  
[2026-07-25T21:32:50.441] [INFO] debug-file - UP-TO-DATE :entry:default@GenerateLoaderJson...  
[2026-07-25T21:32:50.453] [DEBUG] debug-file - restool module names: entry; moduleName=entry, taskName=default@CompileResource
[2026-07-25T21:32:50.546] [DEBUG] debug-file - Incremental task entry:default@CompileArkTS pre-execution cost: 27 ms .
[2026-07-25T21:32:50.509] [DEBUG] debug-file - entry : default@DoNativeStrip cost memory 0.08737945556640625
[2026-07-25T21:32:50.010] [DEBUG] debug-file - hvigorfile, require result:  { default: { system: [Function: hapTasks], plugins: [] } }
[2026-07-25T21:32:50.034] [DEBUG] debug-file - End initialize module-target build option map, moduleName=entry
[2026-07-25T21:32:50.248] [DEBUG] debug-file - Use tool [win32: JAVA_HOME, CLASSPATH]
 [ { JAVA_HOME: 'D:\\3_JAVA\\JDK\\jdk17' }, { CLASSPATH: undefined } ]
[2026-07-25T21:32:50.271] [DEBUG] debug-file - Executing task :entry:default@ConfigureCmake
[2026-07-25T21:32:50.304] [DEBUG] debug-file - Executing task :entry:default@GeneratePkgSdkInfo
[2026-07-25T21:32:50.320] [INFO] debug-file - Finished :entry:default@ProcessIntegratedHsp... after 1 ms 
[2026-07-25T21:32:50.353] [DEBUG] debug-file - entry : default@SyscapTransform cost memory 0.1455841064453125
[2026-07-25T21:32:50.391] [DEBUG] debug-file - runTaskFromQueue task cost before running: 5 s 979 ms 
[2026-07-25T21:32:50.578] [DEBUG] debug-file - build config:
[2026-07-25T21:32:50.509] [INFO] debug-file - UP-TO-DATE :entry:default@DoNativeStrip...  
[2026-07-25T21:32:50.010] [DEBUG] debug-file - hvigorfile, binding system plugins [Function: hapTasks]
[2026-07-25T21:32:50.034] [DEBUG] debug-file - Start initialize module-target build option map, moduleName=entry, buildMode=release
[2026-07-25T21:32:50.248] [DEBUG] debug-file - Use tool [win32: NODE_HOME]
 [ { NODE_HOME: undefined } ]
[2026-07-25T21:32:50.271] [DEBUG] debug-file - entry : default@ConfigureCmake cost memory 0.01197052001953125
[2026-07-25T21:32:50.310] [DEBUG] debug-file - Task 'entry:default@GeneratePkgSdkInfo' cost while wrapping incremental declarations: 1 ms 
[2026-07-25T21:32:50.353] [DEBUG] debug-file - runTaskFromQueue task cost before running: 5 s 941 ms 
[2026-07-25T21:32:50.391] [INFO] debug-file - Finished :entry:default@ProcessStartupConfig... after 5 ms 
[2026-07-25T21:32:50.578] [DEBUG] debug-file - {
  moduleType: 'entry',
  perf: 0,
  targetName: '.default',
  packageManagerType: 'ohpm',
  localPropertiesPath: 'C:\\Users\\H1314\\Desktop\\foodkeeper\\Foodkeeper-v1.0\\local.properties',
  isPreview: false,
  isOhosTest: false,
  isLocalTest: false,
  buildMode: 'Debug',
  hotReloadBuild: undefined,
  watchMode: 'false',
  aceProfilePath: 'C:\\Users\\H1314\\Desktop\\foodkeeper\\Foodkeeper-v1.0\\entry\\build\\default\\intermediates\\res\\default\\resources\\base\\profile',
  etsLoaderPath: 'D:\\Soft\\DevEco\\devecostudio-windows-6.1.1.290\\DevEco Studio\\sdk\\default\\openharmony\\ets\\build-tools\\ets-loader',
  modulePath: 'C:\\Users\\H1314\\Desktop\\foodkeeper\\Foodkeeper-v1.0\\entry',
  testFrameworkPar: {
    testMode: undefined,
    coveragePathFilter: undefined,
    coverageMode: undefined
  },
  needCoverageInsert: false,
  debugLine: false,
  projectTopDir: 'C:\\Users\\H1314\\Desktop\\foodkeeper\\Foodkeeper-v1.0',
  compileSdkVersion: 24,
  compatibleSdkVersion: 20,
  originCompatibleSdkVersion: '6.0.0(20)',
  compatibleSdkVersionStage: undefined,
  bundleName: 'c***r',
  etsLoaderVersion: '6.1.1.125',
  etsLoaderReleaseType: 'Release',
  aotCompileMode: 'type',
  apPath: 'C:\\Users\\H1314\\Desktop\\foodkeeper\\Foodkeeper-v1.0\\entry\\modules.ap',
  entryModuleName: 'entry',
  entryModuleVersion: '1.0.0',
  entryPackageName: 'entry',
  allModuleNameHash: '5a8e40311c990954e1242db61f4ac16a53f6772c738d7b9e71c868f46c672df2',
  externalApiPaths: [
    'D:\\Soft\\DevEco\\devecostudio-windows-6.1.1.290\\DevEco Studio\\sdk\\default\\hms\\ets'
  ],
  compilerTypes: [],
  isCrossplatform: false,
  hvigorPluginFile: undefined,
  compilePluginPath: undefined,
  buildGeneratedProfilePath: 'C:\\Users\\H1314\\Desktop\\foodkeeper\\Foodkeeper-v1.0\\entry\\build\\default\\generated\\profile\\default',
  bundleType: 'app',
  arkTSVersion: undefined,
  apiVersion: 24,
  needCompleteSourcesMap: false,
  isFaMode: false,
  buildDir: 'C:\\Users\\H1314\\Desktop\\foodkeeper\\Foodkeeper-v1.0\\entry\\build',
  deviceTypes: [ 'phone' ],
  pkgContextInfo: {
    '@ohos/hypium': {
      packageName: '@ohos/hypium',
      bundleName: '*****',
      moduleName: '',
      version: '1.0.21',
      entryPath: 'index.js',
      isSO: false,
      dependencyAlias: ''
    },
    '@ohos/hamock': {
      packageName: '@ohos/hamock',
      bundleName: '*****',
      moduleName: '',
      version: '1.0.0',
      entryPath: 'index.ets',
      isSO: false,
      dependencyAlias: ''
    },
    entry: {
      packageName: 'entry',
      bundleName: '*****',
      moduleName: '',
      version: '',
      entryPath: 'src/main/',
      isSO: false,
      dependencyAlias: ''
    }
  },
  ohPackagePathMap: {},
  dependencyAliasMap: {},
  permission: { requestPermissions: undefined, definePermissions: undefined },
  useGetCurrentBundleName: false,
  projectArkOption: undefined,
  sourceMapDir: undefined,
  branchElimination: false,
  transformLib: undefined,
  tsImportSendable: false,
  resolveConflictMode: true,
  depName2RootPath: {},
  depName2DepInfo: {},
  depName2OhExports: {},
  rootPathSet: [ 'C:\\Users\\H1314\\Desktop\\foodkeeper\\Foodkeeper-v1.0' ],
  useNativeResolver: true,
  shouldEmitJs: true,
  useTscResolve: false,
  singleFileEmit: false,
  userProjectConfig: {
    autoLazyImport: false,
    allowEmptyBundleName: false,
    reExportCheckMode: 'noCheck',
    executionMode: 'memory',
    usePathPlaceholder: false,
    writeRollupCache: true,
    isExpandImportEnabled: false,
    expandImportExclude: '',
    lazyImportExclude: '',
    lazyImportInclude: '',
    ignoreCrossplatformCheck: false,
    isHarDeduplicateEnabled: false,
    skipOhModulesLint: false,
    enableStrictCheckOHModule: false,
    disableSendableCheckRules: [],
    useDeclarationFileSignature: false,
    customizedOptions: undefined,
    integratedHsp: false,
    isPreloadSoEnabled: false
  },
  executionMode: 'memory',
  arkCompileCachePath: 'C:\\Users\\H1314\\Desktop\\foodkeeper\\Foodkeeper-v1.0\\entry\\build\\default\\cache\\default\\default@CompileArkTS\\esmodule',
  autoLazyFilter: undefined,
  isHarDeduplicateEnabled: false,
  intermediateHarDuplicateDirPath: 'C:\\Users\\H1314\\Desktop\\foodkeeper\\Foodkeeper-v1.0\\entry\\build\\default\\intermediates\\har_duplicate\\default',
  autoLazyImport: false,
  allowEmptyBundleName: false,
  reExportCheckMode: 'noCheck',
  usePathPlaceholder: false,
  writeRollupCache: true,
  isExpandImportEnabled: false,
  expandImportExclude: '',
  lazyImportExclude: '',
  lazyImportInclude: '',
  ignoreCrossplatformCheck: false,
  skipOhModulesLint: false,
  enableStrictCheckOHModule: false,
  disableSendableCheckRules: [],
  useDeclarationFileSignature: false,
  customizedOptions: undefined,
  integratedHsp: false,
  isPreloadSoEnabled: false,
  strictMode: {
    caseSensitiveCheck: true,
    useNormalizedOHMUrl: true,
    noExternalImportByPath: true
  },
  useNormalizedOHMUrl: true,
  caseSensitiveCheck: true,
  strictCheckerOnly: false,
  aceModuleJsonPath: 'C:\\Users\\H1314\\Desktop\\foodkeeper\\Foodkeeper-v1.0\\entry\\build\\default\\intermediates\\res\\default\\ark_module.json',
  appResource: 'C:\\Users\\H1314\\Desktop\\foodkeeper\\Foodkeeper-v1.0\\entry\\build\\default\\intermediates\\res\\default\\ResourceTable.txt',
  rawFileResource: 'C:\\Users\\H1314\\Desktop\\foodkeeper\\Foodkeeper-v1.0\\entry\\build\\default\\intermediates\\res\\default\\resources\\rawfile',
  resourceTableHash: 'd81a83941c07883d4327563ba2cfe0ac7f68042912820a1577b99d29cbd144cc',
  runtimeOS: 'HarmonyOS',
  sdkInfo: 'false:24:6.1.1.125:Release',
  aceModuleRoot: 'C:\\Users\\H1314\\Desktop\\foodkeeper\\Foodkeeper-v1.0\\entry\\src\\main\\ets',
  compileMode: 'esmodule',
  aceSuperVisualPath: 'C:\\Users\\H1314\\Desktop\\foodkeeper\\Foodkeeper-v1.0\\entry\\src\\main\\supervisual',
  aceBuildJson: 'C:\\Users\\H1314\\Desktop\\foodkeeper\\Foodkeeper-v1.0\\entry\\build\\default\\intermediates\\loader\\default\\loader.json',
  cachePath: 'C:\\Users\\H1314\\Desktop\\foodkeeper\\Foodkeeper-v1.0\\entry\\build\\default\\cache\\default\\default@CompileArkTS\\esmodule\\debug',
  aceModuleBuild: 'C:\\Users\\H1314\\Desktop\\foodkeeper\\Foodkeeper-v1.0\\entry\\build\\default\\intermediates\\loader_out\\default\\ets',
  supportChunks: true,
  declaredFilesPath: undefined,
  shouldCollectDirectImportees: false,
  isByteCodeHarOptimize: false,
  expandImportPath: undefined,
  resourceTableTs: 'C:\\Users\\H1314\\Desktop\\foodkeeper\\Foodkeeper-v1.0\\entry\\build\\default\\generated\\r\\default\\ResourceTable.ts',
  moduleMetaInfoFiles: [
    {
      filePath: 'C:\\Users\\H1314\\Desktop\\foodkeeper\\Foodkeeper-v1.0\\entry\\build\\default\\generated\\r\\default\\ResourceTable.ts',
      ohmurl: '&entry/build/generated/r/ResourceTable&'
    }
  ],
  pkgNameToPkgBriefInfo: {
    entry: {
      pkgRoot: 'C:\\Users\\H1314\\Desktop\\foodkeeper\\Foodkeeper-v1.0\\entry',
      originalSourceRoots: undefined,
      sourceRoots: [Array],
      pkgName: 'entry'
    }
  },
  projectModel: {
    'C:\\Users\\H1314\\Desktop\\foodkeeper\\Foodkeeper-v1.0\\entry\\src\\main': {
      moduleName: 'entry',
      modulePkgPath: 'C:\\Users\\H1314\\Desktop\\foodkeeper\\Foodkeeper-v1.0\\entry',
      belongProjectPath: 'C:\\Users\\H1314\\Desktop\\foodkeeper\\Foodkeeper-v1.0'
    },
    'C:\\Users\\H1314\\Desktop\\foodkeeper\\Foodkeeper-v1.0\\entry\\.test\\default\\intermediates\\src\\ohosTest\\ets': {
      moduleName: 'entry_test',
      modulePkgPath: 'C:\\Users\\H1314\\Desktop\\foodkeeper\\Foodkeeper-v1.0\\entry',
      belongProjectPath: 'C:\\Users\\H1314\\Desktop\\foodkeeper\\Foodkeeper-v1.0'
    },
    'C:\\Users\\H1314\\Desktop\\foodkeeper\\Foodkeeper-v1.0\\entry\\src\\ohosTest': {
      moduleName: 'entry_test',
      modulePkgPath: 'C:\\Users\\H1314\\Desktop\\foodkeeper\\Foodkeeper-v1.0\\entry',
      belongProjectPath: 'C:\\Users\\H1314\\Desktop\\foodkeeper\\Foodkeeper-v1.0'
    },
    'C:\\Users\\H1314\\Desktop\\foodkeeper\\Foodkeeper-v1.0\\entry': {
      moduleName: 'entry',
      modulePkgPath: 'C:\\Users\\H1314\\Desktop\\foodkeeper\\Foodkeeper-v1.0\\entry',
      belongProjectPath: 'C:\\Users\\H1314\\Desktop\\foodkeeper\\Foodkeeper-v1.0'
    },
    'C:\\Users\\H1314\\Desktop\\foodkeeper\\Foodkeeper-v1.0': {
      moduleName: 'Foodkeeper-v1.0',
      modulePkgPath: 'C:\\Users\\H1314\\Desktop\\foodkeeper\\Foodkeeper-v1.0',
      belongProjectPath: 'C:\\Users\\H1314\\Desktop\\foodkeeper\\Foodkeeper-v1.0'
    }
  },
  pkgJsonFileHash: '7c73f54ab7f6179c8b46a9f252100c68cf10ae6dd80f95f858f353cadb446f0e',
  allModulePaths: [ 'C:\\Users\\H1314\\Desktop\\foodkeeper\\Foodkeeper-v1.0\\entry' ],
  routerMap: {},
  obfuscationOptions: undefined,
  byteCodeHarToDependencyKeys: undefined,
  compileBlockPkg: [],
  mockParams: {
    decorator: '@MockSetup',
    packageName: '@ohos/hamock',
    etsSourceRootPath: 'src/main/ets',
    mockConfigPath: 'C:\\Users\\H1314\\Desktop\\foodkeeper\\Foodkeeper-v1.0\\entry\\src\\mock\\mock-config.json5',
    mockConfigKey2ModuleInfo: {},
    source2ModuleIdMap: {}
  },
  copyCodeResourceEnable: false,
  copyCodeResourceExcludes: [],
  copyCodeResourceIncludes: undefined,
  uiTransformOptimization: false,
  sdkPath: 'D:/Soft/DevEco/devecostudio-windows-6.1.1.290/DevEco Studio/sdk',
  needPreloadSoFileSet: {},
  preloadSoFilePath: 'C:\\Users\\H1314\\Desktop\\foodkeeper\\Foodkeeper-v1.0\\entry\\build\\default\\intermediates\\preload\\default\\preload.json',
  useSourceHash: false,
  localModuleParamMap: {},
  otherPaths: {
    'entry/*': [
      '..\\*',
      '..\\..\\..\\build\\default\\generated\\profile\\default\\*'
    ]
  },
  collectImportersConfig: undefined
}
[2026-07-25T21:32:50.010] [DEBUG] debug-file - Starting plugin build process
[2026-07-25T21:32:50.034] [DEBUG] debug-file - Target 'default' config initialized
[2026-07-25T21:32:50.249] [DEBUG] debug-file - entry : default@PreBuild cost memory 11.012542724609375
[2026-07-25T21:32:50.271] [DEBUG] debug-file - runTaskFromQueue task cost before running: 5 s 859 ms 
[2026-07-25T21:32:50.310] [DEBUG] debug-file - entry : default@GeneratePkgSdkInfo cost memory 0.13890838623046875
[2026-07-25T21:32:50.353] [INFO] debug-file - Finished :entry:default@SyscapTransform... after 15 ms 
[2026-07-25T21:32:50.579] [DEBUG] debug-file - Compile arkts with external api path: D:\Soft\DevEco\devecostudio-windows-6.1.1.290\DevEco Studio\sdk\default\hms\ets
[2026-07-25T21:32:50.010] [DEBUG] debug-file - Hap plugin creating...
[2026-07-25T21:32:50.035] [DEBUG] debug-file - Target 'ohosTest' config initialized
[2026-07-25T21:32:50.249] [DEBUG] debug-file - runTaskFromQueue task cost before running: 5 s 837 ms 
[2026-07-25T21:32:50.271] [INFO] debug-file - Finished :entry:default@ConfigureCmake... after 1 ms 
[2026-07-25T21:32:50.310] [DEBUG] debug-file - runTaskFromQueue task cost before running: 5 s 899 ms 
[2026-07-25T21:32:50.581] [DEBUG] debug-file - Since there is no instance or instance is terminated, create a new worker pool.
[2026-07-25T21:32:50.035] [DEBUG] debug-file - Module 'entry' target 'default' build option initialized
[2026-07-25T21:32:50.255] [INFO] debug-file - Finished :entry:default@PreBuild... after 149 ms 
[2026-07-25T21:32:50.273] [DEBUG] debug-file - Executing task :entry:default@MergeProfile
[2026-07-25T21:32:50.311] [INFO] debug-file - Finished :entry:default@GeneratePkgSdkInfo... after 7 ms 
[2026-07-25T21:32:50.581] [DEBUG] debug-file - Worker pool is initialized with config:  {
  minPoolNum: 2,
  maxPoolNum: undefined,
  maxCoreSize: undefined,
  cacheCapacity: undefined,
  cacheTtl: undefined
}
[2026-07-25T21:32:50.035] [DEBUG] debug-file - Module 'entry' target 'ohosTest' build option initialized
[2026-07-25T21:32:50.257] [DEBUG] debug-file - Executing task :entry:default@CreateModuleInfo
[2026-07-25T21:32:50.273] [DEBUG] debug-file - Task 'entry:default@MergeProfile' cost while wrapping incremental declarations: 1 ms 
[2026-07-25T21:32:50.035] [DEBUG] debug-file - End initialize module-target build option map, moduleName=entry
[2026-07-25T21:32:50.257] [DEBUG] debug-file - Task 'entry:default@CreateModuleInfo' cost while wrapping incremental declarations: 1 ms 
[2026-07-25T21:32:50.277] [DEBUG] debug-file - Incremental task entry:default@MergeProfile pre-execution cost: 4 ms .
[2026-07-25T21:32:50.035] [DEBUG] debug-file - Start initialize module-target build option map, moduleName=entry, buildMode=debug
[2026-07-25T21:32:50.257] [DEBUG] debug-file - entry : default@CreateModuleInfo cost memory 0.03765106201171875
[2026-07-25T21:32:50.277] [DEBUG] debug-file - entry : default@MergeProfile cost memory 0.12879180908203125
[2026-07-25T21:32:50.035] [DEBUG] debug-file - Target 'default' config initialized
[2026-07-25T21:32:50.257] [DEBUG] debug-file - runTaskFromQueue task cost before running: 5 s 846 ms 
[2026-07-25T21:32:50.277] [INFO] debug-file - UP-TO-DATE :entry:default@MergeProfile...  
[2026-07-25T21:32:50.035] [DEBUG] debug-file - Target 'ohosTest' config initialized
[2026-07-25T21:32:50.257] [INFO] debug-file - Finished :entry:default@CreateModuleInfo... after 1 ms 
[2026-07-25T21:32:50.035] [DEBUG] debug-file - Module 'entry' target 'default' build option initialized
[2026-07-25T21:32:50.035] [DEBUG] debug-file - Module 'entry' target 'ohosTest' build option initialized
[2026-07-25T21:32:50.035] [DEBUG] debug-file - End initialize module-target build option map, moduleName=entry
[2026-07-25T21:32:50.036] [DEBUG] debug-file - Obtain build option for module 'entry' target 'default'in this build.
[2026-07-25T21:32:50.040] [DEBUG] debug-file - Module entry task initialization takes 4 ms 
[2026-07-25T21:32:50.040] [DEBUG] debug-file - Hap plugin register hook start...
[2026-07-25T21:32:50.040] [DEBUG] debug-file - Hap plugin register hook end...
[2026-07-25T21:32:50.040] [DEBUG] debug-file - Plugin build process completed
[2026-07-25T21:32:50.040] [DEBUG] debug-file - hvigorfile, begin to bind custom plugins...
[2026-07-25T21:32:50.040] [DEBUG] debug-file - hvigorfile, no custom plugins were found in C:\Users\H1314\Desktop\foodkeeper\Foodkeeper-v1.0\entry\hvigorfile.ts
[2026-07-25T21:32:50.040] [DEBUG] debug-file - hvigorfile, resolve finished C:\Users\H1314\Desktop\foodkeeper\Foodkeeper-v1.0\entry\hvigorfile.ts
[2026-07-25T21:32:50.584] [DEBUG] debug-file - Create  resident worker with id: 0.
[2026-07-25T21:32:50.586] [DEBUG] debug-file - Create  resident worker with id: 1.
[2026-07-25T21:32:50.588] [DEBUG] debug-file - default@CompileArkTS work[0] is submitted.
[2026-07-25T21:32:50.588] [DEBUG] debug-file - default@CompileArkTS work[0] is pushed to ready queue.
[2026-07-25T21:32:50.589] [DEBUG] debug-file - A work dispatched to worker[15] failed because unable to get work from ready queue.
[2026-07-25T21:32:50.589] [DEBUG] debug-file - A work dispatched to worker[14] failed because unable to get work from ready queue.
[2026-07-25T21:32:50.589] [DEBUG] debug-file - A work dispatched to worker[13] failed because unable to get work from ready queue.
[2026-07-25T21:32:50.589] [DEBUG] debug-file - A work dispatched to worker[12] failed because unable to get work from ready queue.
[2026-07-25T21:32:50.589] [DEBUG] debug-file - A work dispatched to worker[11] failed because unable to get work from ready queue.
[2026-07-25T21:32:50.589] [DEBUG] debug-file - A work dispatched to worker[10] failed because unable to get work from ready queue.
[2026-07-25T21:32:50.589] [DEBUG] debug-file - A work dispatched to worker[9] failed because unable to get work from ready queue.
[2026-07-25T21:32:50.589] [DEBUG] debug-file - A work dispatched to worker[8] failed because unable to get work from ready queue.
[2026-07-25T21:32:50.589] [DEBUG] debug-file - A work dispatched to worker[7] failed because unable to get work from ready queue.
[2026-07-25T21:32:50.589] [DEBUG] debug-file - A work dispatched to worker[6] failed because unable to get work from ready queue.
[2026-07-25T21:32:50.589] [DEBUG] debug-file - A work dispatched to worker[5] failed because unable to get work from ready queue.
[2026-07-25T21:32:50.589] [DEBUG] debug-file - Create  resident worker with id: 4.
[2026-07-25T21:32:50.590] [DEBUG] debug-file - default@CompileArkTS work[0] has been dispatched to worker[4].
[2026-07-25T21:32:50.590] [DEBUG] debug-file - default@CompileArkTS work[0] is dispatched.
[2026-07-25T21:32:50.591] [DEBUG] debug-file - entry : default@CompileArkTS cost memory 3.3777694702148438
[2026-07-25T21:32:50.605] [DEBUG] debug-file - Executing task :entry:default@CacheNativeLibs
[2026-07-25T21:32:50.595] [DEBUG] debug-file - Executing task :entry:default@BuildJS
[2026-07-25T21:32:50.605] [DEBUG] debug-file - File: 'C:\Users\H1314\Desktop\foodkeeper\Foodkeeper-v1.0\entry\build\default\intermediates\binxo\default' from 'cacheBinxoNativeLibs' is not exists, just ignore.
[2026-07-25T21:32:50.595] [DEBUG] debug-file - Task 'entry:default@BuildJS' cost while wrapping incremental declarations: 1 ms 
[2026-07-25T21:32:50.606] [DEBUG] debug-file - Task 'entry:default@CacheNativeLibs' cost while wrapping incremental declarations: 1 ms 
[2026-07-25T21:32:50.601] [DEBUG] debug-file - entry : default@BuildJS cost memory 0.17600250244140625
[2026-07-25T21:32:50.610] [DEBUG] debug-file - Incremental task entry:default@CacheNativeLibs pre-execution cost: 5 ms .
[2026-07-25T21:32:50.601] [DEBUG] debug-file - runTaskFromQueue task cost before running: 6 s 190 ms 
[2026-07-25T21:32:50.610] [DEBUG] debug-file - entry : default@CacheNativeLibs cost memory 0.11870574951171875
[2026-07-25T21:32:50.602] [INFO] debug-file - Finished :entry:default@BuildJS... after 7 ms 
[2026-07-25T21:32:50.610] [INFO] debug-file - UP-TO-DATE :entry:default@CacheNativeLibs...  
[2026-07-25T21:33:03.663] [WARN] debug-file - [33mWARN: [33m[33mArkTS:WARN File: C:/Users/H1314/Desktop/foodkeeper/Foodkeeper-v1.0/entry/src/main/ets/store/InventoryStore.ets:264:24
 Function may throw exceptions. Special handling is required.
[39m[39m
[33mWARN: [33m[33mArkTS:WARN File: C:/Users/H1314/Desktop/foodkeeper/Foodkeeper-v1.0/entry/src/main/ets/store/InventoryStore.ets:285:24
 Function may throw exceptions. Special handling is required.
[39m[39m
[33mWARN: [33m[33mArkTS:WARN File: C:/Users/H1314/Desktop/foodkeeper/Foodkeeper-v1.0/entry/src/main/ets/store/InventoryStore.ets:343:11
 Function may throw exceptions. Special handling is required.
[39m[39m
[33mWARN: [33m[33mArkTS:WARN File: C:/Users/H1314/Desktop/foodkeeper/Foodkeeper-v1.0/entry/src/main/ets/store/InventoryStore.ets:344:11
 Function may throw exceptions. Special handling is required.
[39m[39m
[33mWARN: [33m[33mArkTS:WARN File: C:/Users/H1314/Desktop/foodkeeper/Foodkeeper-v1.0/entry/src/main/ets/pages/HomePage.ets:34:42
 'matchMediaSync' has been deprecated.
[39m[39m
[33mWARN: [33m[33mArkTS:WARN File: C:/Users/H1314/Desktop/foodkeeper/Foodkeeper-v1.0/entry/src/main/ets/pages/HomePage.ets:113:5
 Function may throw exceptions. Special handling is required.
[39m[39m
[33mWARN: [33m[33mArkTS:WARN File: C:/Users/H1314/Desktop/foodkeeper/Foodkeeper-v1.0/entry/src/main/ets/pages/HomePage.ets:113:12
 'pushUrl' has been deprecated.
[39m[39m
[33mWARN: [33m[33mArkTS:WARN File: C:/Users/H1314/Desktop/foodkeeper/Foodkeeper-v1.0/entry/src/main/ets/pages/HomePage.ets:118:5
 Function may throw exceptions. Special handling is required.
[39m[39m
[33mWARN: [33m[33mArkTS:WARN File: C:/Users/H1314/Desktop/foodkeeper/Foodkeeper-v1.0/entry/src/main/ets/pages/HomePage.ets:118:12
 'pushUrl' has been deprecated.
[39m[39m
[33mWARN: [33m[33mArkTS:WARN File: C:/Users/H1314/Desktop/foodkeeper/Foodkeeper-v1.0/entry/src/main/ets/pages/HomePage.ets:128:5
 Function may throw exceptions. Special handling is required.
[39m[39m
[33mWARN: [33m[33mArkTS:WARN File: C:/Users/H1314/Desktop/foodkeeper/Foodkeeper-v1.0/entry/src/main/ets/pages/HomePage.ets:128:18
 'showToast' has been deprecated.
[39m[39m
[33mWARN: [33m[33mArkTS:WARN File: C:/Users/H1314/Desktop/foodkeeper/Foodkeeper-v1.0/entry/src/main/ets/pages/InventoryPage.ets:132:5
 Function may throw exceptions. Special handling is required.
[39m[39m
[33mWARN: [33m[33mArkTS:WARN File: C:/Users/H1314/Desktop/foodkeeper/Foodkeeper-v1.0/entry/src/main/ets/pages/InventoryPage.ets:132:12
 'pushUrl' has been deprecated.
[39m[39m
[33mWARN: [33m[33mArkTS:WARN File: C:/Users/H1314/Desktop/foodkeeper/Foodkeeper-v1.0/entry/src/main/ets/pages/InventoryPage.ets:136:5
 Function may throw exceptions. Special handling is required.
[39m[39m
[33mWARN: [33m[33mArkTS:WARN File: C:/Users/H1314/Desktop/foodkeeper/Foodkeeper-v1.0/entry/src/main/ets/pages/InventoryPage.ets:136:12
 'pushUrl' has been deprecated.
[39m[39m
[33mWARN: [33m[33mArkTS:WARN File: C:/Users/H1314/Desktop/foodkeeper/Foodkeeper-v1.0/entry/src/main/ets/pages/RecipePage.ets:173:7
 Function may throw exceptions. Special handling is required.
[39m[39m
[33mWARN: [33m[33mArkTS:WARN File: C:/Users/H1314/Desktop/foodkeeper/Foodkeeper-v1.0/entry/src/main/ets/pages/RecipePage.ets:173:20
 'showToast' has been deprecated.
[39m[39m
[33mWARN: [33m[33mArkTS:WARN File: C:/Users/H1314/Desktop/foodkeeper/Foodkeeper-v1.0/entry/src/main/ets/pages/RecipePage.ets:180:5
 Function may throw exceptions. Special handling is required.
[39m[39m
[33mWARN: [33m[33mArkTS:WARN File: C:/Users/H1314/Desktop/foodkeeper/Foodkeeper-v1.0/entry/src/main/ets/pages/RecipePage.ets:180:12
 'pushUrl' has been deprecated.
[39m[39m
[33mWARN: [33m[33mArkTS:WARN File: C:/Users/H1314/Desktop/foodkeeper/Foodkeeper-v1.0/entry/src/main/ets/pages/SettingsPage.ets:35:18
 'showDialog' has been deprecated.
[39m[39m
[33mWARN: [33m[33mArkTS:WARN File: C:/Users/H1314/Desktop/foodkeeper/Foodkeeper-v1.0/entry/src/main/ets/pages/SettingsPage.ets:48:20
 'showToast' has been deprecated.
[39m[39m
[33mWARN: [33m[33mArkTS:WARN File: C:/Users/H1314/Desktop/foodkeeper/Foodkeeper-v1.0/entry/src/main/ets/pages/SettingsPage.ets:60:22
 'showToast' has been deprecated.
[39m[39m
[33mWARN: [33m[33mArkTS:WARN File: C:/Users/H1314/Desktop/foodkeeper/Foodkeeper-v1.0/entry/src/main/ets/pages/SettingsPage.ets:66:22
 'showToast' has been deprecated.
[39m[39m
[33mWARN: [33m[33mArkTS:WARN File: C:/Users/H1314/Desktop/foodkeeper/Foodkeeper-v1.0/entry/src/main/ets/pages/SettingsPage.ets:70:7
 Function may throw exceptions. Special handling is required.
[39m[39m
[33mWARN: [33m[33mArkTS:WARN File: C:/Users/H1314/Desktop/foodkeeper/Foodkeeper-v1.0/entry/src/main/ets/pages/SettingsPage.ets:70:20
 'showToast' has been deprecated.
[39m[39m
[33mWARN: [33m[33mArkTS:WARN File: C:/Users/H1314/Desktop/foodkeeper/Foodkeeper-v1.0/entry/src/main/ets/pages/AddFoodPage.ets:34:27
 'getParams' has been deprecated.
[39m[39m
[33mWARN: [33m[33mArkTS:WARN File: C:/Users/H1314/Desktop/foodkeeper/Foodkeeper-v1.0/entry/src/main/ets/pages/AddFoodPage.ets:144:7
 Function may throw exceptions. Special handling is required.
[39m[39m
[33mWARN: [33m[33mArkTS:WARN File: C:/Users/H1314/Desktop/foodkeeper/Foodkeeper-v1.0/entry/src/main/ets/pages/AddFoodPage.ets:144:20
 'showToast' has been deprecated.
[39m[39m
[33mWARN: [33m[33mArkTS:WARN File: C:/Users/H1314/Desktop/foodkeeper/Foodkeeper-v1.0/entry/src/main/ets/pages/AddFoodPage.ets:149:7
 Function may throw exceptions. Special handling is required.
[39m[39m
[33mWARN: [33m[33mArkTS:WARN File: C:/Users/H1314/Desktop/foodkeeper/Foodkeeper-v1.0/entry/src/main/ets/pages/AddFoodPage.ets:149:20
 'showToast' has been deprecated.
[39m[39m
[33mWARN: [33m[33mArkTS:WARN File: C:/Users/H1314/Desktop/foodkeeper/Foodkeeper-v1.0/entry/src/main/ets/pages/AddFoodPage.ets:169:7
 Function may throw exceptions. Special handling is required.
[39m[39m
[33mWARN: [33m[33mArkTS:WARN File: C:/Users/H1314/Desktop/foodkeeper/Foodkeeper-v1.0/entry/src/main/ets/pages/AddFoodPage.ets:169:20
 'showToast' has been deprecated.
[39m[39m
[33mWARN: [33m[33mArkTS:WARN File: C:/Users/H1314/Desktop/foodkeeper/Foodkeeper-v1.0/entry/src/main/ets/pages/AddFoodPage.ets:184:9
 Function may throw exceptions. Special handling is required.
[39m[39m
[33mWARN: [33m[33mArkTS:WARN File: C:/Users/H1314/Desktop/foodkeeper/Foodkeeper-v1.0/entry/src/main/ets/pages/AddFoodPage.ets:184:22
 'showToast' has been deprecated.
[39m[39m
[33mWARN: [33m[33mArkTS:WARN File: C:/Users/H1314/Desktop/foodkeeper/Foodkeeper-v1.0/entry/src/main/ets/pages/AddFoodPage.ets:186:9
 Function may throw exceptions. Special handling is required.
[39m[39m
[33mWARN: [33m[33mArkTS:WARN File: C:/Users/H1314/Desktop/foodkeeper/Foodkeeper-v1.0/entry/src/main/ets/pages/AddFoodPage.ets:186:22
 'showToast' has been deprecated.
[39m[39m
[33mWARN: [33m[33mArkTS:WARN File: C:/Users/H1314/Desktop/foodkeeper/Foodkeeper-v1.0/entry/src/main/ets/pages/AddFoodPage.ets:190:29
 'back' has been deprecated.
[39m[39m
[33mWARN: [33m[33mArkTS:WARN File: C:/Users/H1314/Desktop/foodkeeper/Foodkeeper-v1.0/entry/src/main/ets/pages/AddFoodPage.ets:196:5
 Function may throw exceptions. Special handling is required.
[39m[39m
[33mWARN: [33m[33mArkTS:WARN File: C:/Users/H1314/Desktop/foodkeeper/Foodkeeper-v1.0/entry/src/main/ets/pages/AddFoodPage.ets:196:18
 'showToast' has been deprecated.
[39m[39m
[33mWARN: [33m[33mArkTS:WARN File: C:/Users/H1314/Desktop/foodkeeper/Foodkeeper-v1.0/entry/src/main/ets/pages/AddFoodPage.ets:197:29
 'back' has been deprecated.
[39m[39m
[33mWARN: [33m[33mArkTS:WARN File: C:/Users/H1314/Desktop/foodkeeper/Foodkeeper-v1.0/entry/src/main/ets/pages/AddFoodPage.ets:207:33
 'back' has been deprecated.
[39m[39m
[33mWARN: [33m[33mArkTS:WARN File: C:/Users/H1314/Desktop/foodkeeper/Foodkeeper-v1.0/entry/src/main/ets/pages/AddFoodPage.ets:481:22
 'show' has been deprecated.
[39m[39m
[33mWARN: [33m[33mArkTS:WARN File: C:/Users/H1314/Desktop/foodkeeper/Foodkeeper-v1.0/entry/src/main/ets/pages/RecipeDetailPage.ets:36:7
 Function may throw exceptions. Special handling is required.
[39m[39m
[33mWARN: [33m[33mArkTS:WARN File: C:/Users/H1314/Desktop/foodkeeper/Foodkeeper-v1.0/entry/src/main/ets/pages/RecipeDetailPage.ets:36:20
 'showToast' has been deprecated.
[39m[39m
[33mWARN: [33m[33mArkTS:WARN File: C:/Users/H1314/Desktop/foodkeeper/Foodkeeper-v1.0/entry/src/main/ets/pages/RecipeDetailPage.ets:37:33
 'back' has been deprecated.
[39m[39m
[33mWARN: [33m[33mArkTS:WARN File: C:/Users/H1314/Desktop/foodkeeper/Foodkeeper-v1.0/entry/src/main/ets/pages/RecipeDetailPage.ets:49:7
 Function may throw exceptions. Special handling is required.
[39m[39m
[33mWARN: [33m[33mArkTS:WARN File: C:/Users/H1314/Desktop/foodkeeper/Foodkeeper-v1.0/entry/src/main/ets/pages/RecipeDetailPage.ets:49:20
 'showToast' has been deprecated.
[39m[39m
[33mWARN: [33m[33mArkTS:WARN File: C:/Users/H1314/Desktop/foodkeeper/Foodkeeper-v1.0/entry/src/main/ets/pages/RecipeDetailPage.ets:71:22
 'showToast' has been deprecated.
[39m[39m
[33mWARN: [33m[33mArkTS:WARN File: C:/Users/H1314/Desktop/foodkeeper/Foodkeeper-v1.0/entry/src/main/ets/pages/RecipeDetailPage.ets:75:22
 'showToast' has been deprecated.
[39m[39m
[33mWARN: [33m[33mArkTS:WARN File: C:/Users/H1314/Desktop/foodkeeper/Foodkeeper-v1.0/entry/src/main/ets/pages/RecipeDetailPage.ets:78:7
 Function may throw exceptions. Special handling is required.
[39m[39m
[33mWARN: [33m[33mArkTS:WARN File: C:/Users/H1314/Desktop/foodkeeper/Foodkeeper-v1.0/entry/src/main/ets/pages/RecipeDetailPage.ets:78:20
 'showToast' has been deprecated.
[39m[39m
[33mWARN: [33m[33mArkTS:WARN File: C:/Users/H1314/Desktop/foodkeeper/Foodkeeper-v1.0/entry/src/main/ets/pages/RecipeDetailPage.ets:86:12
 'back' has been deprecated.
[39m[39m

[2026-07-25T21:33:03.664] [DEBUG] debug-file - Ark compile task finished.finished time is 195957477286600
[2026-07-25T21:33:03.664] [DEBUG] debug-file - worker[4] has one work done.
[2026-07-25T21:33:03.666] [DEBUG] debug-file - default@CompileArkTS work[0] done.
[2026-07-25T21:33:03.667] [DEBUG] debug-file - A work dispatched to worker[4] failed because unable to get work from ready queue.
[2026-07-25T21:33:03.671] [INFO] debug-file - Finished :entry:default@CompileArkTS... after 7 s 864 ms 
[2026-07-25T21:33:03.672] [DEBUG] debug-file - Executing task :entry:default@GeneratePkgModuleJson
[2026-07-25T21:33:03.673] [DEBUG] debug-file - File: 'C:\Users\H1314\Desktop\foodkeeper\Foodkeeper-v1.0\entry\build\default\intermediates\preload\default\preload.json' from 'preloadSoJsonPath' is not exists, just ignore.
[2026-07-25T21:33:03.673] [DEBUG] debug-file - Error occurs while handling @Input 'shouldDeduplicateHar': The "data" argument must be of type string or an instance of Buffer, TypedArray, or DataView. Received undefined
[2026-07-25T21:33:03.673] [DEBUG] debug-file - Task 'entry:default@GeneratePkgModuleJson' cost while wrapping incremental declarations: 1 ms 
[2026-07-25T21:33:03.675] [DEBUG] debug-file - Incremental task entry:default@GeneratePkgModuleJson pre-execution cost: 2 ms .
[2026-07-25T21:33:03.675] [DEBUG] debug-file - entry : default@GeneratePkgModuleJson cost memory 0.0959625244140625
[2026-07-25T21:33:03.675] [INFO] debug-file - UP-TO-DATE :entry:default@GeneratePkgModuleJson...  
[2026-07-25T21:33:03.676] [DEBUG] debug-file - Executing task :entry:default@ProcessCompiledResources
[2026-07-25T21:33:03.677] [DEBUG] debug-file - File: 'C:\Users\H1314\Desktop\foodkeeper\Foodkeeper-v1.0\entry\build\default\intermediates\preload\default\preload.json' from 'preloadSoJsonPath' is not exists, just ignore.
[2026-07-25T21:33:03.677] [DEBUG] debug-file - Task 'entry:default@ProcessCompiledResources' cost while wrapping incremental declarations: 1 ms 
[2026-07-25T21:33:03.677] [DEBUG] debug-file - entry : default@ProcessCompiledResources cost memory 0.05559539794921875
[2026-07-25T21:33:03.677] [DEBUG] debug-file - runTaskFromQueue task cost before running: 19 s 265 ms 
[2026-07-25T21:33:03.677] [INFO] debug-file - Finished :entry:default@ProcessCompiledResources... after 1 ms 
[2026-07-25T21:33:03.703] [DEBUG] debug-file - Executing task :entry:default@PackageHap
[2026-07-25T21:33:03.722] [DEBUG] debug-file - entry:default@PackageHap is not up-to-date, since the input file 'C:\Users\H1314\Desktop\foodkeeper\Foodkeeper-v1.0\entry\build\default\intermediates\loader_out\default\ets' has been changed.
[2026-07-25T21:33:03.722] [DEBUG] debug-file - Incremental task entry:default@PackageHap pre-execution cost: 17 ms .
[2026-07-25T21:33:03.724] [DEBUG] debug-file - Use tool [D:\Soft\DevEco\devecostudio-windows-6.1.1.290\DevEco Studio\sdk\default\openharmony\toolchains\lib\app_packing_tool.jar]
 [
  'java',
  '-Dfile.encoding=GBK',
  '-jar',
  'D:\\Soft\\DevEco\\devecostudio-windows-6.1.1.290\\DevEco Studio\\sdk\\default\\openharmony\\toolchains\\lib\\app_packing_tool.jar',
  '--mode',
  'hap',
  '--force',
  'true',
  '--lib-path',
  'C:\\Users\\H1314\\Desktop\\foodkeeper\\Foodkeeper-v1.0\\entry\\build\\default\\intermediates\\stripped_native_libs\\default',
  '--json-path',
  'C:\\Users\\H1314\\Desktop\\foodkeeper\\Foodkeeper-v1.0\\entry\\build\\default\\intermediates\\package\\default\\module.json',
  '--resources-path',
  'C:\\Users\\H1314\\Desktop\\foodkeeper\\Foodkeeper-v1.0\\entry\\build\\default\\intermediates\\res\\default\\resources',
  '--index-path',
  'C:\\Users\\H1314\\Desktop\\foodkeeper\\Foodkeeper-v1.0\\entry\\build\\default\\intermediates\\res\\default\\resources.index',
  '--pack-info-path',
  'C:\\Users\\H1314\\Desktop\\foodkeeper\\Foodkeeper-v1.0\\entry\\build\\default\\outputs\\default\\pack.info',
  '--out-path',
  'C:\\Users\\H1314\\Desktop\\foodkeeper\\Foodkeeper-v1.0\\entry\\build\\default\\outputs\\default\\entry-default-unsigned.hap',
  '--ets-path',
  'C:\\Users\\H1314\\Desktop\\foodkeeper\\Foodkeeper-v1.0\\entry\\build\\default\\intermediates\\loader_out\\default\\ets',
  '--pkg-context-path',
  'C:\\Users\\H1314\\Desktop\\foodkeeper\\Foodkeeper-v1.0\\entry\\build\\default\\intermediates\\loader\\default\\pkgContextInfo.json'
]
[2026-07-25T21:33:03.726] [DEBUG] debug-file - default@PackageHap work[1] is submitted.
[2026-07-25T21:33:03.726] [DEBUG] debug-file - default@PackageHap work[1] is pushed to ready queue.
[2026-07-25T21:33:03.726] [DEBUG] debug-file - A work dispatched to worker[15] failed because unable to get work from ready queue.
[2026-07-25T21:33:03.726] [DEBUG] debug-file - Create  resident worker with id: 14.
[2026-07-25T21:33:03.727] [DEBUG] debug-file - default@PackageHap work[1] has been dispatched to worker[14].
[2026-07-25T21:33:03.727] [DEBUG] debug-file - default@PackageHap work[1] is dispatched.
[2026-07-25T21:33:03.765] [DEBUG] debug-file - entry : default@PackageHap cost memory 0.8158111572265625
[2026-07-25T21:33:05.899] [DEBUG] debug-file - current process  memoryUsage: {
  rss: 747163648,
  heapTotal: 81559552,
  heapUsed: 55700736,
  external: 2480640,
  arrayBuffers: 238963
} os memoryUsage :20.101917266845703
[2026-07-25T21:33:06.453] [DEBUG] debug-file - worker[14] has one work done.
[2026-07-25T21:33:06.453] [DEBUG] debug-file - default@PackageHap work[1] done.
[2026-07-25T21:33:06.500] [DEBUG] debug-file - Executing task :entry:default@SignHap
[2026-07-25T21:33:06.453] [DEBUG] debug-file - A work dispatched to worker[14] failed because unable to get work from ready queue.
[2026-07-25T21:33:06.520] [DEBUG] debug-file - entry:default@SignHap is not up-to-date, since the input file 'C:\Users\H1314\Desktop\foodkeeper\Foodkeeper-v1.0\entry\build\default\outputs\default\entry-default-unsigned.hap' has been changed.
[2026-07-25T21:33:06.550] [DEBUG] debug-file - current process  memoryUsage: {
  rss: 747900928,
  heapTotal: 171429888,
  heapUsed: 122424120,
  external: 3254640,
  arrayBuffers: 219208
} os memoryUsage :20.09759521484375
[2026-07-25T21:33:06.488] [DEBUG] debug-file - Executing task :entry:default@PackingCheck
[2026-07-25T21:33:06.455] [INFO] debug-file - Finished :entry:default@PackageHap... after 619 ms 
[2026-07-25T21:33:06.520] [DEBUG] debug-file - Incremental task entry:default@SignHap pre-execution cost: 4 ms .
[2026-07-25T21:33:06.497] [DEBUG] debug-file - entry : default@PackingCheck cost memory 0.6689834594726562
[2026-07-25T21:33:06.497] [DEBUG] debug-file - runTaskFromQueue task cost before running: 22 s 86 ms 
[2026-07-25T21:33:06.497] [INFO] debug-file - Finished :entry:default@PackingCheck... after 10 ms 
[2026-07-25T21:33:07.138] [DEBUG] debug-file - 07-25 21:33:07.130  INFO - Start verify-profile

[2026-07-25T21:33:07.459] [DEBUG] debug-file - 07-25 21:33:07.458  INFO - verify-profile success

[2026-07-25T21:33:07.539] [DEBUG] debug-file - current process  memoryUsage: {
  rss: 696168448,
  heapTotal: 123195392,
  heapUsed: 115084840,
  external: 3121356,
  arrayBuffers: 85956
} os memoryUsage :20.064300537109375
[2026-07-25T21:33:08.039] [DEBUG] debug-file - 07-25 21:33:08.039  INFO - Start sign-app

[2026-07-25T21:33:08.293] [DEBUG] debug-file - 07-25 21:33:08.292  INFO - certificate in profile: 黄羽博(1748885579082268545)\,Development

[2026-07-25T21:33:08.374] [DEBUG] debug-file - 07-25 21:33:08.375  INFO - Start to sign code.

[2026-07-25T21:33:08.384] [DEBUG] debug-file - 07-25 21:33:08.384  INFO - profile type is: debug

[2026-07-25T21:33:08.415] [DEBUG] debug-file - 07-25 21:33:08.415  INFO - C:\Users\H1314\.ohos\config\default_Foodkeeper_KwM1xmT7eCaoGu1P7v-j5W5OtfbSqbdMeQP9Gmso0uM=.p12 is exist. Try to load it with given passwd

[2026-07-25T21:33:08.671] [DEBUG] debug-file - 07-25 21:33:08.671  INFO - Create a sign info successfully.

[2026-07-25T21:33:08.686] [DEBUG] debug-file - 07-25 21:33:08.686  INFO - Create a sign info successfully.

[2026-07-25T21:33:08.691] [DEBUG] debug-file - 07-25 21:33:08.691  INFO - No native libs.

[2026-07-25T21:33:08.695] [DEBUG] debug-file - 07-25 21:33:08.694  INFO - Sign successfully.

[2026-07-25T21:33:08.704] [DEBUG] debug-file - 07-25 21:33:08.704  INFO - Add sign data in sign info list success.

[2026-07-25T21:33:08.708] [DEBUG] debug-file - 07-25 21:33:08.708  INFO - Generate signing block success, begin write it to output file

[2026-07-25T21:33:08.710] [DEBUG] debug-file - 07-25 21:33:08.710  INFO - Sign Hap success!

[2026-07-25T21:33:08.710] [DEBUG] debug-file - 07-25 21:33:08.710  INFO - sign-app success

[2026-07-25T21:33:08.787] [DEBUG] debug-file - entry : default@SignHap cost memory -6.2899932861328125
[2026-07-25T21:33:08.787] [DEBUG] debug-file - runTaskFromQueue task cost before running: 24 s 375 ms 
[2026-07-25T21:33:08.818] [DEBUG] debug-file - Executing task :entry:default@CollectDebugSymbol
[2026-07-25T21:33:08.788] [INFO] debug-file - Finished :entry:default@SignHap... after 2 s 287 ms 
[2026-07-25T21:33:08.820] [DEBUG] debug-file - entry : default@CollectDebugSymbol cost memory 0.10248565673828125
[2026-07-25T21:33:08.820] [DEBUG] debug-file - runTaskFromQueue task cost before running: 24 s 408 ms 
[2026-07-25T21:33:08.820] [INFO] debug-file - Finished :entry:default@CollectDebugSymbol... after 3 ms 
[2026-07-25T21:33:08.820] [DEBUG] debug-file - Executing task :entry:assembleHap
[2026-07-25T21:33:08.820] [DEBUG] debug-file - entry : assembleHap cost memory 0.01038360595703125
[2026-07-25T21:33:08.820] [DEBUG] debug-file - runTaskFromQueue task cost before running: 24 s 409 ms 
[2026-07-25T21:33:08.820] [INFO] debug-file - Finished :entry:assembleHap... after 1 ms 
[2026-07-25T21:33:08.830] [INFO] debug-file - BUILD SUCCESSFUL in 24 s 418 ms 
[2026-07-25T21:33:08.833] [DEBUG] debug-file - Update task entry:default@PreBuild input file:C:\Users\H1314\Desktop\foodkeeper\Foodkeeper-v1.0\AppScope\app.json5 cache by regenerate.
[2026-07-25T21:33:08.833] [DEBUG] debug-file - Update task entry:default@PreBuild input file:C:\Users\H1314\Desktop\foodkeeper\Foodkeeper-v1.0\entry\src\main\module.json5 cache by regenerate.
[2026-07-25T21:33:08.834] [DEBUG] debug-file - Update task entry:default@PreBuild input file:C:\Users\H1314\Desktop\foodkeeper\Foodkeeper-v1.0\build-profile.json5 cache by regenerate.
[2026-07-25T21:33:08.834] [DEBUG] debug-file - Update task entry:default@PreBuild input file:C:\Users\H1314\Desktop\foodkeeper\Foodkeeper-v1.0\entry\build-profile.json5 cache by regenerate.
[2026-07-25T21:33:08.836] [DEBUG] debug-file - Update task entry:default@PreBuild input file:C:\Users\H1314\Desktop\foodkeeper\Foodkeeper-v1.0\entry\src\main\resources\base\profile\main_pages.json cache by regenerate.
[2026-07-25T21:33:08.836] [DEBUG] debug-file - Update task entry:default@PreBuild input file:C:\Users\H1314\Desktop\foodkeeper\Foodkeeper-v1.0\hvigor\hvigor-config.json5 cache by regenerate.
[2026-07-25T21:33:08.837] [DEBUG] debug-file - Update task entry:default@PreBuild input file:C:\Users\H1314\Desktop\foodkeeper\Foodkeeper-v1.0\entry\src\mock\mock-config.json5 cache by regenerate.
[2026-07-25T21:33:08.837] [DEBUG] debug-file - Update task entry:default@PreBuild input file:C:\Users\H1314\Desktop\foodkeeper\Foodkeeper-v1.0\entry\oh-package.json5 cache by regenerate.
[2026-07-25T21:33:08.838] [DEBUG] debug-file - Update task entry:default@PreBuild input file:C:\Users\H1314\Desktop\foodkeeper\Foodkeeper-v1.0\oh-package.json5 cache by regenerate.
[2026-07-25T21:33:08.838] [DEBUG] debug-file - Incremental task entry:default@PreBuild post-execution cost:8 ms .
[2026-07-25T21:33:08.838] [DEBUG] debug-file - Update task entry:default@CreateModuleInfo output file:C:\Users\H1314\Desktop\foodkeeper\Foodkeeper-v1.0\entry\build\default\generated\profile\default\ModuleInfo.ts cache.
[2026-07-25T21:33:08.839] [DEBUG] debug-file - Incremental task entry:default@CreateModuleInfo post-execution cost:1 ms .
[2026-07-25T21:33:08.839] [DEBUG] debug-file - There is no need to refresh cache, since the incremental task entry:default@GenerateMetadata is up-to-date.
[2026-07-25T21:33:08.839] [DEBUG] debug-file - There is no need to refresh cache, since the incremental task entry:default@MergeProfile is up-to-date.
[2026-07-25T21:33:08.839] [DEBUG] debug-file - There is no need to refresh cache, since the incremental task entry:default@CreateBuildProfile is up-to-date.
[2026-07-25T21:33:08.839] [DEBUG] debug-file - There is no need to refresh cache, since the incremental task entry:default@GeneratePkgContextInfo is up-to-date.
[2026-07-25T21:33:08.839] [DEBUG] debug-file - Update task entry:default@GeneratePkgSdkInfo output file:C:\Users\H1314\Desktop\foodkeeper\Foodkeeper-v1.0\entry\build\default\intermediates\loader\default\pkgSdkInfo.json cache.
[2026-07-25T21:33:08.839] [DEBUG] debug-file - Incremental task entry:default@GeneratePkgSdkInfo post-execution cost:1 ms .
[2026-07-25T21:33:08.839] [DEBUG] debug-file - Update task entry:default@ProcessIntegratedHsp output file:C:\Users\H1314\Desktop\foodkeeper\Foodkeeper-v1.0\build\cache\default\integrated_hsp\integratedHspCache.json cache.
[2026-07-25T21:33:08.840] [DEBUG] debug-file - Incremental task entry:default@ProcessIntegratedHsp post-execution cost:1 ms .
[2026-07-25T21:33:08.840] [DEBUG] debug-file - There is no need to refresh cache, since the incremental task entry:default@MakePackInfo is up-to-date.
[2026-07-25T21:33:08.840] [DEBUG] debug-file - Update task entry:default@SyscapTransform input file:D:\Soft\DevEco\devecostudio-windows-6.1.1.290\DevEco Studio\sdk\default\openharmony\toolchains\syscap_tool.exe cache by regenerate.
[2026-07-25T21:33:08.840] [DEBUG] debug-file - Update task entry:default@SyscapTransform input file:D:\Soft\DevEco\devecostudio-windows-6.1.1.290\DevEco Studio\sdk\default\openharmony\ets\api\device-define cache by regenerate.
[2026-07-25T21:33:08.843] [DEBUG] debug-file - Update task entry:default@SyscapTransform output file:C:\Users\H1314\Desktop\foodkeeper\Foodkeeper-v1.0\entry\build\default\intermediates\syscap\default\rpcid.sc cache.
[2026-07-25T21:33:08.843] [DEBUG] debug-file - Incremental task entry:default@SyscapTransform post-execution cost:4 ms .
[2026-07-25T21:33:08.843] [DEBUG] debug-file - There is no need to refresh cache, since the incremental task entry:default@ProcessProfile is up-to-date.
[2026-07-25T21:33:08.843] [DEBUG] debug-file - There is no need to refresh cache, since the incremental task entry:default@ProcessRouterMap is up-to-date.
[2026-07-25T21:33:08.843] [DEBUG] debug-file - There is no need to refresh cache, since the incremental task entry:default@ProcessShareConfig is up-to-date.
[2026-07-25T21:33:08.844] [DEBUG] debug-file - Update task entry:default@ProcessStartupConfig input file:C:\Users\H1314\Desktop\foodkeeper\Foodkeeper-v1.0\entry\build\default\intermediates\loader\default\pkgContextInfo.json cache by regenerate.
[2026-07-25T21:33:08.845] [DEBUG] debug-file - Update task entry:default@ProcessStartupConfig output file:C:\Users\H1314\Desktop\foodkeeper\Foodkeeper-v1.0\entry\build\default\intermediates\startup\default\startup_config.json cache.
[2026-07-25T21:33:08.845] [DEBUG] debug-file - Incremental task entry:default@ProcessStartupConfig post-execution cost:2 ms .
[2026-07-25T21:33:08.845] [DEBUG] debug-file - There is no need to refresh cache, since the incremental task entry:default@ProcessResource is up-to-date.
[2026-07-25T21:33:08.845] [DEBUG] debug-file - There is no need to refresh cache, since the incremental task entry:default@GenerateLoaderJson is up-to-date.
[2026-07-25T21:33:08.845] [DEBUG] debug-file - There is no need to refresh cache, since the incremental task entry:default@ProcessLibs is up-to-date.
[2026-07-25T21:33:08.845] [DEBUG] debug-file - There is no need to refresh cache, since the incremental task entry:default@CompileResource is up-to-date.
[2026-07-25T21:33:08.845] [DEBUG] debug-file - There is no need to refresh cache, since the incremental task entry:default@DoNativeStrip is up-to-date.
[2026-07-25T21:33:08.849] [DEBUG] debug-file - Update task entry:default@CompileArkTS input file:C:\Users\H1314\Desktop\foodkeeper\Foodkeeper-v1.0\entry\build\default\intermediates\loader\default cache by regenerate.
[2026-07-25T21:33:08.851] [DEBUG] debug-file - Update task entry:default@CompileArkTS input file:C:\Users\H1314\Desktop\foodkeeper\Foodkeeper-v1.0\entry\build\default\intermediates\res\default\resources\rawfile cache by regenerate.
[2026-07-25T21:33:08.852] [DEBUG] debug-file - Update task entry:default@CompileArkTS input file:C:\Users\H1314\Desktop\foodkeeper\Foodkeeper-v1.0\entry\build\default\intermediates\res\default\ResourceTable.txt cache by regenerate.
[2026-07-25T21:33:08.853] [DEBUG] debug-file - Update task entry:default@CompileArkTS input file:C:\Users\H1314\Desktop\foodkeeper\Foodkeeper-v1.0\entry\build\default\intermediates\res\default\ark_module.json cache by regenerate.
[2026-07-25T21:33:08.853] [DEBUG] debug-file - Update task entry:default@CompileArkTS input file:C:\Users\H1314\Desktop\foodkeeper\Foodkeeper-v1.0\entry\build\default\intermediates\res\default\resources\base\profile cache by regenerate.
[2026-07-25T21:33:08.855] [DEBUG] debug-file - Update task entry:default@CompileArkTS input file:C:\Users\H1314\Desktop\foodkeeper\Foodkeeper-v1.0\entry\src\main\ets cache from map.
[2026-07-25T21:33:08.855] [DEBUG] debug-file - Update task entry:default@CompileArkTS input file:C:\Users\H1314\Desktop\foodkeeper\Foodkeeper-v1.0\entry\build\default\intermediates\loader\default\pkgContextInfo.json cache by regenerate.
[2026-07-25T21:33:08.856] [DEBUG] debug-file - Update task entry:default@CompileArkTS input file:C:\Users\H1314\Desktop\foodkeeper\Foodkeeper-v1.0\entry\build\default\generated\profile\default\BuildProfile.ets cache by regenerate.
[2026-07-25T21:33:08.856] [DEBUG] debug-file - Update task entry:default@CompileArkTS input file:C:\Users\H1314\Desktop\foodkeeper\Foodkeeper-v1.0\entry\src\mock\mock-config.json5 cache by regenerate.
[2026-07-25T21:33:08.857] [DEBUG] debug-file - Update task entry:default@CompileArkTS output file:C:\Users\H1314\Desktop\foodkeeper\Foodkeeper-v1.0\entry\build\default\intermediates\loader_out\default\ets cache.
[2026-07-25T21:33:08.859] [DEBUG] debug-file - Incremental task entry:default@CompileArkTS post-execution cost:14 ms .
[2026-07-25T21:33:08.861] [DEBUG] debug-file - Update task entry:default@BuildJS input file:C:\Users\H1314\Desktop\foodkeeper\Foodkeeper-v1.0\entry\build\default\intermediates\loader\default cache by regenerate.
[2026-07-25T21:33:08.863] [DEBUG] debug-file - Update task entry:default@BuildJS input file:C:\Users\H1314\Desktop\foodkeeper\Foodkeeper-v1.0\entry\build\default\intermediates\res\default\resources\rawfile cache by regenerate.
[2026-07-25T21:33:08.864] [DEBUG] debug-file - Update task entry:default@BuildJS input file:C:\Users\H1314\Desktop\foodkeeper\Foodkeeper-v1.0\entry\build\default\intermediates\res\default\ResourceTable.txt cache by regenerate.
[2026-07-25T21:33:08.864] [DEBUG] debug-file - Update task entry:default@BuildJS input file:C:\Users\H1314\Desktop\foodkeeper\Foodkeeper-v1.0\entry\build\default\intermediates\res\default\ark_module.json cache by regenerate.
[2026-07-25T21:33:08.865] [DEBUG] debug-file - Update task entry:default@BuildJS input file:C:\Users\H1314\Desktop\foodkeeper\Foodkeeper-v1.0\entry\build\default\intermediates\res\default\resources\base\profile cache by regenerate.
[2026-07-25T21:33:08.868] [DEBUG] debug-file - Update task entry:default@BuildJS input file:C:\Users\H1314\Desktop\foodkeeper\Foodkeeper-v1.0\entry\build\default\intermediates\loader\default\pkgContextInfo.json cache by regenerate.
[2026-07-25T21:33:08.870] [DEBUG] debug-file - Update task entry:default@BuildJS output file:C:\Users\H1314\Desktop\foodkeeper\Foodkeeper-v1.0\entry\build\default\intermediates\loader_out\default\js cache.
[2026-07-25T21:33:08.870] [DEBUG] debug-file - Incremental task entry:default@BuildJS post-execution cost:12 ms .
[2026-07-25T21:33:08.870] [DEBUG] debug-file - There is no need to refresh cache, since the incremental task entry:default@CacheNativeLibs is up-to-date.
[2026-07-25T21:33:08.870] [DEBUG] debug-file - There is no need to refresh cache, since the incremental task entry:default@GeneratePkgModuleJson is up-to-date.
[2026-07-25T21:33:08.870] [DEBUG] debug-file - Incremental task entry:default@ProcessCompiledResources post-execution cost:1 ms .
[2026-07-25T21:33:08.872] [DEBUG] debug-file - Update task entry:default@PackageHap input file:C:\Users\H1314\Desktop\foodkeeper\Foodkeeper-v1.0\entry\build\default\intermediates\stripped_native_libs\default cache by regenerate.
[2026-07-25T21:33:08.872] [DEBUG] debug-file - Update task entry:default@PackageHap input file:C:\Users\H1314\Desktop\foodkeeper\Foodkeeper-v1.0\entry\build\default\intermediates\res\default\module.json cache by regenerate.
[2026-07-25T21:33:08.873] [DEBUG] debug-file - Update task entry:default@PackageHap input file:C:\Users\H1314\Desktop\foodkeeper\Foodkeeper-v1.0\entry\build\default\intermediates\res\default\resources cache by regenerate.
[2026-07-25T21:33:08.880] [DEBUG] debug-file - Update task entry:default@PackageHap input file:C:\Users\H1314\Desktop\foodkeeper\Foodkeeper-v1.0\entry\build\default\intermediates\res\default\resources.index cache by regenerate.
[2026-07-25T21:33:08.881] [DEBUG] debug-file - Update task entry:default@PackageHap input file:C:\Users\H1314\Desktop\foodkeeper\Foodkeeper-v1.0\entry\build\default\outputs\default\pack.info cache by regenerate.
[2026-07-25T21:33:08.881] [DEBUG] debug-file - Update task entry:default@PackageHap input file:C:\Users\H1314\Desktop\foodkeeper\Foodkeeper-v1.0\entry\build\default\intermediates\loader_out\default\ets cache from map.
[2026-07-25T21:33:08.881] [DEBUG] debug-file - Update task entry:default@PackageHap input file:C:\Users\H1314\Desktop\foodkeeper\Foodkeeper-v1.0\entry\build\default\intermediates\loader\default\pkgContextInfo.json cache by regenerate.
[2026-07-25T21:33:08.882] [DEBUG] debug-file - Update task entry:default@PackageHap input file:C:\Users\H1314\Desktop\foodkeeper\Foodkeeper-v1.0\entry\build\default\intermediates\loader_out\default\ets\sourceMaps.map cache by regenerate.
[2026-07-25T21:33:08.882] [DEBUG] debug-file - Update task entry:default@PackageHap input file:C:\Users\H1314\Desktop\foodkeeper\Foodkeeper-v1.0\entry\build\default\generated\profile\default\BuildProfile.ets cache by regenerate.
[2026-07-25T21:33:08.883] [DEBUG] debug-file - Update task entry:default@PackageHap output file:C:\Users\H1314\Desktop\foodkeeper\Foodkeeper-v1.0\entry\build\default\outputs\default\entry-default-unsigned.hap cache.
[2026-07-25T21:33:08.884] [DEBUG] debug-file - Update task entry:default@PackageHap output file:C:\Users\H1314\Desktop\foodkeeper\Foodkeeper-v1.0\entry\build\default\intermediates\source_map\default\sourceMaps.map cache.
[2026-07-25T21:33:08.884] [DEBUG] debug-file - Update task entry:default@PackageHap output file:C:\Users\H1314\Desktop\foodkeeper\Foodkeeper-v1.0\entry\build\default\outputs\default\mapping\sourceMaps.map cache.
[2026-07-25T21:33:08.896] [DEBUG] debug-file - Incremental task entry:default@PackageHap post-execution cost:26 ms .
[2026-07-25T21:33:08.897] [DEBUG] debug-file - Update task entry:default@SignHap input file:C:\Users\H1314\.ohos\config\default_Foodkeeper_KwM1xmT7eCaoGu1P7v-j5W5OtfbSqbdMeQP9Gmso0uM=.cer cache by regenerate.
[2026-07-25T21:33:08.897] [DEBUG] debug-file - Update task entry:default@SignHap input file:C:\Users\H1314\.ohos\config\default_Foodkeeper_KwM1xmT7eCaoGu1P7v-j5W5OtfbSqbdMeQP9Gmso0uM=.p7b cache by regenerate.
[2026-07-25T21:33:08.898] [DEBUG] debug-file - Update task entry:default@SignHap input file:C:\Users\H1314\.ohos\config\default_Foodkeeper_KwM1xmT7eCaoGu1P7v-j5W5OtfbSqbdMeQP9Gmso0uM=.p12 cache by regenerate.
[2026-07-25T21:33:08.898] [DEBUG] debug-file - Update task entry:default@SignHap input file:C:\Users\H1314\Desktop\foodkeeper\Foodkeeper-v1.0\entry\build\default\outputs\default\entry-default-unsigned.hap cache from map.
[2026-07-25T21:33:08.898] [DEBUG] debug-file - Update task entry:default@SignHap output file:C:\Users\H1314\Desktop\foodkeeper\Foodkeeper-v1.0\entry\build\default\outputs\default\entry-default-signed.hap cache.
[2026-07-25T21:33:08.899] [DEBUG] debug-file - Incremental task entry:default@SignHap post-execution cost:3 ms .
[2026-07-25T21:33:08.900] [DEBUG] debug-file - Update task entry:default@CollectDebugSymbol input file:C:\Users\H1314\Desktop\foodkeeper\Foodkeeper-v1.0\entry\build\default\intermediates\loader_out\default\ets\sourceMaps.map cache by regenerate.
[2026-07-25T21:33:08.901] [DEBUG] debug-file - Update task entry:default@CollectDebugSymbol input file:C:\Users\H1314\Desktop\foodkeeper\Foodkeeper-v1.0\entry\build\default\intermediates\libs\default cache by regenerate.
[2026-07-25T21:33:08.902] [DEBUG] debug-file - Update task entry:default@CollectDebugSymbol output file:C:\Users\H1314\Desktop\foodkeeper\Foodkeeper-v1.0\entry\build\default\outputs\default\symbol cache.
[2026-07-25T21:33:08.902] [DEBUG] debug-file - Incremental task entry:default@CollectDebugSymbol post-execution cost:4 ms .
[2026-07-25T21:33:08.939] [DEBUG] debug-file - Current worker pool is stopped or closed.
[2026-07-25T21:33:08.939] [DEBUG] debug-file - Clear worker 0.
[2026-07-25T21:33:08.939] [DEBUG] debug-file - Worker 0 has been cleared.
[2026-07-25T21:33:08.939] [DEBUG] debug-file - Current idle worker size: 3.
[2026-07-25T21:33:08.939] [DEBUG] debug-file - Current busy worker size: 0.
[2026-07-25T21:33:08.939] [DEBUG] debug-file - Clear worker 1.
[2026-07-25T21:33:08.939] [DEBUG] debug-file - Worker 1 has been cleared.
[2026-07-25T21:33:08.939] [DEBUG] debug-file - Current idle worker size: 2.
[2026-07-25T21:33:08.939] [DEBUG] debug-file - Current busy worker size: 0.
[2026-07-25T21:33:08.939] [DEBUG] debug-file - Clear worker 4.
[2026-07-25T21:33:08.939] [DEBUG] debug-file - Worker 4 has been cleared.
[2026-07-25T21:33:08.939] [DEBUG] debug-file - Current idle worker size: 1.
[2026-07-25T21:33:08.939] [DEBUG] debug-file - Current busy worker size: 0.
[2026-07-25T21:33:08.939] [DEBUG] debug-file - Clear worker 14.
[2026-07-25T21:33:08.939] [DEBUG] debug-file - Worker 14 has been cleared.
[2026-07-25T21:33:08.939] [DEBUG] debug-file - Current idle worker size: 0.
[2026-07-25T21:33:08.939] [DEBUG] debug-file - Current busy worker size: 0.
[2026-07-25T21:33:08.940] [DEBUG] debug-file - hvigor build process will be closed.
[2026-07-25T21:33:08.943] [DEBUG] debug-file - Current worker pool is terminated.
[2026-07-25T21:33:08.944] [DEBUG] debug-file - worker[1] exits with exit code 1.
[2026-07-25T21:33:08.944] [DEBUG] debug-file - worker[0] exits with exit code 1.
[2026-07-25T21:33:08.951] [DEBUG] debug-file - worker[14] exits with exit code 1.
[2026-07-25T21:33:08.984] [DEBUG] debug-file - worker[4] exits with exit code 1.
[2026-07-25T21:33:56.746] [DEBUG] debug-file - env: nodejsVersion=v18.20.1
[2026-07-25T21:33:57.351] [DEBUG] debug-file - Hvigor init with startParameters:{
  hvigorfileTypeCheck: false,
  parallelExecution: true,
  incrementalExecution: true,
  printStackTrace: false,
  daemon: false,
  analyze: 0,
  logLevel: Level { level: 20000, levelStr: 'INFO', colour: 'green' },
  optimizationStrategy: 'memory',
  hotCompile: undefined,
  hotReloadBuild: undefined,
  customizedParam: undefined
}
[2026-07-25T21:34:02.099] [DEBUG] debug-file - hvigorfile, require result:  { default: { system: [Function: appTasks], plugins: [] } }
[2026-07-25T21:34:02.103] [DEBUG] debug-file - Starting plugin build process
[2026-07-25T21:34:02.292] [DEBUG] debug-file - Start initialize project's product build option map with build mode debug.
[2026-07-25T21:34:02.288] [DEBUG] debug-file - App plugin register hook start...
[2026-07-25T21:34:02.299] [DEBUG] debug-file - Obtain build option for product 'default'in this build.
[2026-07-25T21:34:02.388] [DEBUG] debug-file - failed to load cangjie to dynamically generate schemas: Error: Cannot find module '@ohos/cangjie-build-support/index'
Require stack:
- D:\Soft\DevEco\devecostudio-windows-6.1.1.290\DevEco Studio\tools\hvigor\hvigor-ohos-plugin\src\plugin\hooks\cangjie-register.js
- D:\Soft\DevEco\devecostudio-windows-6.1.1.290\DevEco Studio\tools\hvigor\hvigor-ohos-plugin\src\plugin\strategy\stage-init-strategy.js
- D:\Soft\DevEco\devecostudio-windows-6.1.1.290\DevEco Studio\tools\hvigor\hvigor-ohos-plugin\src\plugin\builder\abstract-plugin-builder.js
- D:\Soft\DevEco\devecostudio-windows-6.1.1.290\DevEco Studio\tools\hvigor\hvigor-ohos-plugin\src\plugin\builder\app-plugin-builder.js
- D:\Soft\DevEco\devecostudio-windows-6.1.1.290\DevEco Studio\tools\hvigor\hvigor-ohos-plugin\src\plugin\factory\plugin-factory.js
- D:\Soft\DevEco\devecostudio-windows-6.1.1.290\DevEco Studio\tools\hvigor\hvigor-ohos-plugin\index.js
- C:\Users\H1314\Desktop\foodkeeper\Foodkeeper-v1.0\hvigorfile.ts
- D:\Soft\DevEco\devecostudio-windows-6.1.1.290\DevEco Studio\tools\hvigor\hvigor\src\base\internal\lifecycle\configuration.js
- D:\Soft\DevEco\devecostudio-windows-6.1.1.290\DevEco Studio\tools\hvigor\hvigor\src\base\boot\index.js
- D:\Soft\DevEco\devecostudio-windows-6.1.1.290\DevEco Studio\tools\hvigor\hvigor\src\cli\main\cli.js
- D:\Soft\DevEco\devecostudio-windows-6.1.1.290\DevEco Studio\tools\hvigor\hvigor\bin\hvigor.js
[2026-07-25T21:34:02.321] [DEBUG] debug-file - Start recording SDK configuration permission data.
[2026-07-25T21:34:02.406] [DEBUG] debug-file - Start initialize module-target build option map, moduleName=entry, buildMode=debug
[2026-07-25T21:34:02.414] [DEBUG] debug-file - project has submodules:entry
[2026-07-25T21:34:02.418] [DEBUG] debug-file - start to load updatedOhPackageInfo to the disk
[2026-07-25T21:34:02.448] [DEBUG] debug-file - Start to initialize dependency information.
[2026-07-25T21:34:02.474] [DEBUG] debug-file - Executing task :entry:default@PreBuild
[2026-07-25T21:34:02.520] [DEBUG] debug-file - Executing task :entry:default@GenerateMetadata
[2026-07-25T21:34:02.538] [DEBUG] debug-file - Executing task :entry:default@CreateBuildProfile
[2026-07-25T21:34:02.546] [DEBUG] debug-file - Executing task :entry:default@PreCheckSyscap
[2026-07-25T21:34:02.549] [DEBUG] debug-file - Executing task :entry:default@GeneratePkgContextInfo
[2026-07-25T21:34:02.368] [DEBUG] debug-file - Project task initialization takes 11 ms 
[2026-07-25T21:34:02.582] [DEBUG] debug-file - Executing task :entry:default@BuildNativeWithCmake
[2026-07-25T21:34:02.585] [DEBUG] debug-file - Executing task :entry:default@MakePackInfo
[2026-07-25T21:34:02.596] [DEBUG] debug-file - Executing task :entry:default@SyscapTransform
[2026-07-25T21:34:02.613] [DEBUG] debug-file - Executing task :entry:default@ProcessProfile
[2026-07-25T21:34:02.619] [DEBUG] debug-file - Executing task :entry:default@ProcessRouterMap
[2026-07-25T21:34:02.630] [DEBUG] debug-file - Executing task :entry:default@ProcessShareConfig
[2026-07-25T21:34:02.577] [DEBUG] debug-file - Executing task :entry:default@ProcessIntegratedHsp
[2026-07-25T21:34:02.640] [DEBUG] debug-file - Executing task :entry:default@ProcessStartupConfig
[2026-07-25T21:34:02.647] [DEBUG] debug-file - Executing task :entry:default@BuildNativeWithNinja
[2026-07-25T21:34:02.664] [DEBUG] debug-file - Executing task :entry:default@GenerateLoaderJson
[2026-07-25T21:34:02.695] [DEBUG] debug-file - Executing task :entry:default@ProcessLibs
[2026-07-25T21:34:02.654] [DEBUG] debug-file - Executing task :entry:default@ProcessResource
[2026-07-25T21:34:02.704] [DEBUG] debug-file - Executing task :entry:default@CompileResource
[2026-07-25T21:34:02.755] [DEBUG] debug-file - Executing task :entry:default@DoNativeStrip
[2026-07-25T21:34:02.839] [DEBUG] debug-file - Create  resident worker with id: 0.
[2026-07-25T21:33:56.748] [DEBUG] debug-file - env: hvigor-config.json5 content = {
  modelVersion: '6.1.1',
  dependencies: {},
  execution: {},
  logging: {},
  debugging: {},
  nodeOptions: {}
}
[2026-07-25T21:34:02.763] [DEBUG] debug-file - Executing task :entry:default@CompileArkTS
[2026-07-25T21:34:02.850] [DEBUG] debug-file - Executing task :entry:default@BuildJS
[2026-07-25T21:33:57.357] [DEBUG] debug-file - Cache service initialization finished in 7 ms 
[2026-07-25T21:34:02.100] [DEBUG] debug-file - hvigorfile, binding system plugins [Function: appTasks]
[2026-07-25T21:34:02.103] [DEBUG] debug-file - App plugin prepare start...
[2026-07-25T21:34:02.292] [DEBUG] debug-file - Picking option from product 'default' with build mode 'debug'.
[2026-07-25T21:34:02.288] [DEBUG] debug-file - App plugin register hook end...
[2026-07-25T21:34:02.308] [DEBUG] debug-file - C:\Users\H1314\Desktop\foodkeeper\Foodkeeper-v1.0\build\cache\default\remote_hsp\remoteHspCache.json not exists.
[2026-07-25T21:34:02.355] [DEBUG] debug-file - Sdk init in 46 ms 
[2026-07-25T21:34:02.406] [DEBUG] debug-file - Target 'default' config initialized
[2026-07-25T21:34:02.423] [DEBUG] debug-file - load to the disk finished
[2026-07-25T21:34:02.455] [DEBUG] debug-file - Module entry Collected Dependency: 
[2026-07-25T21:34:02.478] [DEBUG] debug-file - Task 'entry:default@PreBuild' cost while wrapping incremental declarations: 1 ms 
[2026-07-25T21:34:02.522] [DEBUG] debug-file - Task 'entry:default@GenerateMetadata' cost while wrapping incremental declarations: 2 ms 
[2026-07-25T21:34:02.539] [DEBUG] debug-file - Task 'entry:default@CreateBuildProfile' cost while wrapping incremental declarations: 1 ms 
[2026-07-25T21:34:02.546] [DEBUG] debug-file - entry : default@PreCheckSyscap cost memory 0.01343536376953125
[2026-07-25T21:34:02.558] [DEBUG] debug-file - Task 'entry:default@GeneratePkgContextInfo' cost while wrapping incremental declarations: 1 ms 
[2026-07-25T21:34:02.368] [DEBUG] debug-file - hvigorfile, begin to bind custom plugins...
[2026-07-25T21:34:02.582] [DEBUG] debug-file - entry : default@BuildNativeWithCmake cost memory 0.0137481689453125
[2026-07-25T21:34:02.592] [DEBUG] debug-file - Incremental task entry:default@MakePackInfo pre-execution cost: 6 ms .
[2026-07-25T21:34:02.596] [DEBUG] debug-file - File: 'C:\Users\H1314\Desktop\foodkeeper\Foodkeeper-v1.0\entry\src\main\syscap.json' from 'sysCapJsonPath' is not exists, just ignore.
[2026-07-25T21:34:02.615] [DEBUG] debug-file - Task 'entry:default@ProcessProfile' cost while wrapping incremental declarations: 1 ms 
[2026-07-25T21:34:02.626] [DEBUG] debug-file - Incremental task entry:default@ProcessRouterMap pre-execution cost: 6 ms .
[2026-07-25T21:34:02.636] [DEBUG] debug-file - Incremental task entry:default@ProcessShareConfig pre-execution cost: 5 ms .
[2026-07-25T21:34:02.578] [DEBUG] debug-file - entry:default@ProcessIntegratedHsp is not up-to-date, since the output file 'C:\Users\H1314\Desktop\foodkeeper\Foodkeeper-v1.0\build\cache\default\integrated_hsp\integratedHspCache.json' does not exist.
[2026-07-25T21:34:02.641] [DEBUG] debug-file - Task 'entry:default@ProcessStartupConfig' cost while wrapping incremental declarations: 1 ms 
[2026-07-25T21:34:02.647] [DEBUG] debug-file - entry : default@BuildNativeWithNinja cost memory 0.0231781005859375
[2026-07-25T21:34:02.666] [DEBUG] debug-file - Task 'entry:default@GenerateLoaderJson' cost while wrapping incremental declarations: 1 ms 
[2026-07-25T21:34:02.700] [DEBUG] debug-file - Incremental task entry:default@ProcessLibs pre-execution cost: 4 ms .
[2026-07-25T21:34:02.654] [DEBUG] debug-file - Task 'entry:default@ProcessResource' cost while wrapping incremental declarations: 1 ms 
[2026-07-25T21:34:02.748] [DEBUG] debug-file - Incremental task entry:default@CompileResource pre-execution cost: 42 ms .
[2026-07-25T21:34:02.755] [DEBUG] debug-file - File: 'C:\Users\H1314\Desktop\foodkeeper\Foodkeeper-v1.0\entry\build\default\intermediates\binxo\default' from 'doBinxoNativeLibs' is not exists, just ignore.
[2026-07-25T21:34:02.841] [DEBUG] debug-file - Create  resident worker with id: 1.
[2026-07-25T21:33:56.751] [DEBUG] debug-file - env: daemon=false
[2026-07-25T21:34:02.763] [DEBUG] debug-file - obfuscationOptions: undefined
[2026-07-25T21:34:02.850] [DEBUG] debug-file - Task 'entry:default@BuildJS' cost while wrapping incremental declarations: 1 ms 
[2026-07-25T21:33:57.359] [DEBUG] debug-file - hvigorfile, resolving C:\Users\H1314\Desktop\foodkeeper\Foodkeeper-v1.0\hvigorfile.ts
[2026-07-25T21:34:02.103] [DEBUG] debug-file - App plugin prepare end...
[2026-07-25T21:34:02.292] [DEBUG] debug-file - Product 'default' build option initialized
[2026-07-25T21:34:02.288] [DEBUG] debug-file - Plugin build process completed
[2026-07-25T21:34:02.311] [DEBUG] debug-file - Local scan or download HarmonyOS sdk components toolchains,ets,js,native,previewer
[2026-07-25T21:34:02.407] [DEBUG] debug-file - Target 'ohosTest' config initialized
[2026-07-25T21:34:02.425] [DEBUG] debug-file - Start to initialize dependency information.
[2026-07-25T21:34:02.455] [DEBUG] debug-file - Module entry's total dependency: 0
[2026-07-25T21:34:02.501] [DEBUG] debug-file - Incremental task entry:default@PreBuild pre-execution cost: 16 ms .
[2026-07-25T21:34:02.526] [DEBUG] debug-file - Incremental task entry:default@GenerateMetadata pre-execution cost: 4 ms .
[2026-07-25T21:34:02.542] [DEBUG] debug-file - Incremental task entry:default@CreateBuildProfile pre-execution cost: 3 ms .
[2026-07-25T21:34:02.546] [DEBUG] debug-file - runTaskFromQueue task cost before running: 5 s 209 ms 
[2026-07-25T21:34:02.560] [DEBUG] debug-file - Incremental task entry:default@GeneratePkgContextInfo pre-execution cost: 2 ms .
[2026-07-25T21:34:02.582] [DEBUG] debug-file - runTaskFromQueue task cost before running: 5 s 245 ms 
[2026-07-25T21:34:02.368] [DEBUG] debug-file - hvigorfile, no custom plugins were found in C:\Users\H1314\Desktop\foodkeeper\Foodkeeper-v1.0\hvigorfile.ts
[2026-07-25T21:34:02.592] [DEBUG] debug-file - entry : default@MakePackInfo cost memory 0.1356201171875
[2026-07-25T21:34:02.597] [DEBUG] debug-file - Task 'entry:default@SyscapTransform' cost while wrapping incremental declarations: 2 ms 
[2026-07-25T21:34:02.617] [DEBUG] debug-file - Incremental task entry:default@ProcessProfile pre-execution cost: 2 ms .
[2026-07-25T21:34:02.636] [DEBUG] debug-file - entry : default@ProcessShareConfig cost memory 0.15750885009765625
[2026-07-25T21:34:02.626] [DEBUG] debug-file - entry : default@ProcessRouterMap cost memory 0.181060791015625
[2026-07-25T21:34:02.578] [DEBUG] debug-file - Incremental task entry:default@ProcessIntegratedHsp pre-execution cost: 1 ms .
[2026-07-25T21:34:02.643] [DEBUG] debug-file - entry:default@ProcessStartupConfig is not up-to-date, since the output file 'C:\Users\H1314\Desktop\foodkeeper\Foodkeeper-v1.0\entry\build\default\intermediates\startup\default\startup_config.json' does not exist.
[2026-07-25T21:34:02.648] [DEBUG] debug-file - runTaskFromQueue task cost before running: 5 s 311 ms 
[2026-07-25T21:34:02.685] [DEBUG] debug-file - Incremental task entry:default@GenerateLoaderJson pre-execution cost: 12 ms .
[2026-07-25T21:34:02.700] [DEBUG] debug-file - entry : default@ProcessLibs cost memory 0.12603759765625
[2026-07-25T21:34:02.656] [DEBUG] debug-file - Incremental task entry:default@ProcessResource pre-execution cost: 2 ms .
[2026-07-25T21:34:02.748] [DEBUG] debug-file - entry : default@CompileResource cost memory 0.7863235473632812
[2026-07-25T21:34:02.755] [DEBUG] debug-file - Task 'entry:default@DoNativeStrip' cost while wrapping incremental declarations: 1 ms 
[2026-07-25T21:33:56.751] [DEBUG] debug-file - no-daemon, use the parent process.execArgv --max-old-space-size=8192,--max-semi-space-size=16,--expose-gc
[2026-07-25T21:34:02.843] [DEBUG] debug-file - default@CompileArkTS work[0] is submitted.
[2026-07-25T21:34:02.765] [DEBUG] debug-file - Task 'entry:default@CompileArkTS' cost while wrapping incremental declarations: 1 ms 
[2026-07-25T21:34:02.857] [DEBUG] debug-file - entry : default@BuildJS cost memory 0.17510223388671875
[2026-07-25T21:34:02.292] [DEBUG] debug-file - End initialize project's product build option map with build mode 'debug'.
[2026-07-25T21:34:02.103] [DEBUG] debug-file - App plugin creating...
[2026-07-25T21:34:02.315] [DEBUG] debug-file - Local scan or download hmscore sdk components toolchains,ets,native
[2026-07-25T21:34:02.407] [DEBUG] debug-file - Module 'entry' target 'default' build option initialized
[2026-07-25T21:34:02.445] [DEBUG] debug-file - Module Foodkeeper-v1.0 Collected Dependency: 
[2026-07-25T21:34:02.459] [DEBUG] debug-file - Configuration phase cost:5 s 102 ms 
[2026-07-25T21:34:02.501] [DEBUG] debug-file - entry : default@PreBuild cost memory 1.0275650024414062
[2026-07-25T21:34:02.526] [DEBUG] debug-file - entry : default@GenerateMetadata cost memory 0.307281494140625
[2026-07-25T21:34:02.546] [INFO] debug-file - Finished :entry:default@PreCheckSyscap... after 1 ms 
[2026-07-25T21:34:02.542] [DEBUG] debug-file - entry : default@CreateBuildProfile cost memory 0.1041107177734375
[2026-07-25T21:34:02.560] [DEBUG] debug-file - entry : default@GeneratePkgContextInfo cost memory 0.2432403564453125
[2026-07-25T21:34:02.582] [INFO] debug-file - Finished :entry:default@BuildNativeWithCmake... after 1 ms 
[2026-07-25T21:34:02.368] [DEBUG] debug-file - hvigorfile, resolve finished C:\Users\H1314\Desktop\foodkeeper\Foodkeeper-v1.0\hvigorfile.ts
[2026-07-25T21:34:02.593] [INFO] debug-file - UP-TO-DATE :entry:default@MakePackInfo...  
[2026-07-25T21:34:02.609] [DEBUG] debug-file - entry:default@SyscapTransform is not up-to-date, since the output file 'C:\Users\H1314\Desktop\foodkeeper\Foodkeeper-v1.0\entry\build\default\intermediates\syscap\default\rpcid.sc' does not exist.
[2026-07-25T21:34:02.617] [DEBUG] debug-file - entry : default@ProcessProfile cost memory 0.14443206787109375
[2026-07-25T21:34:02.637] [INFO] debug-file - UP-TO-DATE :entry:default@ProcessShareConfig...  
[2026-07-25T21:34:02.627] [INFO] debug-file - UP-TO-DATE :entry:default@ProcessRouterMap...  
[2026-07-25T21:34:02.578] [DEBUG] debug-file - entry : default@ProcessIntegratedHsp cost memory 0.04985809326171875
[2026-07-25T21:34:02.648] [INFO] debug-file - Finished :entry:default@BuildNativeWithNinja... after 1 ms 
[2026-07-25T21:34:02.643] [DEBUG] debug-file - Incremental task entry:default@ProcessStartupConfig pre-execution cost: 2 ms .
[2026-07-25T21:34:02.685] [DEBUG] debug-file - entry : default@GenerateLoaderJson cost memory 0.6252593994140625
[2026-07-25T21:34:02.700] [INFO] debug-file - UP-TO-DATE :entry:default@ProcessLibs...  
[2026-07-25T21:34:02.657] [DEBUG] debug-file - entry : default@ProcessResource cost memory 0.1614837646484375
[2026-07-25T21:34:02.751] [INFO] debug-file - UP-TO-DATE :entry:default@CompileResource...  
[2026-07-25T21:34:02.758] [DEBUG] debug-file - Incremental task entry:default@DoNativeStrip pre-execution cost: 3 ms .
[2026-07-25T21:34:02.844] [DEBUG] debug-file - default@CompileArkTS work[0] is pushed to ready queue.
[2026-07-25T21:34:02.799] [DEBUG] debug-file - entry:default@CompileArkTS is not up-to-date, since the input file 'C:\Users\H1314\Desktop\foodkeeper\Foodkeeper-v1.0\entry\src\main\ets' has been changed.
[2026-07-25T21:34:02.857] [DEBUG] debug-file - runTaskFromQueue task cost before running: 5 s 521 ms 
[2026-07-25T21:34:02.407] [DEBUG] debug-file - Module 'entry' target 'ohosTest' build option initialized
[2026-07-25T21:34:02.445] [DEBUG] debug-file - Module Foodkeeper-v1.0's total dependency: 0
[2026-07-25T21:34:02.507] [INFO] debug-file - UP-TO-DATE :entry:default@PreBuild...  
[2026-07-25T21:34:02.461] [DEBUG] debug-file - Configuration task cost before running: 5 s 124 ms 
[2026-07-25T21:34:02.526] [INFO] debug-file - UP-TO-DATE :entry:default@GenerateMetadata...  
[2026-07-25T21:34:02.542] [INFO] debug-file - UP-TO-DATE :entry:default@CreateBuildProfile...  
[2026-07-25T21:34:02.560] [INFO] debug-file - UP-TO-DATE :entry:default@GeneratePkgContextInfo...  
[2026-07-25T21:34:02.369] [DEBUG] debug-file - hvigorfile, resolving C:\Users\H1314\Desktop\foodkeeper\Foodkeeper-v1.0\entry\hvigorfile.ts
[2026-07-25T21:34:02.617] [INFO] debug-file - UP-TO-DATE :entry:default@ProcessProfile...  
[2026-07-25T21:34:02.609] [DEBUG] debug-file - Incremental task entry:default@SyscapTransform pre-execution cost: 13 ms .
[2026-07-25T21:34:02.578] [DEBUG] debug-file - runTaskFromQueue task cost before running: 5 s 241 ms 
[2026-07-25T21:34:02.650] [DEBUG] debug-file - restool module names: entry; moduleName=entry, taskName=default@ProcessResource
[2026-07-25T21:34:02.644] [DEBUG] debug-file - entry : default@ProcessStartupConfig cost memory 0.15216827392578125
[2026-07-25T21:34:02.692] [INFO] debug-file - UP-TO-DATE :entry:default@GenerateLoaderJson...  
[2026-07-25T21:34:02.702] [DEBUG] debug-file - restool module names: entry; moduleName=entry, taskName=default@CompileResource
[2026-07-25T21:34:02.660] [INFO] debug-file - UP-TO-DATE :entry:default@ProcessResource...  
[2026-07-25T21:34:02.758] [DEBUG] debug-file - entry : default@DoNativeStrip cost memory 0.087066650390625
[2026-07-25T21:34:02.799] [DEBUG] debug-file - Incremental task entry:default@CompileArkTS pre-execution cost: 29 ms .
[2026-07-25T21:34:02.844] [DEBUG] debug-file - A work dispatched to worker[15] failed because unable to get work from ready queue.
[2026-07-25T21:34:02.858] [INFO] debug-file - Finished :entry:default@BuildJS... after 8 ms 
[2026-07-25T21:34:02.407] [DEBUG] debug-file - End initialize module-target build option map, moduleName=entry
[2026-07-25T21:34:02.509] [DEBUG] debug-file - Executing task :entry:default@CreateModuleInfo
[2026-07-25T21:34:02.528] [DEBUG] debug-file - Executing task :entry:default@ConfigureCmake
[2026-07-25T21:34:02.562] [DEBUG] debug-file - Executing task :entry:default@GeneratePkgSdkInfo
[2026-07-25T21:34:02.381] [DEBUG] debug-file - hvigorfile, require result:  { default: { system: [Function: hapTasks], plugins: [] } }
[2026-07-25T21:34:02.609] [DEBUG] debug-file - entry : default@SyscapTransform cost memory 0.15467071533203125
[2026-07-25T21:34:02.578] [INFO] debug-file - Finished :entry:default@ProcessIntegratedHsp... after 1 ms 
[2026-07-25T21:34:02.644] [DEBUG] debug-file - runTaskFromQueue task cost before running: 5 s 307 ms 
[2026-07-25T21:34:02.758] [INFO] debug-file - UP-TO-DATE :entry:default@DoNativeStrip...  
[2026-07-25T21:34:02.833] [DEBUG] debug-file - build config:
[2026-07-25T21:34:02.844] [DEBUG] debug-file - A work dispatched to worker[14] failed because unable to get work from ready queue.
[2026-07-25T21:34:02.407] [DEBUG] debug-file - Start initialize module-target build option map, moduleName=entry, buildMode=release
[2026-07-25T21:34:02.509] [DEBUG] debug-file - Task 'entry:default@CreateModuleInfo' cost while wrapping incremental declarations: 1 ms 
[2026-07-25T21:34:02.528] [DEBUG] debug-file - entry : default@ConfigureCmake cost memory 0.01210784912109375
[2026-07-25T21:34:02.567] [DEBUG] debug-file - Task 'entry:default@GeneratePkgSdkInfo' cost while wrapping incremental declarations: 1 ms 
[2026-07-25T21:34:02.381] [DEBUG] debug-file - hvigorfile, binding system plugins [Function: hapTasks]
[2026-07-25T21:34:02.610] [DEBUG] debug-file - runTaskFromQueue task cost before running: 5 s 273 ms 
[2026-07-25T21:34:02.644] [INFO] debug-file - Finished :entry:default@ProcessStartupConfig... after 4 ms 
[2026-07-25T21:34:02.833] [DEBUG] debug-file - {
  moduleType: 'entry',
  perf: 0,
  targetName: '.default',
  packageManagerType: 'ohpm',
  localPropertiesPath: 'C:\\Users\\H1314\\Desktop\\foodkeeper\\Foodkeeper-v1.0\\local.properties',
  isPreview: false,
  isOhosTest: false,
  isLocalTest: false,
  buildMode: 'Debug',
  hotReloadBuild: undefined,
  watchMode: 'false',
  aceProfilePath: 'C:\\Users\\H1314\\Desktop\\foodkeeper\\Foodkeeper-v1.0\\entry\\build\\default\\intermediates\\res\\default\\resources\\base\\profile',
  etsLoaderPath: 'D:\\Soft\\DevEco\\devecostudio-windows-6.1.1.290\\DevEco Studio\\sdk\\default\\openharmony\\ets\\build-tools\\ets-loader',
  modulePath: 'C:\\Users\\H1314\\Desktop\\foodkeeper\\Foodkeeper-v1.0\\entry',
  testFrameworkPar: {
    testMode: undefined,
    coveragePathFilter: undefined,
    coverageMode: undefined
  },
  needCoverageInsert: false,
  debugLine: false,
  projectTopDir: 'C:\\Users\\H1314\\Desktop\\foodkeeper\\Foodkeeper-v1.0',
  compileSdkVersion: 24,
  compatibleSdkVersion: 20,
  originCompatibleSdkVersion: '6.0.0(20)',
  compatibleSdkVersionStage: undefined,
  bundleName: 'c***r',
  etsLoaderVersion: '6.1.1.125',
  etsLoaderReleaseType: 'Release',
  aotCompileMode: 'type',
  apPath: 'C:\\Users\\H1314\\Desktop\\foodkeeper\\Foodkeeper-v1.0\\entry\\modules.ap',
  entryModuleName: 'entry',
  entryModuleVersion: '1.0.0',
  entryPackageName: 'entry',
  allModuleNameHash: '5a8e40311c990954e1242db61f4ac16a53f6772c738d7b9e71c868f46c672df2',
  externalApiPaths: [
    'D:\\Soft\\DevEco\\devecostudio-windows-6.1.1.290\\DevEco Studio\\sdk\\default\\hms\\ets'
  ],
  compilerTypes: [],
  isCrossplatform: false,
  hvigorPluginFile: undefined,
  compilePluginPath: undefined,
  buildGeneratedProfilePath: 'C:\\Users\\H1314\\Desktop\\foodkeeper\\Foodkeeper-v1.0\\entry\\build\\default\\generated\\profile\\default',
  bundleType: 'app',
  arkTSVersion: undefined,
  apiVersion: 24,
  needCompleteSourcesMap: false,
  isFaMode: false,
  buildDir: 'C:\\Users\\H1314\\Desktop\\foodkeeper\\Foodkeeper-v1.0\\entry\\build',
  deviceTypes: [ 'phone' ],
  pkgContextInfo: {
    '@ohos/hypium': {
      packageName: '@ohos/hypium',
      bundleName: '*****',
      moduleName: '',
      version: '1.0.21',
      entryPath: 'index.js',
      isSO: false,
      dependencyAlias: ''
    },
    '@ohos/hamock': {
      packageName: '@ohos/hamock',
      bundleName: '*****',
      moduleName: '',
      version: '1.0.0',
      entryPath: 'index.ets',
      isSO: false,
      dependencyAlias: ''
    },
    entry: {
      packageName: 'entry',
      bundleName: '*****',
      moduleName: '',
      version: '',
      entryPath: 'src/main/',
      isSO: false,
      dependencyAlias: ''
    }
  },
  ohPackagePathMap: {},
  dependencyAliasMap: {},
  permission: { requestPermissions: undefined, definePermissions: undefined },
  useGetCurrentBundleName: false,
  projectArkOption: undefined,
  sourceMapDir: undefined,
  branchElimination: false,
  transformLib: undefined,
  tsImportSendable: false,
  resolveConflictMode: true,
  depName2RootPath: {},
  depName2DepInfo: {},
  depName2OhExports: {},
  rootPathSet: [ 'C:\\Users\\H1314\\Desktop\\foodkeeper\\Foodkeeper-v1.0' ],
  useNativeResolver: true,
  shouldEmitJs: true,
  useTscResolve: false,
  singleFileEmit: false,
  userProjectConfig: {
    autoLazyImport: false,
    allowEmptyBundleName: false,
    reExportCheckMode: 'noCheck',
    executionMode: 'memory',
    usePathPlaceholder: false,
    writeRollupCache: true,
    isExpandImportEnabled: false,
    expandImportExclude: '',
    lazyImportExclude: '',
    lazyImportInclude: '',
    ignoreCrossplatformCheck: false,
    isHarDeduplicateEnabled: false,
    skipOhModulesLint: false,
    enableStrictCheckOHModule: false,
    disableSendableCheckRules: [],
    useDeclarationFileSignature: false,
    customizedOptions: undefined,
    integratedHsp: false,
    isPreloadSoEnabled: false
  },
  executionMode: 'memory',
  arkCompileCachePath: 'C:\\Users\\H1314\\Desktop\\foodkeeper\\Foodkeeper-v1.0\\entry\\build\\default\\cache\\default\\default@CompileArkTS\\esmodule',
  autoLazyFilter: undefined,
  isHarDeduplicateEnabled: false,
  intermediateHarDuplicateDirPath: 'C:\\Users\\H1314\\Desktop\\foodkeeper\\Foodkeeper-v1.0\\entry\\build\\default\\intermediates\\har_duplicate\\default',
  autoLazyImport: false,
  allowEmptyBundleName: false,
  reExportCheckMode: 'noCheck',
  usePathPlaceholder: false,
  writeRollupCache: true,
  isExpandImportEnabled: false,
  expandImportExclude: '',
  lazyImportExclude: '',
  lazyImportInclude: '',
  ignoreCrossplatformCheck: false,
  skipOhModulesLint: false,
  enableStrictCheckOHModule: false,
  disableSendableCheckRules: [],
  useDeclarationFileSignature: false,
  customizedOptions: undefined,
  integratedHsp: false,
  isPreloadSoEnabled: false,
  strictMode: {
    caseSensitiveCheck: true,
    useNormalizedOHMUrl: true,
    noExternalImportByPath: true
  },
  useNormalizedOHMUrl: true,
  caseSensitiveCheck: true,
  strictCheckerOnly: false,
  aceModuleJsonPath: 'C:\\Users\\H1314\\Desktop\\foodkeeper\\Foodkeeper-v1.0\\entry\\build\\default\\intermediates\\res\\default\\ark_module.json',
  appResource: 'C:\\Users\\H1314\\Desktop\\foodkeeper\\Foodkeeper-v1.0\\entry\\build\\default\\intermediates\\res\\default\\ResourceTable.txt',
  rawFileResource: 'C:\\Users\\H1314\\Desktop\\foodkeeper\\Foodkeeper-v1.0\\entry\\build\\default\\intermediates\\res\\default\\resources\\rawfile',
  resourceTableHash: 'd81a83941c07883d4327563ba2cfe0ac7f68042912820a1577b99d29cbd144cc',
  runtimeOS: 'HarmonyOS',
  sdkInfo: 'false:24:6.1.1.125:Release',
  aceModuleRoot: 'C:\\Users\\H1314\\Desktop\\foodkeeper\\Foodkeeper-v1.0\\entry\\src\\main\\ets',
  compileMode: 'esmodule',
  aceSuperVisualPath: 'C:\\Users\\H1314\\Desktop\\foodkeeper\\Foodkeeper-v1.0\\entry\\src\\main\\supervisual',
  aceBuildJson: 'C:\\Users\\H1314\\Desktop\\foodkeeper\\Foodkeeper-v1.0\\entry\\build\\default\\intermediates\\loader\\default\\loader.json',
  cachePath: 'C:\\Users\\H1314\\Desktop\\foodkeeper\\Foodkeeper-v1.0\\entry\\build\\default\\cache\\default\\default@CompileArkTS\\esmodule\\debug',
  aceModuleBuild: 'C:\\Users\\H1314\\Desktop\\foodkeeper\\Foodkeeper-v1.0\\entry\\build\\default\\intermediates\\loader_out\\default\\ets',
  supportChunks: true,
  declaredFilesPath: undefined,
  shouldCollectDirectImportees: false,
  isByteCodeHarOptimize: false,
  expandImportPath: undefined,
  resourceTableTs: 'C:\\Users\\H1314\\Desktop\\foodkeeper\\Foodkeeper-v1.0\\entry\\build\\default\\generated\\r\\default\\ResourceTable.ts',
  moduleMetaInfoFiles: [
    {
      filePath: 'C:\\Users\\H1314\\Desktop\\foodkeeper\\Foodkeeper-v1.0\\entry\\build\\default\\generated\\r\\default\\ResourceTable.ts',
      ohmurl: '&entry/build/generated/r/ResourceTable&'
    }
  ],
  pkgNameToPkgBriefInfo: {
    entry: {
      pkgRoot: 'C:\\Users\\H1314\\Desktop\\foodkeeper\\Foodkeeper-v1.0\\entry',
      originalSourceRoots: undefined,
      sourceRoots: [Array],
      pkgName: 'entry'
    }
  },
  projectModel: {
    'C:\\Users\\H1314\\Desktop\\foodkeeper\\Foodkeeper-v1.0\\entry\\src\\main': {
      moduleName: 'entry',
      modulePkgPath: 'C:\\Users\\H1314\\Desktop\\foodkeeper\\Foodkeeper-v1.0\\entry',
      belongProjectPath: 'C:\\Users\\H1314\\Desktop\\foodkeeper\\Foodkeeper-v1.0'
    },
    'C:\\Users\\H1314\\Desktop\\foodkeeper\\Foodkeeper-v1.0\\entry\\.test\\default\\intermediates\\src\\ohosTest\\ets': {
      moduleName: 'entry_test',
      modulePkgPath: 'C:\\Users\\H1314\\Desktop\\foodkeeper\\Foodkeeper-v1.0\\entry',
      belongProjectPath: 'C:\\Users\\H1314\\Desktop\\foodkeeper\\Foodkeeper-v1.0'
    },
    'C:\\Users\\H1314\\Desktop\\foodkeeper\\Foodkeeper-v1.0\\entry\\src\\ohosTest': {
      moduleName: 'entry_test',
      modulePkgPath: 'C:\\Users\\H1314\\Desktop\\foodkeeper\\Foodkeeper-v1.0\\entry',
      belongProjectPath: 'C:\\Users\\H1314\\Desktop\\foodkeeper\\Foodkeeper-v1.0'
    },
    'C:\\Users\\H1314\\Desktop\\foodkeeper\\Foodkeeper-v1.0\\entry': {
      moduleName: 'entry',
      modulePkgPath: 'C:\\Users\\H1314\\Desktop\\foodkeeper\\Foodkeeper-v1.0\\entry',
      belongProjectPath: 'C:\\Users\\H1314\\Desktop\\foodkeeper\\Foodkeeper-v1.0'
    },
    'C:\\Users\\H1314\\Desktop\\foodkeeper\\Foodkeeper-v1.0': {
      moduleName: 'Foodkeeper-v1.0',
      modulePkgPath: 'C:\\Users\\H1314\\Desktop\\foodkeeper\\Foodkeeper-v1.0',
      belongProjectPath: 'C:\\Users\\H1314\\Desktop\\foodkeeper\\Foodkeeper-v1.0'
    }
  },
  pkgJsonFileHash: '7c73f54ab7f6179c8b46a9f252100c68cf10ae6dd80f95f858f353cadb446f0e',
  allModulePaths: [ 'C:\\Users\\H1314\\Desktop\\foodkeeper\\Foodkeeper-v1.0\\entry' ],
  routerMap: {},
  obfuscationOptions: undefined,
  byteCodeHarToDependencyKeys: undefined,
  compileBlockPkg: [],
  mockParams: {
    decorator: '@MockSetup',
    packageName: '@ohos/hamock',
    etsSourceRootPath: 'src/main/ets',
    mockConfigPath: 'C:\\Users\\H1314\\Desktop\\foodkeeper\\Foodkeeper-v1.0\\entry\\src\\mock\\mock-config.json5',
    mockConfigKey2ModuleInfo: {},
    source2ModuleIdMap: {}
  },
  copyCodeResourceEnable: false,
  copyCodeResourceExcludes: [],
  copyCodeResourceIncludes: undefined,
  uiTransformOptimization: false,
  sdkPath: 'D:/Soft/DevEco/devecostudio-windows-6.1.1.290/DevEco Studio/sdk',
  needPreloadSoFileSet: {},
  preloadSoFilePath: 'C:\\Users\\H1314\\Desktop\\foodkeeper\\Foodkeeper-v1.0\\entry\\build\\default\\intermediates\\preload\\default\\preload.json',
  useSourceHash: false,
  localModuleParamMap: {},
  otherPaths: {
    'entry/*': [
      '..\\*',
      '..\\..\\..\\build\\default\\generated\\profile\\default\\*'
    ]
  },
  collectImportersConfig: undefined
}
[2026-07-25T21:34:02.844] [DEBUG] debug-file - A work dispatched to worker[13] failed because unable to get work from ready queue.
[2026-07-25T21:34:02.407] [DEBUG] debug-file - Target 'default' config initialized
[2026-07-25T21:34:02.510] [DEBUG] debug-file - entry : default@CreateModuleInfo cost memory 0.03804779052734375
[2026-07-25T21:34:02.528] [DEBUG] debug-file - runTaskFromQueue task cost before running: 5 s 191 ms 
[2026-07-25T21:34:02.568] [DEBUG] debug-file - entry : default@GeneratePkgSdkInfo cost memory 0.1412353515625
[2026-07-25T21:34:02.381] [DEBUG] debug-file - Starting plugin build process
[2026-07-25T21:34:02.610] [INFO] debug-file - Finished :entry:default@SyscapTransform... after 14 ms 
[2026-07-25T21:34:02.834] [DEBUG] debug-file - Compile arkts with external api path: D:\Soft\DevEco\devecostudio-windows-6.1.1.290\DevEco Studio\sdk\default\hms\ets
[2026-07-25T21:34:02.844] [DEBUG] debug-file - A work dispatched to worker[12] failed because unable to get work from ready queue.
[2026-07-25T21:34:02.407] [DEBUG] debug-file - Target 'ohosTest' config initialized
[2026-07-25T21:34:02.510] [DEBUG] debug-file - runTaskFromQueue task cost before running: 5 s 173 ms 
[2026-07-25T21:34:02.528] [INFO] debug-file - Finished :entry:default@ConfigureCmake... after 1 ms 
[2026-07-25T21:34:02.568] [DEBUG] debug-file - runTaskFromQueue task cost before running: 5 s 231 ms 
[2026-07-25T21:34:02.381] [DEBUG] debug-file - Hap plugin creating...
[2026-07-25T21:34:02.837] [DEBUG] debug-file - Since there is no instance or instance is terminated, create a new worker pool.
[2026-07-25T21:34:02.844] [DEBUG] debug-file - A work dispatched to worker[11] failed because unable to get work from ready queue.
[2026-07-25T21:34:02.407] [DEBUG] debug-file - Module 'entry' target 'default' build option initialized
[2026-07-25T21:34:02.510] [INFO] debug-file - Finished :entry:default@CreateModuleInfo... after 2 ms 
[2026-07-25T21:34:02.530] [DEBUG] debug-file - Executing task :entry:default@MergeProfile
[2026-07-25T21:34:02.568] [INFO] debug-file - Finished :entry:default@GeneratePkgSdkInfo... after 7 ms 
[2026-07-25T21:34:02.837] [DEBUG] debug-file - Worker pool is initialized with config:  {
  minPoolNum: 2,
  maxPoolNum: undefined,
  maxCoreSize: undefined,
  cacheCapacity: undefined,
  cacheTtl: undefined
}
[2026-07-25T21:34:02.844] [DEBUG] debug-file - A work dispatched to worker[10] failed because unable to get work from ready queue.
[2026-07-25T21:34:02.407] [DEBUG] debug-file - Module 'entry' target 'ohosTest' build option initialized
[2026-07-25T21:34:02.530] [DEBUG] debug-file - Task 'entry:default@MergeProfile' cost while wrapping incremental declarations: 1 ms 
[2026-07-25T21:34:02.844] [DEBUG] debug-file - A work dispatched to worker[9] failed because unable to get work from ready queue.
[2026-07-25T21:34:02.407] [DEBUG] debug-file - End initialize module-target build option map, moduleName=entry
[2026-07-25T21:34:02.535] [DEBUG] debug-file - Incremental task entry:default@MergeProfile pre-execution cost: 5 ms .
[2026-07-25T21:34:02.844] [DEBUG] debug-file - A work dispatched to worker[8] failed because unable to get work from ready queue.
[2026-07-25T21:34:02.407] [DEBUG] debug-file - Start initialize module-target build option map, moduleName=entry, buildMode=debug
[2026-07-25T21:34:02.535] [DEBUG] debug-file - entry : default@MergeProfile cost memory 0.12467193603515625
[2026-07-25T21:34:02.844] [DEBUG] debug-file - A work dispatched to worker[7] failed because unable to get work from ready queue.
[2026-07-25T21:34:02.407] [DEBUG] debug-file - Target 'default' config initialized
[2026-07-25T21:34:02.535] [INFO] debug-file - UP-TO-DATE :entry:default@MergeProfile...  
[2026-07-25T21:34:02.844] [DEBUG] debug-file - A work dispatched to worker[6] failed because unable to get work from ready queue.
[2026-07-25T21:34:02.408] [DEBUG] debug-file - Target 'ohosTest' config initialized
[2026-07-25T21:34:02.844] [DEBUG] debug-file - A work dispatched to worker[5] failed because unable to get work from ready queue.
[2026-07-25T21:34:02.408] [DEBUG] debug-file - Module 'entry' target 'default' build option initialized
[2026-07-25T21:34:02.844] [DEBUG] debug-file - Create  resident worker with id: 4.
[2026-07-25T21:34:02.408] [DEBUG] debug-file - Module 'entry' target 'ohosTest' build option initialized
[2026-07-25T21:34:02.846] [DEBUG] debug-file - default@CompileArkTS work[0] has been dispatched to worker[4].
[2026-07-25T21:34:02.408] [DEBUG] debug-file - End initialize module-target build option map, moduleName=entry
[2026-07-25T21:34:02.846] [DEBUG] debug-file - default@CompileArkTS work[0] is dispatched.
[2026-07-25T21:34:02.408] [DEBUG] debug-file - Obtain build option for module 'entry' target 'default'in this build.
[2026-07-25T21:34:02.846] [DEBUG] debug-file - entry : default@CompileArkTS cost memory 3.0446929931640625
[2026-07-25T21:34:02.412] [DEBUG] debug-file - Module entry task initialization takes 4 ms 
[2026-07-25T21:34:02.412] [DEBUG] debug-file - Hap plugin register hook start...
[2026-07-25T21:34:02.413] [DEBUG] debug-file - Hap plugin register hook end...
[2026-07-25T21:34:02.413] [DEBUG] debug-file - Plugin build process completed
[2026-07-25T21:34:02.413] [DEBUG] debug-file - hvigorfile, begin to bind custom plugins...
[2026-07-25T21:34:02.413] [DEBUG] debug-file - hvigorfile, no custom plugins were found in C:\Users\H1314\Desktop\foodkeeper\Foodkeeper-v1.0\entry\hvigorfile.ts
[2026-07-25T21:34:02.413] [DEBUG] debug-file - hvigorfile, resolve finished C:\Users\H1314\Desktop\foodkeeper\Foodkeeper-v1.0\entry\hvigorfile.ts
[2026-07-25T21:34:02.861] [DEBUG] debug-file - Executing task :entry:default@CacheNativeLibs
[2026-07-25T21:34:02.861] [DEBUG] debug-file - File: 'C:\Users\H1314\Desktop\foodkeeper\Foodkeeper-v1.0\entry\build\default\intermediates\binxo\default' from 'cacheBinxoNativeLibs' is not exists, just ignore.
[2026-07-25T21:34:02.861] [DEBUG] debug-file - Task 'entry:default@CacheNativeLibs' cost while wrapping incremental declarations: 1 ms 
[2026-07-25T21:34:02.866] [DEBUG] debug-file - Incremental task entry:default@CacheNativeLibs pre-execution cost: 5 ms .
[2026-07-25T21:34:02.866] [DEBUG] debug-file - entry : default@CacheNativeLibs cost memory 0.1185150146484375
[2026-07-25T21:34:02.866] [INFO] debug-file - UP-TO-DATE :entry:default@CacheNativeLibs...  
[2026-07-25T21:34:15.128] [WARN] debug-file - [33mWARN: [33m[33mArkTS:WARN File: C:/Users/H1314/Desktop/foodkeeper/Foodkeeper-v1.0/entry/src/main/ets/store/InventoryStore.ets:264:24
 Function may throw exceptions. Special handling is required.
[39m[39m
[33mWARN: [33m[33mArkTS:WARN File: C:/Users/H1314/Desktop/foodkeeper/Foodkeeper-v1.0/entry/src/main/ets/store/InventoryStore.ets:285:24
 Function may throw exceptions. Special handling is required.
[39m[39m
[33mWARN: [33m[33mArkTS:WARN File: C:/Users/H1314/Desktop/foodkeeper/Foodkeeper-v1.0/entry/src/main/ets/store/InventoryStore.ets:343:11
 Function may throw exceptions. Special handling is required.
[39m[39m
[33mWARN: [33m[33mArkTS:WARN File: C:/Users/H1314/Desktop/foodkeeper/Foodkeeper-v1.0/entry/src/main/ets/store/InventoryStore.ets:344:11
 Function may throw exceptions. Special handling is required.
[39m[39m
[33mWARN: [33m[33mArkTS:WARN File: C:/Users/H1314/Desktop/foodkeeper/Foodkeeper-v1.0/entry/src/main/ets/pages/HomePage.ets:34:42
 'matchMediaSync' has been deprecated.
[39m[39m
[33mWARN: [33m[33mArkTS:WARN File: C:/Users/H1314/Desktop/foodkeeper/Foodkeeper-v1.0/entry/src/main/ets/pages/HomePage.ets:113:5
 Function may throw exceptions. Special handling is required.
[39m[39m
[33mWARN: [33m[33mArkTS:WARN File: C:/Users/H1314/Desktop/foodkeeper/Foodkeeper-v1.0/entry/src/main/ets/pages/HomePage.ets:113:12
 'pushUrl' has been deprecated.
[39m[39m
[33mWARN: [33m[33mArkTS:WARN File: C:/Users/H1314/Desktop/foodkeeper/Foodkeeper-v1.0/entry/src/main/ets/pages/HomePage.ets:118:5
 Function may throw exceptions. Special handling is required.
[39m[39m
[33mWARN: [33m[33mArkTS:WARN File: C:/Users/H1314/Desktop/foodkeeper/Foodkeeper-v1.0/entry/src/main/ets/pages/HomePage.ets:118:12
 'pushUrl' has been deprecated.
[39m[39m
[33mWARN: [33m[33mArkTS:WARN File: C:/Users/H1314/Desktop/foodkeeper/Foodkeeper-v1.0/entry/src/main/ets/pages/HomePage.ets:128:5
 Function may throw exceptions. Special handling is required.
[39m[39m
[33mWARN: [33m[33mArkTS:WARN File: C:/Users/H1314/Desktop/foodkeeper/Foodkeeper-v1.0/entry/src/main/ets/pages/HomePage.ets:128:18
 'showToast' has been deprecated.
[39m[39m
[33mWARN: [33m[33mArkTS:WARN File: C:/Users/H1314/Desktop/foodkeeper/Foodkeeper-v1.0/entry/src/main/ets/pages/InventoryPage.ets:132:5
 Function may throw exceptions. Special handling is required.
[39m[39m
[33mWARN: [33m[33mArkTS:WARN File: C:/Users/H1314/Desktop/foodkeeper/Foodkeeper-v1.0/entry/src/main/ets/pages/InventoryPage.ets:132:12
 'pushUrl' has been deprecated.
[39m[39m
[33mWARN: [33m[33mArkTS:WARN File: C:/Users/H1314/Desktop/foodkeeper/Foodkeeper-v1.0/entry/src/main/ets/pages/InventoryPage.ets:136:5
 Function may throw exceptions. Special handling is required.
[39m[39m
[33mWARN: [33m[33mArkTS:WARN File: C:/Users/H1314/Desktop/foodkeeper/Foodkeeper-v1.0/entry/src/main/ets/pages/InventoryPage.ets:136:12
 'pushUrl' has been deprecated.
[39m[39m
[33mWARN: [33m[33mArkTS:WARN File: C:/Users/H1314/Desktop/foodkeeper/Foodkeeper-v1.0/entry/src/main/ets/pages/RecipePage.ets:173:7
 Function may throw exceptions. Special handling is required.
[39m[39m
[33mWARN: [33m[33mArkTS:WARN File: C:/Users/H1314/Desktop/foodkeeper/Foodkeeper-v1.0/entry/src/main/ets/pages/RecipePage.ets:173:20
 'showToast' has been deprecated.
[39m[39m
[33mWARN: [33m[33mArkTS:WARN File: C:/Users/H1314/Desktop/foodkeeper/Foodkeeper-v1.0/entry/src/main/ets/pages/RecipePage.ets:180:5
 Function may throw exceptions. Special handling is required.
[39m[39m
[33mWARN: [33m[33mArkTS:WARN File: C:/Users/H1314/Desktop/foodkeeper/Foodkeeper-v1.0/entry/src/main/ets/pages/RecipePage.ets:180:12
 'pushUrl' has been deprecated.
[39m[39m
[33mWARN: [33m[33mArkTS:WARN File: C:/Users/H1314/Desktop/foodkeeper/Foodkeeper-v1.0/entry/src/main/ets/pages/SettingsPage.ets:35:18
 'showDialog' has been deprecated.
[39m[39m
[33mWARN: [33m[33mArkTS:WARN File: C:/Users/H1314/Desktop/foodkeeper/Foodkeeper-v1.0/entry/src/main/ets/pages/SettingsPage.ets:48:20
 'showToast' has been deprecated.
[39m[39m
[33mWARN: [33m[33mArkTS:WARN File: C:/Users/H1314/Desktop/foodkeeper/Foodkeeper-v1.0/entry/src/main/ets/pages/SettingsPage.ets:60:22
 'showToast' has been deprecated.
[39m[39m
[33mWARN: [33m[33mArkTS:WARN File: C:/Users/H1314/Desktop/foodkeeper/Foodkeeper-v1.0/entry/src/main/ets/pages/SettingsPage.ets:66:22
 'showToast' has been deprecated.
[39m[39m
[33mWARN: [33m[33mArkTS:WARN File: C:/Users/H1314/Desktop/foodkeeper/Foodkeeper-v1.0/entry/src/main/ets/pages/SettingsPage.ets:70:7
 Function may throw exceptions. Special handling is required.
[39m[39m
[33mWARN: [33m[33mArkTS:WARN File: C:/Users/H1314/Desktop/foodkeeper/Foodkeeper-v1.0/entry/src/main/ets/pages/SettingsPage.ets:70:20
 'showToast' has been deprecated.
[39m[39m
[33mWARN: [33m[33mArkTS:WARN File: C:/Users/H1314/Desktop/foodkeeper/Foodkeeper-v1.0/entry/src/main/ets/pages/AddFoodPage.ets:34:27
 'getParams' has been deprecated.
[39m[39m
[33mWARN: [33m[33mArkTS:WARN File: C:/Users/H1314/Desktop/foodkeeper/Foodkeeper-v1.0/entry/src/main/ets/pages/AddFoodPage.ets:144:7
 Function may throw exceptions. Special handling is required.
[39m[39m
[33mWARN: [33m[33mArkTS:WARN File: C:/Users/H1314/Desktop/foodkeeper/Foodkeeper-v1.0/entry/src/main/ets/pages/AddFoodPage.ets:144:20
 'showToast' has been deprecated.
[39m[39m
[33mWARN: [33m[33mArkTS:WARN File: C:/Users/H1314/Desktop/foodkeeper/Foodkeeper-v1.0/entry/src/main/ets/pages/AddFoodPage.ets:149:7
 Function may throw exceptions. Special handling is required.
[39m[39m
[33mWARN: [33m[33mArkTS:WARN File: C:/Users/H1314/Desktop/foodkeeper/Foodkeeper-v1.0/entry/src/main/ets/pages/AddFoodPage.ets:149:20
 'showToast' has been deprecated.
[39m[39m
[33mWARN: [33m[33mArkTS:WARN File: C:/Users/H1314/Desktop/foodkeeper/Foodkeeper-v1.0/entry/src/main/ets/pages/AddFoodPage.ets:169:7
 Function may throw exceptions. Special handling is required.
[39m[39m
[33mWARN: [33m[33mArkTS:WARN File: C:/Users/H1314/Desktop/foodkeeper/Foodkeeper-v1.0/entry/src/main/ets/pages/AddFoodPage.ets:169:20
 'showToast' has been deprecated.
[39m[39m
[33mWARN: [33m[33mArkTS:WARN File: C:/Users/H1314/Desktop/foodkeeper/Foodkeeper-v1.0/entry/src/main/ets/pages/AddFoodPage.ets:184:9
 Function may throw exceptions. Special handling is required.
[39m[39m
[33mWARN: [33m[33mArkTS:WARN File: C:/Users/H1314/Desktop/foodkeeper/Foodkeeper-v1.0/entry/src/main/ets/pages/AddFoodPage.ets:184:22
 'showToast' has been deprecated.
[39m[39m
[33mWARN: [33m[33mArkTS:WARN File: C:/Users/H1314/Desktop/foodkeeper/Foodkeeper-v1.0/entry/src/main/ets/pages/AddFoodPage.ets:186:9
 Function may throw exceptions. Special handling is required.
[39m[39m
[33mWARN: [33m[33mArkTS:WARN File: C:/Users/H1314/Desktop/foodkeeper/Foodkeeper-v1.0/entry/src/main/ets/pages/AddFoodPage.ets:186:22
 'showToast' has been deprecated.
[39m[39m
[33mWARN: [33m[33mArkTS:WARN File: C:/Users/H1314/Desktop/foodkeeper/Foodkeeper-v1.0/entry/src/main/ets/pages/AddFoodPage.ets:190:29
 'back' has been deprecated.
[39m[39m
[33mWARN: [33m[33mArkTS:WARN File: C:/Users/H1314/Desktop/foodkeeper/Foodkeeper-v1.0/entry/src/main/ets/pages/AddFoodPage.ets:196:5
 Function may throw exceptions. Special handling is required.
[39m[39m
[33mWARN: [33m[33mArkTS:WARN File: C:/Users/H1314/Desktop/foodkeeper/Foodkeeper-v1.0/entry/src/main/ets/pages/AddFoodPage.ets:196:18
 'showToast' has been deprecated.
[39m[39m
[33mWARN: [33m[33mArkTS:WARN File: C:/Users/H1314/Desktop/foodkeeper/Foodkeeper-v1.0/entry/src/main/ets/pages/AddFoodPage.ets:197:29
 'back' has been deprecated.
[39m[39m
[33mWARN: [33m[33mArkTS:WARN File: C:/Users/H1314/Desktop/foodkeeper/Foodkeeper-v1.0/entry/src/main/ets/pages/AddFoodPage.ets:207:33
 'back' has been deprecated.
[39m[39m
[33mWARN: [33m[33mArkTS:WARN File: C:/Users/H1314/Desktop/foodkeeper/Foodkeeper-v1.0/entry/src/main/ets/pages/AddFoodPage.ets:481:22
 'show' has been deprecated.
[39m[39m
[33mWARN: [33m[33mArkTS:WARN File: C:/Users/H1314/Desktop/foodkeeper/Foodkeeper-v1.0/entry/src/main/ets/pages/RecipeDetailPage.ets:36:7
 Function may throw exceptions. Special handling is required.
[39m[39m
[33mWARN: [33m[33mArkTS:WARN File: C:/Users/H1314/Desktop/foodkeeper/Foodkeeper-v1.0/entry/src/main/ets/pages/RecipeDetailPage.ets:36:20
 'showToast' has been deprecated.
[39m[39m
[33mWARN: [33m[33mArkTS:WARN File: C:/Users/H1314/Desktop/foodkeeper/Foodkeeper-v1.0/entry/src/main/ets/pages/RecipeDetailPage.ets:37:33
 'back' has been deprecated.
[39m[39m
[33mWARN: [33m[33mArkTS:WARN File: C:/Users/H1314/Desktop/foodkeeper/Foodkeeper-v1.0/entry/src/main/ets/pages/RecipeDetailPage.ets:49:7
 Function may throw exceptions. Special handling is required.
[39m[39m
[33mWARN: [33m[33mArkTS:WARN File: C:/Users/H1314/Desktop/foodkeeper/Foodkeeper-v1.0/entry/src/main/ets/pages/RecipeDetailPage.ets:49:20
 'showToast' has been deprecated.
[39m[39m
[33mWARN: [33m[33mArkTS:WARN File: C:/Users/H1314/Desktop/foodkeeper/Foodkeeper-v1.0/entry/src/main/ets/pages/RecipeDetailPage.ets:71:22
 'showToast' has been deprecated.
[39m[39m
[33mWARN: [33m[33mArkTS:WARN File: C:/Users/H1314/Desktop/foodkeeper/Foodkeeper-v1.0/entry/src/main/ets/pages/RecipeDetailPage.ets:75:22
 'showToast' has been deprecated.
[39m[39m
[33mWARN: [33m[33mArkTS:WARN File: C:/Users/H1314/Desktop/foodkeeper/Foodkeeper-v1.0/entry/src/main/ets/pages/RecipeDetailPage.ets:78:7
 Function may throw exceptions. Special handling is required.
[39m[39m
[33mWARN: [33m[33mArkTS:WARN File: C:/Users/H1314/Desktop/foodkeeper/Foodkeeper-v1.0/entry/src/main/ets/pages/RecipeDetailPage.ets:78:20
 'showToast' has been deprecated.
[39m[39m
[33mWARN: [33m[33mArkTS:WARN File: C:/Users/H1314/Desktop/foodkeeper/Foodkeeper-v1.0/entry/src/main/ets/pages/RecipeDetailPage.ets:86:12
 'back' has been deprecated.
[39m[39m

[2026-07-25T21:34:15.128] [DEBUG] debug-file - Ark compile task finished.finished time is 196028941720500
[2026-07-25T21:34:15.129] [DEBUG] debug-file - worker[4] has one work done.
[2026-07-25T21:34:15.132] [DEBUG] debug-file - default@CompileArkTS work[0] done.
[2026-07-25T21:34:15.132] [DEBUG] debug-file - A work dispatched to worker[4] failed because unable to get work from ready queue.
[2026-07-25T21:34:15.137] [INFO] debug-file - Finished :entry:default@CompileArkTS... after 7 s 63 ms 
[2026-07-25T21:34:15.138] [DEBUG] debug-file - Executing task :entry:default@GeneratePkgModuleJson
[2026-07-25T21:34:15.139] [DEBUG] debug-file - File: 'C:\Users\H1314\Desktop\foodkeeper\Foodkeeper-v1.0\entry\build\default\intermediates\preload\default\preload.json' from 'preloadSoJsonPath' is not exists, just ignore.
[2026-07-25T21:34:15.139] [DEBUG] debug-file - Error occurs while handling @Input 'shouldDeduplicateHar': The "data" argument must be of type string or an instance of Buffer, TypedArray, or DataView. Received undefined
[2026-07-25T21:34:15.140] [DEBUG] debug-file - Task 'entry:default@GeneratePkgModuleJson' cost while wrapping incremental declarations: 2 ms 
[2026-07-25T21:34:15.142] [DEBUG] debug-file - Incremental task entry:default@GeneratePkgModuleJson pre-execution cost: 2 ms .
[2026-07-25T21:34:15.142] [DEBUG] debug-file - entry : default@GeneratePkgModuleJson cost memory 0.10210418701171875
[2026-07-25T21:34:15.142] [INFO] debug-file - UP-TO-DATE :entry:default@GeneratePkgModuleJson...  
[2026-07-25T21:34:15.143] [DEBUG] debug-file - Executing task :entry:default@ProcessCompiledResources
[2026-07-25T21:34:15.143] [DEBUG] debug-file - File: 'C:\Users\H1314\Desktop\foodkeeper\Foodkeeper-v1.0\entry\build\default\intermediates\preload\default\preload.json' from 'preloadSoJsonPath' is not exists, just ignore.
[2026-07-25T21:34:15.143] [DEBUG] debug-file - Task 'entry:default@ProcessCompiledResources' cost while wrapping incremental declarations: 1 ms 
[2026-07-25T21:34:15.144] [DEBUG] debug-file - entry : default@ProcessCompiledResources cost memory 0.06154632568359375
[2026-07-25T21:34:15.144] [DEBUG] debug-file - runTaskFromQueue task cost before running: 17 s 807 ms 
[2026-07-25T21:34:15.144] [INFO] debug-file - Finished :entry:default@ProcessCompiledResources... after 1 ms 
[2026-07-25T21:34:15.175] [DEBUG] debug-file - Executing task :entry:default@PackageHap
[2026-07-25T21:34:15.198] [DEBUG] debug-file - default@PackageHap work[1] is submitted.
[2026-07-25T21:34:15.194] [DEBUG] debug-file - entry:default@PackageHap is not up-to-date, since the input file 'C:\Users\H1314\Desktop\foodkeeper\Foodkeeper-v1.0\entry\build\default\intermediates\loader_out\default\ets' has been changed.
[2026-07-25T21:34:15.198] [DEBUG] debug-file - default@PackageHap work[1] is pushed to ready queue.
[2026-07-25T21:34:15.194] [DEBUG] debug-file - Incremental task entry:default@PackageHap pre-execution cost: 17 ms .
[2026-07-25T21:34:15.198] [DEBUG] debug-file - A work dispatched to worker[15] failed because unable to get work from ready queue.
[2026-07-25T21:34:15.196] [DEBUG] debug-file - Use tool [D:\Soft\DevEco\devecostudio-windows-6.1.1.290\DevEco Studio\sdk\default\openharmony\toolchains\lib\app_packing_tool.jar]
 [
  'java',
  '-Dfile.encoding=GBK',
  '-jar',
  'D:\\Soft\\DevEco\\devecostudio-windows-6.1.1.290\\DevEco Studio\\sdk\\default\\openharmony\\toolchains\\lib\\app_packing_tool.jar',
  '--mode',
  'hap',
  '--force',
  'true',
  '--lib-path',
  'C:\\Users\\H1314\\Desktop\\foodkeeper\\Foodkeeper-v1.0\\entry\\build\\default\\intermediates\\stripped_native_libs\\default',
  '--json-path',
  'C:\\Users\\H1314\\Desktop\\foodkeeper\\Foodkeeper-v1.0\\entry\\build\\default\\intermediates\\package\\default\\module.json',
  '--resources-path',
  'C:\\Users\\H1314\\Desktop\\foodkeeper\\Foodkeeper-v1.0\\entry\\build\\default\\intermediates\\res\\default\\resources',
  '--index-path',
  'C:\\Users\\H1314\\Desktop\\foodkeeper\\Foodkeeper-v1.0\\entry\\build\\default\\intermediates\\res\\default\\resources.index',
  '--pack-info-path',
  'C:\\Users\\H1314\\Desktop\\foodkeeper\\Foodkeeper-v1.0\\entry\\build\\default\\outputs\\default\\pack.info',
  '--out-path',
  'C:\\Users\\H1314\\Desktop\\foodkeeper\\Foodkeeper-v1.0\\entry\\build\\default\\outputs\\default\\entry-default-unsigned.hap',
  '--ets-path',
  'C:\\Users\\H1314\\Desktop\\foodkeeper\\Foodkeeper-v1.0\\entry\\build\\default\\intermediates\\loader_out\\default\\ets',
  '--pkg-context-path',
  'C:\\Users\\H1314\\Desktop\\foodkeeper\\Foodkeeper-v1.0\\entry\\build\\default\\intermediates\\loader\\default\\pkgContextInfo.json'
]
[2026-07-25T21:34:15.198] [DEBUG] debug-file - Create  resident worker with id: 14.
[2026-07-25T21:34:15.199] [DEBUG] debug-file - default@PackageHap work[1] has been dispatched to worker[14].
[2026-07-25T21:34:15.200] [DEBUG] debug-file - default@PackageHap work[1] is dispatched.
[2026-07-25T21:34:15.213] [DEBUG] debug-file - entry : default@PackageHap cost memory 0.10523223876953125
[2026-07-25T21:34:17.379] [DEBUG] debug-file - current process  memoryUsage: {
  rss: 680620032,
  heapTotal: 81559552,
  heapUsed: 55623560,
  external: 2452934,
  arrayBuffers: 211257
} os memoryUsage :20.110774993896484
[2026-07-25T21:34:17.784] [DEBUG] debug-file - worker[14] has one work done.
[2026-07-25T21:34:17.784] [DEBUG] debug-file - default@PackageHap work[1] done.
[2026-07-25T21:34:17.822] [DEBUG] debug-file - Executing task :entry:default@PackingCheck
[2026-07-25T21:34:17.784] [DEBUG] debug-file - A work dispatched to worker[14] failed because unable to get work from ready queue.
[2026-07-25T21:34:17.832] [DEBUG] debug-file - entry : default@PackingCheck cost memory 0.503936767578125
[2026-07-25T21:34:17.786] [INFO] debug-file - Finished :entry:default@PackageHap... after 446 ms 
[2026-07-25T21:34:17.832] [DEBUG] debug-file - runTaskFromQueue task cost before running: 20 s 495 ms 
[2026-07-25T21:34:17.832] [INFO] debug-file - Finished :entry:default@PackingCheck... after 11 ms 
[2026-07-25T21:34:17.836] [DEBUG] debug-file - Executing task :entry:default@SignHap
[2026-07-25T21:34:17.888] [DEBUG] debug-file - current process  memoryUsage: {
  rss: 681984000,
  heapTotal: 118116352,
  heapUsed: 110195088,
  external: 3121832,
  arrayBuffers: 86400
} os memoryUsage :20.11974334716797
[2026-07-25T21:34:17.858] [DEBUG] debug-file - entry:default@SignHap is not up-to-date, since the input file 'C:\Users\H1314\Desktop\foodkeeper\Foodkeeper-v1.0\entry\build\default\outputs\default\entry-default-unsigned.hap' has been changed.
[2026-07-25T21:34:17.858] [DEBUG] debug-file - Incremental task entry:default@SignHap pre-execution cost: 6 ms .
[2026-07-25T21:34:18.411] [DEBUG] debug-file - 07-25 21:34:18.401  INFO - Start verify-profile

[2026-07-25T21:34:18.738] [DEBUG] debug-file - 07-25 21:34:18.737  INFO - verify-profile success

[2026-07-25T21:34:18.833] [DEBUG] debug-file - current process  memoryUsage: {
  rss: 681975808,
  heapTotal: 118640640,
  heapUsed: 110977840,
  external: 3121656,
  arrayBuffers: 86005
} os memoryUsage :20.142597198486328
[2026-07-25T21:34:19.353] [DEBUG] debug-file - 07-25 21:34:19.352  INFO - Start sign-app

[2026-07-25T21:34:19.605] [DEBUG] debug-file - 07-25 21:34:19.604  INFO - certificate in profile: 黄羽博(1748885579082268545)\,Development

[2026-07-25T21:34:19.689] [DEBUG] debug-file - 07-25 21:34:19.689  INFO - Start to sign code.

[2026-07-25T21:34:19.700] [DEBUG] debug-file - 07-25 21:34:19.698  INFO - profile type is: debug

[2026-07-25T21:34:19.731] [DEBUG] debug-file - 07-25 21:34:19.730  INFO - C:\Users\H1314\.ohos\config\default_Foodkeeper_KwM1xmT7eCaoGu1P7v-j5W5OtfbSqbdMeQP9Gmso0uM=.p12 is exist. Try to load it with given passwd

[2026-07-25T21:34:19.939] [DEBUG] debug-file - 07-25 21:34:19.938  INFO - Create a sign info successfully.

[2026-07-25T21:34:19.954] [DEBUG] debug-file - 07-25 21:34:19.953  INFO - Create a sign info successfully.

[2026-07-25T21:34:19.959] [DEBUG] debug-file - 07-25 21:34:19.958  INFO - No native libs.

[2026-07-25T21:34:19.962] [DEBUG] debug-file - 07-25 21:34:19.962  INFO - Sign successfully.

[2026-07-25T21:34:19.972] [DEBUG] debug-file - 07-25 21:34:19.972  INFO - Add sign data in sign info list success.

[2026-07-25T21:34:19.976] [DEBUG] debug-file - 07-25 21:34:19.976  INFO - Generate signing block success, begin write it to output file

[2026-07-25T21:34:19.978] [DEBUG] debug-file - 07-25 21:34:19.977  INFO - Sign Hap success!

[2026-07-25T21:34:19.978] [DEBUG] debug-file - 07-25 21:34:19.977  INFO - sign-app success

[2026-07-25T21:34:20.038] [DEBUG] debug-file - entry : default@SignHap cost memory 0.7756576538085938
[2026-07-25T21:34:20.039] [DEBUG] debug-file - runTaskFromQueue task cost before running: 22 s 702 ms 
[2026-07-25T21:34:20.077] [DEBUG] debug-file - Executing task :entry:default@CollectDebugSymbol
[2026-07-25T21:34:20.040] [INFO] debug-file - Finished :entry:default@SignHap... after 2 s 204 ms 
[2026-07-25T21:34:20.079] [DEBUG] debug-file - entry : default@CollectDebugSymbol cost memory 0.1028900146484375
[2026-07-25T21:34:20.079] [DEBUG] debug-file - runTaskFromQueue task cost before running: 22 s 742 ms 
[2026-07-25T21:34:20.079] [INFO] debug-file - Finished :entry:default@CollectDebugSymbol... after 2 ms 
[2026-07-25T21:34:20.079] [DEBUG] debug-file - Executing task :entry:assembleHap
[2026-07-25T21:34:20.079] [DEBUG] debug-file - entry : assembleHap cost memory 0.01373291015625
[2026-07-25T21:34:20.079] [DEBUG] debug-file - runTaskFromQueue task cost before running: 22 s 743 ms 
[2026-07-25T21:34:20.080] [INFO] debug-file - Finished :entry:assembleHap... after 1 ms 
[2026-07-25T21:34:20.089] [INFO] debug-file - BUILD SUCCESSFUL in 22 s 751 ms 
[2026-07-25T21:34:20.090] [DEBUG] debug-file - There is no need to refresh cache, since the incremental task entry:default@PreBuild is up-to-date.
[2026-07-25T21:34:20.090] [DEBUG] debug-file - Update task entry:default@CreateModuleInfo output file:C:\Users\H1314\Desktop\foodkeeper\Foodkeeper-v1.0\entry\build\default\generated\profile\default\ModuleInfo.ts cache.
[2026-07-25T21:34:20.091] [DEBUG] debug-file - Incremental task entry:default@CreateModuleInfo post-execution cost:1 ms .
[2026-07-25T21:34:20.091] [DEBUG] debug-file - There is no need to refresh cache, since the incremental task entry:default@GenerateMetadata is up-to-date.
[2026-07-25T21:34:20.091] [DEBUG] debug-file - There is no need to refresh cache, since the incremental task entry:default@MergeProfile is up-to-date.
[2026-07-25T21:34:20.091] [DEBUG] debug-file - There is no need to refresh cache, since the incremental task entry:default@CreateBuildProfile is up-to-date.
[2026-07-25T21:34:20.091] [DEBUG] debug-file - There is no need to refresh cache, since the incremental task entry:default@GeneratePkgContextInfo is up-to-date.
[2026-07-25T21:34:20.091] [DEBUG] debug-file - Update task entry:default@GeneratePkgSdkInfo output file:C:\Users\H1314\Desktop\foodkeeper\Foodkeeper-v1.0\entry\build\default\intermediates\loader\default\pkgSdkInfo.json cache.
[2026-07-25T21:34:20.091] [DEBUG] debug-file - Incremental task entry:default@GeneratePkgSdkInfo post-execution cost:1 ms .
[2026-07-25T21:34:20.091] [DEBUG] debug-file - Update task entry:default@ProcessIntegratedHsp output file:C:\Users\H1314\Desktop\foodkeeper\Foodkeeper-v1.0\build\cache\default\integrated_hsp\integratedHspCache.json cache.
[2026-07-25T21:34:20.092] [DEBUG] debug-file - Incremental task entry:default@ProcessIntegratedHsp post-execution cost:1 ms .
[2026-07-25T21:34:20.092] [DEBUG] debug-file - There is no need to refresh cache, since the incremental task entry:default@MakePackInfo is up-to-date.
[2026-07-25T21:34:20.092] [DEBUG] debug-file - Update task entry:default@SyscapTransform input file:D:\Soft\DevEco\devecostudio-windows-6.1.1.290\DevEco Studio\sdk\default\openharmony\toolchains\syscap_tool.exe cache by regenerate.
[2026-07-25T21:34:20.092] [DEBUG] debug-file - Update task entry:default@SyscapTransform input file:D:\Soft\DevEco\devecostudio-windows-6.1.1.290\DevEco Studio\sdk\default\openharmony\ets\api\device-define cache by regenerate.
[2026-07-25T21:34:20.095] [DEBUG] debug-file - Update task entry:default@SyscapTransform output file:C:\Users\H1314\Desktop\foodkeeper\Foodkeeper-v1.0\entry\build\default\intermediates\syscap\default\rpcid.sc cache.
[2026-07-25T21:34:20.095] [DEBUG] debug-file - Incremental task entry:default@SyscapTransform post-execution cost:4 ms .
[2026-07-25T21:34:20.095] [DEBUG] debug-file - There is no need to refresh cache, since the incremental task entry:default@ProcessProfile is up-to-date.
[2026-07-25T21:34:20.095] [DEBUG] debug-file - There is no need to refresh cache, since the incremental task entry:default@ProcessRouterMap is up-to-date.
[2026-07-25T21:34:20.095] [DEBUG] debug-file - There is no need to refresh cache, since the incremental task entry:default@ProcessShareConfig is up-to-date.
[2026-07-25T21:34:20.096] [DEBUG] debug-file - Update task entry:default@ProcessStartupConfig input file:C:\Users\H1314\Desktop\foodkeeper\Foodkeeper-v1.0\entry\build\default\intermediates\loader\default\pkgContextInfo.json cache by regenerate.
[2026-07-25T21:34:20.096] [DEBUG] debug-file - Update task entry:default@ProcessStartupConfig output file:C:\Users\H1314\Desktop\foodkeeper\Foodkeeper-v1.0\entry\build\default\intermediates\startup\default\startup_config.json cache.
[2026-07-25T21:34:20.096] [DEBUG] debug-file - Incremental task entry:default@ProcessStartupConfig post-execution cost:2 ms .
[2026-07-25T21:34:20.096] [DEBUG] debug-file - There is no need to refresh cache, since the incremental task entry:default@ProcessResource is up-to-date.
[2026-07-25T21:34:20.096] [DEBUG] debug-file - There is no need to refresh cache, since the incremental task entry:default@GenerateLoaderJson is up-to-date.
[2026-07-25T21:34:20.097] [DEBUG] debug-file - There is no need to refresh cache, since the incremental task entry:default@ProcessLibs is up-to-date.
[2026-07-25T21:34:20.097] [DEBUG] debug-file - There is no need to refresh cache, since the incremental task entry:default@CompileResource is up-to-date.
[2026-07-25T21:34:20.097] [DEBUG] debug-file - There is no need to refresh cache, since the incremental task entry:default@DoNativeStrip is up-to-date.
[2026-07-25T21:34:20.102] [DEBUG] debug-file - Update task entry:default@CompileArkTS input file:C:\Users\H1314\Desktop\foodkeeper\Foodkeeper-v1.0\entry\build\default\intermediates\loader\default cache by regenerate.
[2026-07-25T21:34:20.103] [DEBUG] debug-file - Update task entry:default@CompileArkTS input file:C:\Users\H1314\Desktop\foodkeeper\Foodkeeper-v1.0\entry\build\default\intermediates\res\default\resources\rawfile cache by regenerate.
[2026-07-25T21:34:20.104] [DEBUG] debug-file - Update task entry:default@CompileArkTS input file:C:\Users\H1314\Desktop\foodkeeper\Foodkeeper-v1.0\entry\build\default\intermediates\res\default\ResourceTable.txt cache by regenerate.
[2026-07-25T21:34:20.105] [DEBUG] debug-file - Update task entry:default@CompileArkTS input file:C:\Users\H1314\Desktop\foodkeeper\Foodkeeper-v1.0\entry\build\default\intermediates\res\default\ark_module.json cache by regenerate.
[2026-07-25T21:34:20.105] [DEBUG] debug-file - Update task entry:default@CompileArkTS input file:C:\Users\H1314\Desktop\foodkeeper\Foodkeeper-v1.0\entry\build\default\intermediates\res\default\resources\base\profile cache by regenerate.
[2026-07-25T21:34:20.107] [DEBUG] debug-file - Update task entry:default@CompileArkTS input file:C:\Users\H1314\Desktop\foodkeeper\Foodkeeper-v1.0\entry\src\main\ets cache from map.
[2026-07-25T21:34:20.107] [DEBUG] debug-file - Update task entry:default@CompileArkTS input file:C:\Users\H1314\Desktop\foodkeeper\Foodkeeper-v1.0\entry\build\default\intermediates\loader\default\pkgContextInfo.json cache by regenerate.
[2026-07-25T21:34:20.108] [DEBUG] debug-file - Update task entry:default@CompileArkTS input file:C:\Users\H1314\Desktop\foodkeeper\Foodkeeper-v1.0\entry\build\default\generated\profile\default\BuildProfile.ets cache by regenerate.
[2026-07-25T21:34:20.108] [DEBUG] debug-file - Update task entry:default@CompileArkTS input file:C:\Users\H1314\Desktop\foodkeeper\Foodkeeper-v1.0\entry\src\mock\mock-config.json5 cache by regenerate.
[2026-07-25T21:34:20.109] [DEBUG] debug-file - Update task entry:default@CompileArkTS output file:C:\Users\H1314\Desktop\foodkeeper\Foodkeeper-v1.0\entry\build\default\intermediates\loader_out\default\ets cache.
[2026-07-25T21:34:20.110] [DEBUG] debug-file - Incremental task entry:default@CompileArkTS post-execution cost:14 ms .
[2026-07-25T21:34:20.113] [DEBUG] debug-file - Update task entry:default@BuildJS input file:C:\Users\H1314\Desktop\foodkeeper\Foodkeeper-v1.0\entry\build\default\intermediates\loader\default cache by regenerate.
[2026-07-25T21:34:20.114] [DEBUG] debug-file - Update task entry:default@BuildJS input file:C:\Users\H1314\Desktop\foodkeeper\Foodkeeper-v1.0\entry\build\default\intermediates\res\default\resources\rawfile cache by regenerate.
[2026-07-25T21:34:20.116] [DEBUG] debug-file - Update task entry:default@BuildJS input file:C:\Users\H1314\Desktop\foodkeeper\Foodkeeper-v1.0\entry\build\default\intermediates\res\default\ResourceTable.txt cache by regenerate.
[2026-07-25T21:34:20.116] [DEBUG] debug-file - Update task entry:default@BuildJS input file:C:\Users\H1314\Desktop\foodkeeper\Foodkeeper-v1.0\entry\build\default\intermediates\res\default\ark_module.json cache by regenerate.
[2026-07-25T21:34:20.117] [DEBUG] debug-file - Update task entry:default@BuildJS input file:C:\Users\H1314\Desktop\foodkeeper\Foodkeeper-v1.0\entry\build\default\intermediates\res\default\resources\base\profile cache by regenerate.
[2026-07-25T21:34:20.118] [DEBUG] debug-file - Update task entry:default@BuildJS input file:C:\Users\H1314\Desktop\foodkeeper\Foodkeeper-v1.0\entry\build\default\intermediates\loader\default\pkgContextInfo.json cache by regenerate.
[2026-07-25T21:34:20.119] [DEBUG] debug-file - Update task entry:default@BuildJS output file:C:\Users\H1314\Desktop\foodkeeper\Foodkeeper-v1.0\entry\build\default\intermediates\loader_out\default\js cache.
[2026-07-25T21:34:20.119] [DEBUG] debug-file - Incremental task entry:default@BuildJS post-execution cost:10 ms .
[2026-07-25T21:34:20.119] [DEBUG] debug-file - There is no need to refresh cache, since the incremental task entry:default@CacheNativeLibs is up-to-date.
[2026-07-25T21:34:20.119] [DEBUG] debug-file - There is no need to refresh cache, since the incremental task entry:default@GeneratePkgModuleJson is up-to-date.
[2026-07-25T21:34:20.119] [DEBUG] debug-file - Incremental task entry:default@ProcessCompiledResources post-execution cost:1 ms .
[2026-07-25T21:34:20.121] [DEBUG] debug-file - Update task entry:default@PackageHap input file:C:\Users\H1314\Desktop\foodkeeper\Foodkeeper-v1.0\entry\build\default\intermediates\stripped_native_libs\default cache by regenerate.
[2026-07-25T21:34:20.122] [DEBUG] debug-file - Update task entry:default@PackageHap input file:C:\Users\H1314\Desktop\foodkeeper\Foodkeeper-v1.0\entry\build\default\intermediates\res\default\module.json cache by regenerate.
[2026-07-25T21:34:20.123] [DEBUG] debug-file - Update task entry:default@PackageHap input file:C:\Users\H1314\Desktop\foodkeeper\Foodkeeper-v1.0\entry\build\default\intermediates\res\default\resources cache by regenerate.
[2026-07-25T21:34:20.129] [DEBUG] debug-file - Update task entry:default@PackageHap input file:C:\Users\H1314\Desktop\foodkeeper\Foodkeeper-v1.0\entry\build\default\intermediates\res\default\resources.index cache by regenerate.
[2026-07-25T21:34:20.129] [DEBUG] debug-file - Update task entry:default@PackageHap input file:C:\Users\H1314\Desktop\foodkeeper\Foodkeeper-v1.0\entry\build\default\outputs\default\pack.info cache by regenerate.
[2026-07-25T21:34:20.130] [DEBUG] debug-file - Update task entry:default@PackageHap input file:C:\Users\H1314\Desktop\foodkeeper\Foodkeeper-v1.0\entry\build\default\intermediates\loader_out\default\ets cache from map.
[2026-07-25T21:34:20.130] [DEBUG] debug-file - Update task entry:default@PackageHap input file:C:\Users\H1314\Desktop\foodkeeper\Foodkeeper-v1.0\entry\build\default\intermediates\loader\default\pkgContextInfo.json cache by regenerate.
[2026-07-25T21:34:20.130] [DEBUG] debug-file - Update task entry:default@PackageHap input file:C:\Users\H1314\Desktop\foodkeeper\Foodkeeper-v1.0\entry\build\default\intermediates\loader_out\default\ets\sourceMaps.map cache by regenerate.
[2026-07-25T21:34:20.131] [DEBUG] debug-file - Update task entry:default@PackageHap input file:C:\Users\H1314\Desktop\foodkeeper\Foodkeeper-v1.0\entry\build\default\generated\profile\default\BuildProfile.ets cache by regenerate.
[2026-07-25T21:34:20.132] [DEBUG] debug-file - Update task entry:default@PackageHap output file:C:\Users\H1314\Desktop\foodkeeper\Foodkeeper-v1.0\entry\build\default\outputs\default\entry-default-unsigned.hap cache.
[2026-07-25T21:34:20.132] [DEBUG] debug-file - Update task entry:default@PackageHap output file:C:\Users\H1314\Desktop\foodkeeper\Foodkeeper-v1.0\entry\build\default\intermediates\source_map\default\sourceMaps.map cache.
[2026-07-25T21:34:20.133] [DEBUG] debug-file - Update task entry:default@PackageHap output file:C:\Users\H1314\Desktop\foodkeeper\Foodkeeper-v1.0\entry\build\default\outputs\default\mapping\sourceMaps.map cache.
[2026-07-25T21:34:20.133] [DEBUG] debug-file - Incremental task entry:default@PackageHap post-execution cost:14 ms .
[2026-07-25T21:34:20.134] [DEBUG] debug-file - Update task entry:default@SignHap input file:C:\Users\H1314\.ohos\config\default_Foodkeeper_KwM1xmT7eCaoGu1P7v-j5W5OtfbSqbdMeQP9Gmso0uM=.cer cache by regenerate.
[2026-07-25T21:34:20.134] [DEBUG] debug-file - Update task entry:default@SignHap input file:C:\Users\H1314\.ohos\config\default_Foodkeeper_KwM1xmT7eCaoGu1P7v-j5W5OtfbSqbdMeQP9Gmso0uM=.p7b cache by regenerate.
[2026-07-25T21:34:20.135] [DEBUG] debug-file - Update task entry:default@SignHap input file:C:\Users\H1314\.ohos\config\default_Foodkeeper_KwM1xmT7eCaoGu1P7v-j5W5OtfbSqbdMeQP9Gmso0uM=.p12 cache by regenerate.
[2026-07-25T21:34:20.135] [DEBUG] debug-file - Update task entry:default@SignHap input file:C:\Users\H1314\Desktop\foodkeeper\Foodkeeper-v1.0\entry\build\default\outputs\default\entry-default-unsigned.hap cache from map.
[2026-07-25T21:34:20.135] [DEBUG] debug-file - Update task entry:default@SignHap output file:C:\Users\H1314\Desktop\foodkeeper\Foodkeeper-v1.0\entry\build\default\outputs\default\entry-default-signed.hap cache.
[2026-07-25T21:34:20.135] [DEBUG] debug-file - Incremental task entry:default@SignHap post-execution cost:3 ms .
[2026-07-25T21:34:20.136] [DEBUG] debug-file - Update task entry:default@CollectDebugSymbol input file:C:\Users\H1314\Desktop\foodkeeper\Foodkeeper-v1.0\entry\build\default\intermediates\loader_out\default\ets\sourceMaps.map cache by regenerate.
[2026-07-25T21:34:20.137] [DEBUG] debug-file - Update task entry:default@CollectDebugSymbol input file:C:\Users\H1314\Desktop\foodkeeper\Foodkeeper-v1.0\entry\build\default\intermediates\libs\default cache by regenerate.
[2026-07-25T21:34:20.137] [DEBUG] debug-file - Update task entry:default@CollectDebugSymbol output file:C:\Users\H1314\Desktop\foodkeeper\Foodkeeper-v1.0\entry\build\default\outputs\default\symbol cache.
[2026-07-25T21:34:20.138] [DEBUG] debug-file - Incremental task entry:default@CollectDebugSymbol post-execution cost:3 ms .
[2026-07-25T21:34:20.175] [DEBUG] debug-file - Current worker pool is stopped or closed.
[2026-07-25T21:34:20.175] [DEBUG] debug-file - Clear worker 0.
[2026-07-25T21:34:20.175] [DEBUG] debug-file - Worker 0 has been cleared.
[2026-07-25T21:34:20.175] [DEBUG] debug-file - Current idle worker size: 3.
[2026-07-25T21:34:20.175] [DEBUG] debug-file - Current busy worker size: 0.
[2026-07-25T21:34:20.175] [DEBUG] debug-file - Clear worker 1.
[2026-07-25T21:34:20.175] [DEBUG] debug-file - Worker 1 has been cleared.
[2026-07-25T21:34:20.175] [DEBUG] debug-file - Current idle worker size: 2.
[2026-07-25T21:34:20.175] [DEBUG] debug-file - Current busy worker size: 0.
[2026-07-25T21:34:20.175] [DEBUG] debug-file - Clear worker 4.
[2026-07-25T21:34:20.175] [DEBUG] debug-file - Worker 4 has been cleared.
[2026-07-25T21:34:20.175] [DEBUG] debug-file - Current idle worker size: 1.
[2026-07-25T21:34:20.175] [DEBUG] debug-file - Current busy worker size: 0.
[2026-07-25T21:34:20.175] [DEBUG] debug-file - Clear worker 14.
[2026-07-25T21:34:20.175] [DEBUG] debug-file - Worker 14 has been cleared.
[2026-07-25T21:34:20.175] [DEBUG] debug-file - Current idle worker size: 0.
[2026-07-25T21:34:20.175] [DEBUG] debug-file - Current busy worker size: 0.
[2026-07-25T21:34:20.177] [DEBUG] debug-file - hvigor build process will be closed.
[2026-07-25T21:34:20.179] [DEBUG] debug-file - Current worker pool is terminated.
[2026-07-25T21:34:20.179] [DEBUG] debug-file - worker[0] exits with exit code 1.
[2026-07-25T21:34:20.179] [DEBUG] debug-file - worker[1] exits with exit code 1.
[2026-07-25T21:34:20.185] [DEBUG] debug-file - worker[14] exits with exit code 1.
[2026-07-25T21:34:20.206] [DEBUG] debug-file - worker[4] exits with exit code 1.
[2026-07-25T22:11:03.815] [DEBUG] debug-file - session manager: set active socket. socketId=r3xKGjkKvWd3q2rhAAAF
[2026-07-25T22:11:03.832] [DEBUG] debug-file - watch worker: worker id should be larger than 0. Nothing will be sent to any worker thread.
[2026-07-25T22:11:03.837] [DEBUG] debug-file - Workers' log level updated to INFO
[2026-07-25T22:11:03.843] [DEBUG] debug-file - Hvigor init with startParameters:{
  hvigorfileTypeCheck: false,
  parallelExecution: true,
  incrementalExecution: true,
  printStackTrace: false,
  daemon: true,
  analyze: 0,
  logLevel: Level { level: 20000, levelStr: 'INFO', colour: 'green' },
  optimizationStrategy: 'memory',
  hotCompile: undefined,
  hotReloadBuild: undefined,
  customizedParam: undefined
}
[2026-07-25T22:11:03.852] [DEBUG] debug-file - Cache service initialization finished in 9 ms 
[2026-07-25T22:11:03.855] [DEBUG] debug-file - hvigorfile, resolving C:\Users\H1314\Desktop\foodkeeper\Foodkeeper-v1.0\hvigorfile.ts
[2026-07-25T22:11:03.861] [DEBUG] debug-file - hvigorfile, require result:  { default: { plugins: [] } }
[2026-07-25T22:11:03.861] [DEBUG] debug-file - hvigorfile, binding system plugins null
[2026-07-25T22:11:03.862] [DEBUG] debug-file - Starting plugin build process
[2026-07-25T22:11:03.863] [DEBUG] debug-file - App plugin prepare start...
[2026-07-25T22:11:03.863] [DEBUG] debug-file - App plugin prepare end...
[2026-07-25T22:11:03.863] [DEBUG] debug-file - App plugin creating...
[2026-07-25T22:11:03.869] [DEBUG] debug-file - App plugin register hook start...
[2026-07-25T22:11:03.869] [DEBUG] debug-file - App plugin register hook end...
[2026-07-25T22:11:03.869] [DEBUG] debug-file - Plugin build process completed
[2026-07-25T22:11:03.870] [DEBUG] debug-file - Start initialize project's product build option map with build mode debug.
[2026-07-25T22:11:03.870] [DEBUG] debug-file - Picking option from product 'default' with build mode 'debug'.
[2026-07-25T22:11:03.870] [DEBUG] debug-file - Product 'default' build option initialized
[2026-07-25T22:11:03.870] [DEBUG] debug-file - End initialize project's product build option map with build mode 'debug'.
[2026-07-25T22:11:03.871] [DEBUG] debug-file - Obtain build option for product 'default'in this build.
[2026-07-25T22:11:03.873] [DEBUG] debug-file - C:\Users\H1314\Desktop\foodkeeper\Foodkeeper-v1.0\build\cache\default\remote_hsp\remoteHspCache.json not exists.
[2026-07-25T22:11:03.877] [DEBUG] debug-file - Start recording SDK configuration permission data.
[2026-07-25T22:11:03.901] [DEBUG] debug-file - Sdk init in 27 ms 
[2026-07-25T22:11:03.905] [DEBUG] debug-file - Project task initialization takes 4 ms 
[2026-07-25T22:11:03.905] [DEBUG] debug-file - hvigorfile, begin to bind custom plugins...
[2026-07-25T22:11:03.905] [DEBUG] debug-file - hvigorfile, no custom plugins were found in C:\Users\H1314\Desktop\foodkeeper\Foodkeeper-v1.0\hvigorfile.ts
[2026-07-25T22:11:03.905] [DEBUG] debug-file - hvigorfile, resolve finished C:\Users\H1314\Desktop\foodkeeper\Foodkeeper-v1.0\hvigorfile.ts
[2026-07-25T22:11:03.905] [DEBUG] debug-file - hvigorfile, resolving C:\Users\H1314\Desktop\foodkeeper\Foodkeeper-v1.0\entry\hvigorfile.ts
[2026-07-25T22:11:03.909] [DEBUG] debug-file - hvigorfile, require result:  { default: { plugins: [] } }
[2026-07-25T22:11:03.910] [DEBUG] debug-file - hvigorfile, binding system plugins null
[2026-07-25T22:11:03.910] [DEBUG] debug-file - Starting plugin build process
[2026-07-25T22:11:03.910] [DEBUG] debug-file - Hap plugin creating...
[2026-07-25T22:11:03.912] [DEBUG] debug-file - failed to load cangjie to dynamically generate schemas: Error: Cannot find module '@ohos/cangjie-build-support/index'
Require stack:
- D:\Soft\DevEco\devecostudio-windows-6.1.1.290\DevEco Studio\tools\hvigor\hvigor-ohos-plugin\src\plugin\hooks\cangjie-register.js
- D:\Soft\DevEco\devecostudio-windows-6.1.1.290\DevEco Studio\tools\hvigor\hvigor-ohos-plugin\src\plugin\strategy\stage-init-strategy.js
- D:\Soft\DevEco\devecostudio-windows-6.1.1.290\DevEco Studio\tools\hvigor\hvigor-ohos-plugin\src\plugin\builder\abstract-plugin-builder.js
- D:\Soft\DevEco\devecostudio-windows-6.1.1.290\DevEco Studio\tools\hvigor\hvigor-ohos-plugin\src\plugin\builder\app-plugin-builder.js
- D:\Soft\DevEco\devecostudio-windows-6.1.1.290\DevEco Studio\tools\hvigor\hvigor-ohos-plugin\src\plugin\factory\plugin-factory.js
- D:\Soft\DevEco\devecostudio-windows-6.1.1.290\DevEco Studio\tools\hvigor\hvigor-ohos-plugin\index.js
- C:\Users\H1314\Desktop\foodkeeper\Foodkeeper-v1.0\hvigorfile.ts
- D:\Soft\DevEco\devecostudio-windows-6.1.1.290\DevEco Studio\tools\hvigor\hvigor\src\base\internal\lifecycle\configuration.js
- D:\Soft\DevEco\devecostudio-windows-6.1.1.290\DevEco Studio\tools\hvigor\hvigor\src\base\boot\index.js
- D:\Soft\DevEco\devecostudio-windows-6.1.1.290\DevEco Studio\tools\hvigor\hvigor\src\base\daemon\cluster\worker-process-lifecycle.js
- D:\Soft\DevEco\devecostudio-windows-6.1.1.290\DevEco Studio\tools\hvigor\hvigor\src\base\daemon\process\daemon-process-boot-script.js
[2026-07-25T22:11:03.914] [DEBUG] debug-file - Start initialize module-target build option map, moduleName=entry, buildMode=debug
[2026-07-25T22:11:03.914] [DEBUG] debug-file - Target 'default' config initialized
[2026-07-25T22:11:03.914] [DEBUG] debug-file - Target 'ohosTest' config initialized
[2026-07-25T22:11:03.915] [DEBUG] debug-file - Module 'entry' target 'default' build option initialized
[2026-07-25T22:11:03.915] [DEBUG] debug-file - Module 'entry' target 'ohosTest' build option initialized
[2026-07-25T22:11:03.915] [DEBUG] debug-file - End initialize module-target build option map, moduleName=entry
[2026-07-25T22:11:03.915] [DEBUG] debug-file - Start initialize module-target build option map, moduleName=entry, buildMode=release
[2026-07-25T22:11:03.915] [DEBUG] debug-file - Target 'default' config initialized
[2026-07-25T22:11:03.915] [DEBUG] debug-file - Target 'ohosTest' config initialized
[2026-07-25T22:11:03.916] [DEBUG] debug-file - Module 'entry' target 'default' build option initialized
[2026-07-25T22:11:03.916] [DEBUG] debug-file - Module 'entry' target 'ohosTest' build option initialized
[2026-07-25T22:11:03.916] [DEBUG] debug-file - End initialize module-target build option map, moduleName=entry
[2026-07-25T22:11:03.916] [DEBUG] debug-file - Start initialize module-target build option map, moduleName=entry, buildMode=debug
[2026-07-25T22:11:03.916] [DEBUG] debug-file - Target 'default' config initialized
[2026-07-25T22:11:03.916] [DEBUG] debug-file - Target 'ohosTest' config initialized
[2026-07-25T22:11:03.916] [DEBUG] debug-file - Module 'entry' target 'default' build option initialized
[2026-07-25T22:11:03.916] [DEBUG] debug-file - Module 'entry' target 'ohosTest' build option initialized
[2026-07-25T22:11:03.916] [DEBUG] debug-file - End initialize module-target build option map, moduleName=entry
[2026-07-25T22:11:03.916] [DEBUG] debug-file - Obtain build option for module 'entry' target 'default'in this build.
[2026-07-25T22:11:03.917] [DEBUG] debug-file - Module entry task initialization takes 1 ms 
[2026-07-25T22:11:03.917] [DEBUG] debug-file - Hap plugin register hook start...
[2026-07-25T22:11:03.917] [DEBUG] debug-file - Hap plugin register hook end...
[2026-07-25T22:11:03.917] [DEBUG] debug-file - Plugin build process completed
[2026-07-25T22:11:03.917] [DEBUG] debug-file - hvigorfile, begin to bind custom plugins...
[2026-07-25T22:11:03.917] [DEBUG] debug-file - hvigorfile, no custom plugins were found in C:\Users\H1314\Desktop\foodkeeper\Foodkeeper-v1.0\entry\hvigorfile.ts
[2026-07-25T22:11:03.917] [DEBUG] debug-file - hvigorfile, resolve finished C:\Users\H1314\Desktop\foodkeeper\Foodkeeper-v1.0\entry\hvigorfile.ts
[2026-07-25T22:11:03.934] [DEBUG] debug-file - hvigorfile, resolve hvigorfile dependencies in 16 ms 
[2026-07-25T22:11:03.934] [DEBUG] debug-file - project has submodules:entry
[2026-07-25T22:11:03.935] [DEBUG] debug-file - start to load updatedOhPackageInfo to the disk
[2026-07-25T22:11:03.938] [DEBUG] debug-file - load to the disk finished
[2026-07-25T22:11:03.939] [DEBUG] debug-file - Start to initialize dependency information.
[2026-07-25T22:11:03.945] [DEBUG] debug-file - Module Foodkeeper-v1.0 Collected Dependency: 
[2026-07-25T22:11:03.945] [DEBUG] debug-file - Module Foodkeeper-v1.0's total dependency: 0
[2026-07-25T22:11:03.945] [DEBUG] debug-file - Start to initialize dependency information.
[2026-07-25T22:11:03.947] [DEBUG] debug-file - Module entry Collected Dependency: 
[2026-07-25T22:11:03.947] [DEBUG] debug-file - Module entry's total dependency: 0
[2026-07-25T22:11:03.949] [DEBUG] debug-file - Configuration phase cost:97 ms 
[2026-07-25T22:11:03.950] [DEBUG] debug-file - Configuration task cost before running: 112 ms 
[2026-07-25T22:11:03.952] [DEBUG] debug-file - Executing task :entry:default@ColdReloadArkTS
[2026-07-25T22:11:03.953] [DEBUG] debug-file - obfuscationOptions: undefined
[2026-07-25T22:11:03.954] [DEBUG] debug-file - Task 'entry:default@ColdReloadArkTS' cost while wrapping incremental declarations: 1 ms 
[2026-07-25T22:11:03.972] [DEBUG] debug-file - coldReload build config: [object Object]
[2026-07-25T22:11:03.973] [DEBUG] debug-file - default@ColdReloadArkTS work[4] is submitted.
[2026-07-25T22:11:03.973] [DEBUG] debug-file - default@ColdReloadArkTS work[4] is pushed to ready queue.
[2026-07-25T22:11:03.973] [DEBUG] debug-file - A work dispatched to worker[15] failed because unable to get work from ready queue.
[2026-07-25T22:11:03.973] [DEBUG] debug-file - A work dispatched to worker[14] failed because unable to get work from ready queue.
[2026-07-25T22:11:03.973] [DEBUG] debug-file - A work dispatched to worker[13] failed because unable to get work from ready queue.
[2026-07-25T22:11:03.974] [DEBUG] debug-file - A work dispatched to worker[12] failed because unable to get work from ready queue.
[2026-07-25T22:11:03.974] [DEBUG] debug-file - A work dispatched to worker[11] failed because unable to get work from ready queue.
[2026-07-25T22:11:03.974] [DEBUG] debug-file - A work dispatched to worker[10] failed because unable to get work from ready queue.
[2026-07-25T22:11:03.974] [DEBUG] debug-file - A work dispatched to worker[9] failed because unable to get work from ready queue.
[2026-07-25T22:11:03.974] [DEBUG] debug-file - A work dispatched to worker[8] failed because unable to get work from ready queue.
[2026-07-25T22:11:03.974] [DEBUG] debug-file - A work dispatched to worker[7] failed because unable to get work from ready queue.
[2026-07-25T22:11:03.974] [DEBUG] debug-file - A work dispatched to worker[6] failed because unable to get work from ready queue.
[2026-07-25T22:11:03.974] [DEBUG] debug-file - A work dispatched to worker[5] failed because unable to get work from ready queue.
[2026-07-25T22:11:03.974] [DEBUG] debug-file - default@ColdReloadArkTS work[4] has been dispatched to worker[4].
[2026-07-25T22:11:03.974] [DEBUG] debug-file - default@ColdReloadArkTS work[4] is dispatched.
[2026-07-25T22:11:03.974] [DEBUG] debug-file - entry : default@ColdReloadArkTS cost memory -0.45946502685546875
[2026-07-25T22:11:03.977] [DEBUG] debug-file - Executing task :entry:default@PreBuild
[2026-07-25T22:11:03.979] [DEBUG] debug-file - Task 'entry:default@PreBuild' cost while wrapping incremental declarations: 1 ms 
[2026-07-25T22:11:03.986] [DEBUG] debug-file - entry:default@PreBuild is not up-to-date, since the task snapshots are different.
[2026-07-25T22:11:03.986] [DEBUG] debug-file - Incremental task entry:default@PreBuild pre-execution cost: 6 ms .
[2026-07-25T22:11:03.994] [DEBUG] debug-file - current product is not Atomic service.
[2026-07-25T22:11:03.995] [DEBUG] debug-file - Use tool [win32: JAVA_HOME, CLASSPATH]
 [
  {
    JAVA_HOME: 'D:\\Soft\\DevEco\\devecostudio-windows-6.1.1.290\\DevEco Studio\\jbr'
  },
  { CLASSPATH: undefined }
]
[2026-07-25T22:11:03.995] [DEBUG] debug-file - Use tool [win32: NODE_HOME]
 [
  {
    NODE_HOME: 'D:\\Soft\\DevEco\\devecostudio-windows-6.1.1.290\\DevEco Studio\\tools\\node'
  }
]
[2026-07-25T22:11:03.995] [DEBUG] debug-file - entry : default@PreBuild cost memory -0.765960693359375
[2026-07-25T22:11:03.995] [DEBUG] debug-file - runTaskFromQueue task cost before running: 158 ms 
[2026-07-25T22:11:03.999] [INFO] debug-file - Finished :entry:default@PreBuild... after 19 ms 
[2026-07-25T22:11:04.000] [DEBUG] debug-file - Executing task :entry:default@ConfigureCmake
[2026-07-25T22:11:04.000] [DEBUG] debug-file - entry : default@ConfigureCmake cost memory 0.01446533203125
[2026-07-25T22:11:04.000] [DEBUG] debug-file - runTaskFromQueue task cost before running: 163 ms 
[2026-07-25T22:11:04.000] [INFO] debug-file - Finished :entry:default@ConfigureCmake... after 1 ms 
[2026-07-25T22:11:04.001] [DEBUG] debug-file - Executing task :entry:default@BuildNativeWithCmake
[2026-07-25T22:11:04.001] [DEBUG] debug-file - entry : default@BuildNativeWithCmake cost memory 0.0145263671875
[2026-07-25T22:11:04.001] [DEBUG] debug-file - runTaskFromQueue task cost before running: 164 ms 
[2026-07-25T22:11:04.002] [INFO] debug-file - Finished :entry:default@BuildNativeWithCmake... after 1 ms 
[2026-07-25T22:11:04.002] [DEBUG] debug-file - Executing task :entry:default@BuildNativeWithNinja
[2026-07-25T22:11:04.003] [DEBUG] debug-file - entry : default@BuildNativeWithNinja cost memory 0.02213287353515625
[2026-07-25T22:11:04.003] [DEBUG] debug-file - runTaskFromQueue task cost before running: 166 ms 
[2026-07-25T22:11:04.003] [INFO] debug-file - Finished :entry:default@BuildNativeWithNinja... after 1 ms 
[2026-07-25T22:11:04.004] [DEBUG] debug-file - Executing task :entry:default@ProcessLibs
[2026-07-25T22:11:04.006] [DEBUG] debug-file - Incremental task entry:default@ProcessLibs pre-execution cost: 2 ms .
[2026-07-25T22:11:04.006] [DEBUG] debug-file - entry : default@ProcessLibs cost memory 0.11533355712890625
[2026-07-25T22:11:04.007] [INFO] debug-file - UP-TO-DATE :entry:default@ProcessLibs...  
[2026-07-25T22:11:04.007] [DEBUG] debug-file - Executing task :entry:default@DoNativeStrip
[2026-07-25T22:11:04.008] [DEBUG] debug-file - File: 'C:\Users\H1314\Desktop\foodkeeper\Foodkeeper-v1.0\entry\build\default\intermediates\binxo\default' from 'doBinxoNativeLibs' is not exists, just ignore.
[2026-07-25T22:11:04.008] [DEBUG] debug-file - Task 'entry:default@DoNativeStrip' cost while wrapping incremental declarations: 1 ms 
[2026-07-25T22:11:04.009] [DEBUG] debug-file - Incremental task entry:default@DoNativeStrip pre-execution cost: 1 ms .
[2026-07-25T22:11:04.009] [DEBUG] debug-file - entry : default@DoNativeStrip cost memory 0.09816741943359375
[2026-07-25T22:11:04.009] [INFO] debug-file - UP-TO-DATE :entry:default@DoNativeStrip...  
[2026-07-25T22:11:05.636] [WARN] debug-file - [33mWARN: [33m[33mArkTS:WARN File: C:/Users/H1314/Desktop/foodkeeper/Foodkeeper-v1.0/entry/src/main/ets/store/InventoryStore.ets:264:24
 Function may throw exceptions. Special handling is required.
[39m[39m
[33mWARN: [33m[33mArkTS:WARN File: C:/Users/H1314/Desktop/foodkeeper/Foodkeeper-v1.0/entry/src/main/ets/store/InventoryStore.ets:285:24
 Function may throw exceptions. Special handling is required.
[39m[39m
[33mWARN: [33m[33mArkTS:WARN File: C:/Users/H1314/Desktop/foodkeeper/Foodkeeper-v1.0/entry/src/main/ets/store/InventoryStore.ets:343:11
 Function may throw exceptions. Special handling is required.
[39m[39m
[33mWARN: [33m[33mArkTS:WARN File: C:/Users/H1314/Desktop/foodkeeper/Foodkeeper-v1.0/entry/src/main/ets/store/InventoryStore.ets:344:11
 Function may throw exceptions. Special handling is required.
[39m[39m
[33mWARN: [33m[33mArkTS:WARN File: C:/Users/H1314/Desktop/foodkeeper/Foodkeeper-v1.0/entry/src/main/ets/pages/HomePage.ets:34:42
 'matchMediaSync' has been deprecated.
[39m[39m
[33mWARN: [33m[33mArkTS:WARN File: C:/Users/H1314/Desktop/foodkeeper/Foodkeeper-v1.0/entry/src/main/ets/pages/HomePage.ets:113:5
 Function may throw exceptions. Special handling is required.
[39m[39m
[33mWARN: [33m[33mArkTS:WARN File: C:/Users/H1314/Desktop/foodkeeper/Foodkeeper-v1.0/entry/src/main/ets/pages/HomePage.ets:113:12
 'pushUrl' has been deprecated.
[39m[39m
[33mWARN: [33m[33mArkTS:WARN File: C:/Users/H1314/Desktop/foodkeeper/Foodkeeper-v1.0/entry/src/main/ets/pages/HomePage.ets:118:5
 Function may throw exceptions. Special handling is required.
[39m[39m
[33mWARN: [33m[33mArkTS:WARN File: C:/Users/H1314/Desktop/foodkeeper/Foodkeeper-v1.0/entry/src/main/ets/pages/HomePage.ets:118:12
 'pushUrl' has been deprecated.
[39m[39m
[33mWARN: [33m[33mArkTS:WARN File: C:/Users/H1314/Desktop/foodkeeper/Foodkeeper-v1.0/entry/src/main/ets/pages/HomePage.ets:128:5
 Function may throw exceptions. Special handling is required.
[39m[39m
[33mWARN: [33m[33mArkTS:WARN File: C:/Users/H1314/Desktop/foodkeeper/Foodkeeper-v1.0/entry/src/main/ets/pages/HomePage.ets:128:18
 'showToast' has been deprecated.
[39m[39m
[33mWARN: [33m[33mArkTS:WARN File: C:/Users/H1314/Desktop/foodkeeper/Foodkeeper-v1.0/entry/src/main/ets/pages/InventoryPage.ets:132:5
 Function may throw exceptions. Special handling is required.
[39m[39m
[33mWARN: [33m[33mArkTS:WARN File: C:/Users/H1314/Desktop/foodkeeper/Foodkeeper-v1.0/entry/src/main/ets/pages/InventoryPage.ets:132:12
 'pushUrl' has been deprecated.
[39m[39m
[33mWARN: [33m[33mArkTS:WARN File: C:/Users/H1314/Desktop/foodkeeper/Foodkeeper-v1.0/entry/src/main/ets/pages/InventoryPage.ets:136:5
 Function may throw exceptions. Special handling is required.
[39m[39m
[33mWARN: [33m[33mArkTS:WARN File: C:/Users/H1314/Desktop/foodkeeper/Foodkeeper-v1.0/entry/src/main/ets/pages/InventoryPage.ets:136:12
 'pushUrl' has been deprecated.
[39m[39m
[33mWARN: [33m[33mArkTS:WARN File: C:/Users/H1314/Desktop/foodkeeper/Foodkeeper-v1.0/entry/src/main/ets/pages/RecipePage.ets:173:7
 Function may throw exceptions. Special handling is required.
[39m[39m
[33mWARN: [33m[33mArkTS:WARN File: C:/Users/H1314/Desktop/foodkeeper/Foodkeeper-v1.0/entry/src/main/ets/pages/RecipePage.ets:173:20
 'showToast' has been deprecated.
[39m[39m
[33mWARN: [33m[33mArkTS:WARN File: C:/Users/H1314/Desktop/foodkeeper/Foodkeeper-v1.0/entry/src/main/ets/pages/RecipePage.ets:180:5
 Function may throw exceptions. Special handling is required.
[39m[39m
[33mWARN: [33m[33mArkTS:WARN File: C:/Users/H1314/Desktop/foodkeeper/Foodkeeper-v1.0/entry/src/main/ets/pages/RecipePage.ets:180:12
 'pushUrl' has been deprecated.
[39m[39m
[33mWARN: [33m[33mArkTS:WARN File: C:/Users/H1314/Desktop/foodkeeper/Foodkeeper-v1.0/entry/src/main/ets/pages/SettingsPage.ets:35:18
 'showDialog' has been deprecated.
[39m[39m
[33mWARN: [33m[33mArkTS:WARN File: C:/Users/H1314/Desktop/foodkeeper/Foodkeeper-v1.0/entry/src/main/ets/pages/SettingsPage.ets:48:20
 'showToast' has been deprecated.
[39m[39m
[33mWARN: [33m[33mArkTS:WARN File: C:/Users/H1314/Desktop/foodkeeper/Foodkeeper-v1.0/entry/src/main/ets/pages/SettingsPage.ets:60:22
 'showToast' has been deprecated.
[39m[39m
[33mWARN: [33m[33mArkTS:WARN File: C:/Users/H1314/Desktop/foodkeeper/Foodkeeper-v1.0/entry/src/main/ets/pages/SettingsPage.ets:66:22
 'showToast' has been deprecated.
[39m[39m
[33mWARN: [33m[33mArkTS:WARN File: C:/Users/H1314/Desktop/foodkeeper/Foodkeeper-v1.0/entry/src/main/ets/pages/SettingsPage.ets:70:7
 Function may throw exceptions. Special handling is required.
[39m[39m
[33mWARN: [33m[33mArkTS:WARN File: C:/Users/H1314/Desktop/foodkeeper/Foodkeeper-v1.0/entry/src/main/ets/pages/SettingsPage.ets:70:20
 'showToast' has been deprecated.
[39m[39m
[33mWARN: [33m[33mArkTS:WARN File: C:/Users/H1314/Desktop/foodkeeper/Foodkeeper-v1.0/entry/src/main/ets/pages/AddFoodPage.ets:34:27
 'getParams' has been deprecated.
[39m[39m
[33mWARN: [33m[33mArkTS:WARN File: C:/Users/H1314/Desktop/foodkeeper/Foodkeeper-v1.0/entry/src/main/ets/pages/AddFoodPage.ets:144:7
 Function may throw exceptions. Special handling is required.
[39m[39m
[33mWARN: [33m[33mArkTS:WARN File: C:/Users/H1314/Desktop/foodkeeper/Foodkeeper-v1.0/entry/src/main/ets/pages/AddFoodPage.ets:144:20
 'showToast' has been deprecated.
[39m[39m
[33mWARN: [33m[33mArkTS:WARN File: C:/Users/H1314/Desktop/foodkeeper/Foodkeeper-v1.0/entry/src/main/ets/pages/AddFoodPage.ets:149:7
 Function may throw exceptions. Special handling is required.
[39m[39m
[33mWARN: [33m[33mArkTS:WARN File: C:/Users/H1314/Desktop/foodkeeper/Foodkeeper-v1.0/entry/src/main/ets/pages/AddFoodPage.ets:149:20
 'showToast' has been deprecated.
[39m[39m
[33mWARN: [33m[33mArkTS:WARN File: C:/Users/H1314/Desktop/foodkeeper/Foodkeeper-v1.0/entry/src/main/ets/pages/AddFoodPage.ets:169:7
 Function may throw exceptions. Special handling is required.
[39m[39m
[33mWARN: [33m[33mArkTS:WARN File: C:/Users/H1314/Desktop/foodkeeper/Foodkeeper-v1.0/entry/src/main/ets/pages/AddFoodPage.ets:169:20
 'showToast' has been deprecated.
[39m[39m
[33mWARN: [33m[33mArkTS:WARN File: C:/Users/H1314/Desktop/foodkeeper/Foodkeeper-v1.0/entry/src/main/ets/pages/AddFoodPage.ets:184:9
 Function may throw exceptions. Special handling is required.
[39m[39m
[33mWARN: [33m[33mArkTS:WARN File: C:/Users/H1314/Desktop/foodkeeper/Foodkeeper-v1.0/entry/src/main/ets/pages/AddFoodPage.ets:184:22
 'showToast' has been deprecated.
[39m[39m
[33mWARN: [33m[33mArkTS:WARN File: C:/Users/H1314/Desktop/foodkeeper/Foodkeeper-v1.0/entry/src/main/ets/pages/AddFoodPage.ets:186:9
 Function may throw exceptions. Special handling is required.
[39m[39m
[33mWARN: [33m[33mArkTS:WARN File: C:/Users/H1314/Desktop/foodkeeper/Foodkeeper-v1.0/entry/src/main/ets/pages/AddFoodPage.ets:186:22
 'showToast' has been deprecated.
[39m[39m
[33mWARN: [33m[33mArkTS:WARN File: C:/Users/H1314/Desktop/foodkeeper/Foodkeeper-v1.0/entry/src/main/ets/pages/AddFoodPage.ets:190:29
 'back' has been deprecated.
[39m[39m
[33mWARN: [33m[33mArkTS:WARN File: C:/Users/H1314/Desktop/foodkeeper/Foodkeeper-v1.0/entry/src/main/ets/pages/AddFoodPage.ets:196:5
 Function may throw exceptions. Special handling is required.
[39m[39m
[33mWARN: [33m[33mArkTS:WARN File: C:/Users/H1314/Desktop/foodkeeper/Foodkeeper-v1.0/entry/src/main/ets/pages/AddFoodPage.ets:196:18
 'showToast' has been deprecated.
[39m[39m
[33mWARN: [33m[33mArkTS:WARN File: C:/Users/H1314/Desktop/foodkeeper/Foodkeeper-v1.0/entry/src/main/ets/pages/AddFoodPage.ets:197:29
 'back' has been deprecated.
[39m[39m
[33mWARN: [33m[33mArkTS:WARN File: C:/Users/H1314/Desktop/foodkeeper/Foodkeeper-v1.0/entry/src/main/ets/pages/AddFoodPage.ets:207:33
 'back' has been deprecated.
[39m[39m
[33mWARN: [33m[33mArkTS:WARN File: C:/Users/H1314/Desktop/foodkeeper/Foodkeeper-v1.0/entry/src/main/ets/pages/AddFoodPage.ets:481:22
 'show' has been deprecated.
[39m[39m
[33mWARN: [33m[33mArkTS:WARN File: C:/Users/H1314/Desktop/foodkeeper/Foodkeeper-v1.0/entry/src/main/ets/pages/RecipeDetailPage.ets:36:7
 Function may throw exceptions. Special handling is required.
[39m[39m
[33mWARN: [33m[33mArkTS:WARN File: C:/Users/H1314/Desktop/foodkeeper/Foodkeeper-v1.0/entry/src/main/ets/pages/RecipeDetailPage.ets:36:20
 'showToast' has been deprecated.
[39m[39m
[33mWARN: [33m[33mArkTS:WARN File: C:/Users/H1314/Desktop/foodkeeper/Foodkeeper-v1.0/entry/src/main/ets/pages/RecipeDetailPage.ets:37:33
 'back' has been deprecated.
[39m[39m
[33mWARN: [33m[33mArkTS:WARN File: C:/Users/H1314/Desktop/foodkeeper/Foodkeeper-v1.0/entry/src/main/ets/pages/RecipeDetailPage.ets:49:7
 Function may throw exceptions. Special handling is required.
[39m[39m
[33mWARN: [33m[33mArkTS:WARN File: C:/Users/H1314/Desktop/foodkeeper/Foodkeeper-v1.0/entry/src/main/ets/pages/RecipeDetailPage.ets:49:20
 'showToast' has been deprecated.
[39m[39m
[33mWARN: [33m[33mArkTS:WARN File: C:/Users/H1314/Desktop/foodkeeper/Foodkeeper-v1.0/entry/src/main/ets/pages/RecipeDetailPage.ets:71:22
 'showToast' has been deprecated.
[39m[39m
[33mWARN: [33m[33mArkTS:WARN File: C:/Users/H1314/Desktop/foodkeeper/Foodkeeper-v1.0/entry/src/main/ets/pages/RecipeDetailPage.ets:75:22
 'showToast' has been deprecated.
[39m[39m
[33mWARN: [33m[33mArkTS:WARN File: C:/Users/H1314/Desktop/foodkeeper/Foodkeeper-v1.0/entry/src/main/ets/pages/RecipeDetailPage.ets:78:7
 Function may throw exceptions. Special handling is required.
[39m[39m
[33mWARN: [33m[33mArkTS:WARN File: C:/Users/H1314/Desktop/foodkeeper/Foodkeeper-v1.0/entry/src/main/ets/pages/RecipeDetailPage.ets:78:20
 'showToast' has been deprecated.
[39m[39m
[33mWARN: [33m[33mArkTS:WARN File: C:/Users/H1314/Desktop/foodkeeper/Foodkeeper-v1.0/entry/src/main/ets/pages/RecipeDetailPage.ets:86:12
 'back' has been deprecated.
[39m[39m

[2026-07-25T22:11:05.636] [DEBUG] debug-file - Ark compile task finished.finished time is 198239449691200
[2026-07-25T22:11:05.637] [DEBUG] debug-file - worker[4] has one work done.
[2026-07-25T22:11:05.637] [DEBUG] debug-file - default@ColdReloadArkTS work[4] done.
[2026-07-25T22:11:05.640] [INFO] debug-file - Finished :entry:default@ColdReloadArkTS... after 1 s 684 ms 
[2026-07-25T22:11:05.641] [DEBUG] debug-file - Executing task :entry:default@PrepareQuickfix
[2026-07-25T22:11:05.658] [DEBUG] debug-file - Prepare c***r quickfix with patch versionCode 3000000.
[2026-07-25T22:11:05.658] [DEBUG] debug-file - entry : default@PrepareQuickfix cost memory 0.5615921020507812
[2026-07-25T22:11:05.658] [DEBUG] debug-file - runTaskFromQueue task cost before running: 1 s 821 ms 
[2026-07-25T22:11:05.658] [INFO] debug-file - Finished :entry:default@PrepareQuickfix... after 18 ms 
[2026-07-25T22:11:05.660] [DEBUG] debug-file - Executing task :entry:default@PackageHqf
[2026-07-25T22:11:05.661] [DEBUG] debug-file - current process  memoryUsage: {
  rss: 620556288,
  heapTotal: 130764800,
  heapUsed: 121435072,
  external: 3200649,
  arrayBuffers: 155955
} os memoryUsage :19.49542236328125
[2026-07-25T22:11:05.989] [DEBUG] debug-file - entry : default@PackageHqf cost memory -1.4395065307617188
[2026-07-25T22:11:05.990] [DEBUG] debug-file - runTaskFromQueue task cost before running: 2 s 152 ms 
[2026-07-25T22:11:05.990] [INFO] debug-file - Finished :entry:default@PackageHqf... after 330 ms 
[2026-07-25T22:11:05.991] [DEBUG] debug-file - Executing task :entry:default@SignHqf
[2026-07-25T22:11:06.122] [DEBUG] debug-file - java daemon socket received message:{"code":0,"message":"sign app success"}
[2026-07-25T22:11:06.126] [DEBUG] debug-file - java daemon socket close code:1000 reason:close by user
[2026-07-25T22:11:06.128] [DEBUG] debug-file - entry : default@SignHqf cost memory 0.31452178955078125
[2026-07-25T22:11:06.128] [DEBUG] debug-file - runTaskFromQueue task cost before running: 2 s 291 ms 
[2026-07-25T22:11:06.128] [INFO] debug-file - Finished :entry:default@SignHqf... after 137 ms 
[2026-07-25T22:11:06.129] [DEBUG] debug-file - Executing task :entry:assembleDevHqf
[2026-07-25T22:11:06.131] [DEBUG] debug-file - entry : assembleDevHqf cost memory 0.2608642578125
[2026-07-25T22:11:06.132] [DEBUG] debug-file - runTaskFromQueue task cost before running: 2 s 294 ms 
[2026-07-25T22:11:06.132] [INFO] debug-file - Finished :entry:assembleDevHqf... after 3 ms 
[2026-07-25T22:11:06.143] [INFO] debug-file - BUILD SUCCESSFUL in 2 s 306 ms 
[2026-07-25T22:11:06.145] [DEBUG] debug-file - Update task entry:default@ColdReloadArkTS input file:C:\Users\H1314\Desktop\foodkeeper\Foodkeeper-v1.0\entry\build\default\intermediates\loader\default cache by regenerate.
[2026-07-25T22:11:06.146] [DEBUG] debug-file - Update task entry:default@ColdReloadArkTS input file:C:\Users\H1314\Desktop\foodkeeper\Foodkeeper-v1.0\entry\build\default\intermediates\res\default\resources\rawfile cache by regenerate.
[2026-07-25T22:11:06.147] [DEBUG] debug-file - Update task entry:default@ColdReloadArkTS input file:C:\Users\H1314\Desktop\foodkeeper\Foodkeeper-v1.0\entry\build\default\intermediates\res\default\ResourceTable.txt cache by regenerate.
[2026-07-25T22:11:06.147] [DEBUG] debug-file - Update task entry:default@ColdReloadArkTS input file:C:\Users\H1314\Desktop\foodkeeper\Foodkeeper-v1.0\entry\build\default\intermediates\res\default\ark_module.json cache by regenerate.
[2026-07-25T22:11:06.147] [DEBUG] debug-file - Update task entry:default@ColdReloadArkTS input file:C:\Users\H1314\Desktop\foodkeeper\Foodkeeper-v1.0\entry\build\default\intermediates\res\default\resources\base\profile cache by regenerate.
[2026-07-25T22:11:06.149] [DEBUG] debug-file - Update task entry:default@ColdReloadArkTS input file:C:\Users\H1314\Desktop\foodkeeper\Foodkeeper-v1.0\entry\src\main\ets cache by regenerate.
[2026-07-25T22:11:06.154] [DEBUG] debug-file - Update task entry:default@ColdReloadArkTS input file:C:\Users\H1314\Desktop\foodkeeper\Foodkeeper-v1.0\entry\build\default\intermediates\loader\default\pkgContextInfo.json cache by regenerate.
[2026-07-25T22:11:06.154] [DEBUG] debug-file - Update task entry:default@ColdReloadArkTS input file:C:\Users\H1314\Desktop\foodkeeper\Foodkeeper-v1.0\entry\build\default\generated\profile\default\BuildProfile.ets cache by regenerate.
[2026-07-25T22:11:06.154] [DEBUG] debug-file - Update task entry:default@ColdReloadArkTS input file:C:\Users\H1314\Desktop\foodkeeper\Foodkeeper-v1.0\entry\src\mock\mock-config.json5 cache by regenerate.
[2026-07-25T22:11:06.155] [DEBUG] debug-file - Update task entry:default@ColdReloadArkTS output file:C:\Users\H1314\Desktop\foodkeeper\Foodkeeper-v1.0\entry\build\default\intermediates\loader_out\default\ets cache.
[2026-07-25T22:11:06.155] [DEBUG] debug-file - Incremental task entry:default@ColdReloadArkTS post-execution cost:13 ms .
[2026-07-25T22:11:06.156] [DEBUG] debug-file - Update task entry:default@PreBuild input file:C:\Users\H1314\Desktop\foodkeeper\Foodkeeper-v1.0\AppScope\app.json5 cache by regenerate.
[2026-07-25T22:11:06.157] [DEBUG] debug-file - Update task entry:default@PreBuild input file:C:\Users\H1314\Desktop\foodkeeper\Foodkeeper-v1.0\entry\src\main\module.json5 cache by regenerate.
[2026-07-25T22:11:06.157] [DEBUG] debug-file - Update task entry:default@PreBuild input file:C:\Users\H1314\Desktop\foodkeeper\Foodkeeper-v1.0\build-profile.json5 cache by regenerate.
[2026-07-25T22:11:06.157] [DEBUG] debug-file - Update task entry:default@PreBuild input file:C:\Users\H1314\Desktop\foodkeeper\Foodkeeper-v1.0\entry\build-profile.json5 cache by regenerate.
[2026-07-25T22:11:06.157] [DEBUG] debug-file - Update task entry:default@PreBuild input file:C:\Users\H1314\Desktop\foodkeeper\Foodkeeper-v1.0\entry\src\main\resources\base\profile\main_pages.json cache by regenerate.
[2026-07-25T22:11:06.157] [DEBUG] debug-file - Update task entry:default@PreBuild input file:C:\Users\H1314\Desktop\foodkeeper\Foodkeeper-v1.0\hvigor\hvigor-config.json5 cache by regenerate.
[2026-07-25T22:11:06.158] [DEBUG] debug-file - Update task entry:default@PreBuild input file:C:\Users\H1314\Desktop\foodkeeper\Foodkeeper-v1.0\entry\src\mock\mock-config.json5 cache by regenerate.
[2026-07-25T22:11:06.158] [DEBUG] debug-file - Update task entry:default@PreBuild input file:C:\Users\H1314\Desktop\foodkeeper\Foodkeeper-v1.0\entry\oh-package.json5 cache by regenerate.
[2026-07-25T22:11:06.158] [DEBUG] debug-file - Update task entry:default@PreBuild input file:C:\Users\H1314\Desktop\foodkeeper\Foodkeeper-v1.0\oh-package.json5 cache by regenerate.
[2026-07-25T22:11:06.158] [DEBUG] debug-file - Incremental task entry:default@PreBuild post-execution cost:3 ms .
[2026-07-25T22:11:06.158] [DEBUG] debug-file - There is no need to refresh cache, since the incremental task entry:default@ProcessLibs is up-to-date.
[2026-07-25T22:11:06.158] [DEBUG] debug-file - There is no need to refresh cache, since the incremental task entry:default@DoNativeStrip is up-to-date.
[2026-07-25T22:11:06.183] [DEBUG] debug-file - hvigor build process will be closed.
[2026-07-25T22:11:06.359] [DEBUG] debug-file - session manager: send message to worker process.
[2026-07-25T22:11:06.360] [DEBUG] debug-file - session manager: send message to worker process.
[2026-07-25T22:11:06.360] [DEBUG] debug-file - watch worker: worker id should be larger than 0. Nothing will be sent to any worker thread.
[2026-07-25T22:11:06.360] [DEBUG] debug-file - watch worker: worker id should be larger than 0. Nothing will be sent to any worker thread.
[2026-07-26T01:36:30.056] [DEBUG] debug-file - hvigor java daemon: Starting java daemon. jvmXmxValue=512m, jarPath=D:\Soft\DevEco\devecostudio-windows-6.1.1.290\DevEco Studio\tools\hvigor\hvigor\lib\hvigor-java-daemon.jar
[2026-07-26T01:36:30.066] [DEBUG] debug-file - hvigor java daemon: Read cache file, 
    port=45050, pid=27236, sessionId exists=true
[2026-07-26T01:36:30.103] [DEBUG] debug-file - hvigor java daemon: tryConnect failed, Error: connect ECONNREFUSED 127.0.0.1:45050, will start new daemon
[2026-07-26T01:36:30.216] [DEBUG] debug-file - java daemon started at port 45050 pid 37236
[2026-07-26T01:36:26.277] [DEBUG] debug-file - env: nodejsVersion=v18.20.1
[2026-07-26T01:36:26.521] [DEBUG] debug-file - env: daemon=true
[2026-07-26T01:36:26.279] [DEBUG] debug-file - env: hvigor-config.json5 content = {
  modelVersion: '6.1.1',
  dependencies: {},
  execution: {},
  logging: {},
  debugging: {},
  nodeOptions: {}
}
[2026-07-26T01:36:31.612] [DEBUG] debug-file - session manager: set active socket. socketId=3R53MUxHhM9p8WheAAAB
[2026-07-26T01:36:31.633] [DEBUG] debug-file - watch worker: worker id should be larger than 0. Nothing will be sent to any worker thread.
[2026-07-26T01:36:31.641] [DEBUG] debug-file - Since there is no instance or instance is terminated, create a new worker pool.
[2026-07-26T01:36:31.642] [DEBUG] debug-file - Worker pool is initialized with config:  {
  minPoolNum: 2,
  maxPoolNum: undefined,
  maxCoreSize: undefined,
  cacheCapacity: undefined,
  cacheTtl: undefined
}
[2026-07-26T01:36:31.643] [DEBUG] debug-file - Create  resident worker with id: 0.
[2026-07-26T01:36:31.645] [DEBUG] debug-file - Create  resident worker with id: 1.
[2026-07-26T01:36:31.648] [DEBUG] debug-file - Workers' log level updated to INFO
[2026-07-26T01:36:31.666] [DEBUG] debug-file - Hvigor init with startParameters:{
  hvigorfileTypeCheck: false,
  parallelExecution: true,
  incrementalExecution: true,
  printStackTrace: false,
  daemon: true,
  analyze: 0,
  logLevel: Level { level: 20000, levelStr: 'INFO', colour: 'green' },
  optimizationStrategy: 'memory',
  hotCompile: undefined,
  hotReloadBuild: undefined,
  customizedParam: undefined
}
[2026-07-26T01:36:31.716] [DEBUG] debug-file - Cache service initialization finished in 50 ms 
[2026-07-26T01:36:31.718] [DEBUG] debug-file - hvigorfile, resolving C:\Users\H1314\Desktop\foodkeeper\Foodkeeper-v1.0\hvigorfile.ts
[2026-07-26T01:37:04.443] [DEBUG] debug-file - hvigorfile, require result:  { default: { plugins: [] } }
[2026-07-26T01:37:04.443] [DEBUG] debug-file - hvigorfile, binding system plugins null
[2026-07-26T01:37:04.444] [DEBUG] debug-file - Starting plugin build process
[2026-07-26T01:37:04.445] [DEBUG] debug-file - App plugin prepare start...
[2026-07-26T01:37:04.445] [DEBUG] debug-file - App plugin prepare end...
[2026-07-26T01:37:04.445] [DEBUG] debug-file - App plugin creating...
[2026-07-26T01:37:04.700] [DEBUG] debug-file - App plugin register hook start...
[2026-07-26T01:37:04.701] [DEBUG] debug-file - App plugin register hook end...
[2026-07-26T01:37:04.701] [DEBUG] debug-file - Plugin build process completed
[2026-07-26T01:37:04.702] [DEBUG] debug-file - Start initialize project's product build option map with build mode debug.
[2026-07-26T01:37:04.702] [DEBUG] debug-file - Picking option from product 'default' with build mode 'debug'.
[2026-07-26T01:37:04.703] [DEBUG] debug-file - Product 'default' build option initialized
[2026-07-26T01:37:04.703] [DEBUG] debug-file - End initialize project's product build option map with build mode 'debug'.
[2026-07-26T01:37:04.706] [DEBUG] debug-file - Obtain build option for product 'default'in this build.
[2026-07-26T01:37:04.740] [DEBUG] debug-file - C:\Users\H1314\Desktop\foodkeeper\Foodkeeper-v1.0\build\cache\default\remote_hsp\remoteHspCache.json not exists.
[2026-07-26T01:37:04.753] [DEBUG] debug-file - Local scan or download HarmonyOS sdk components toolchains,ets,js,native,previewer
[2026-07-26T01:37:04.759] [DEBUG] debug-file - Local scan or download hmscore sdk components toolchains,ets,native
[2026-07-26T01:37:04.764] [DEBUG] debug-file - Start recording SDK configuration permission data.
[2026-07-26T01:37:04.825] [DEBUG] debug-file - Sdk init in 74 ms 
[2026-07-26T01:37:04.832] [DEBUG] debug-file - Project task initialization takes 6 ms 
[2026-07-26T01:37:04.832] [DEBUG] debug-file - hvigorfile, begin to bind custom plugins...
[2026-07-26T01:37:04.832] [DEBUG] debug-file - hvigorfile, no custom plugins were found in C:\Users\H1314\Desktop\foodkeeper\Foodkeeper-v1.0\hvigorfile.ts
[2026-07-26T01:37:04.832] [DEBUG] debug-file - hvigorfile, resolve finished C:\Users\H1314\Desktop\foodkeeper\Foodkeeper-v1.0\hvigorfile.ts
[2026-07-26T01:37:04.833] [DEBUG] debug-file - hvigorfile, resolving C:\Users\H1314\Desktop\foodkeeper\Foodkeeper-v1.0\entry\hvigorfile.ts
[2026-07-26T01:37:04.853] [DEBUG] debug-file - hvigorfile, require result:  { default: { plugins: [] } }
[2026-07-26T01:37:04.854] [DEBUG] debug-file - hvigorfile, binding system plugins null
[2026-07-26T01:37:04.854] [DEBUG] debug-file - Starting plugin build process
[2026-07-26T01:37:04.854] [DEBUG] debug-file - Hap plugin creating...
[2026-07-26T01:37:04.856] [DEBUG] debug-file - failed to load cangjie to dynamically generate schemas: Error: Cannot find module '@ohos/cangjie-build-support/index'
Require stack:
- D:\Soft\DevEco\devecostudio-windows-6.1.1.290\DevEco Studio\tools\hvigor\hvigor-ohos-plugin\src\plugin\hooks\cangjie-register.js
- D:\Soft\DevEco\devecostudio-windows-6.1.1.290\DevEco Studio\tools\hvigor\hvigor-ohos-plugin\src\plugin\strategy\stage-init-strategy.js
- D:\Soft\DevEco\devecostudio-windows-6.1.1.290\DevEco Studio\tools\hvigor\hvigor-ohos-plugin\src\plugin\builder\abstract-plugin-builder.js
- D:\Soft\DevEco\devecostudio-windows-6.1.1.290\DevEco Studio\tools\hvigor\hvigor-ohos-plugin\src\plugin\builder\app-plugin-builder.js
- D:\Soft\DevEco\devecostudio-windows-6.1.1.290\DevEco Studio\tools\hvigor\hvigor-ohos-plugin\src\plugin\factory\plugin-factory.js
- D:\Soft\DevEco\devecostudio-windows-6.1.1.290\DevEco Studio\tools\hvigor\hvigor-ohos-plugin\index.js
- C:\Users\H1314\Desktop\foodkeeper\Foodkeeper-v1.0\hvigorfile.ts
- D:\Soft\DevEco\devecostudio-windows-6.1.1.290\DevEco Studio\tools\hvigor\hvigor\src\base\internal\lifecycle\configuration.js
- D:\Soft\DevEco\devecostudio-windows-6.1.1.290\DevEco Studio\tools\hvigor\hvigor\src\base\boot\index.js
- D:\Soft\DevEco\devecostudio-windows-6.1.1.290\DevEco Studio\tools\hvigor\hvigor\src\base\daemon\cluster\worker-process-lifecycle.js
- D:\Soft\DevEco\devecostudio-windows-6.1.1.290\DevEco Studio\tools\hvigor\hvigor\src\base\daemon\process\daemon-process-boot-script.js
[2026-07-26T01:37:04.875] [DEBUG] debug-file - Start initialize module-target build option map, moduleName=entry, buildMode=debug
[2026-07-26T01:37:04.875] [DEBUG] debug-file - Target 'default' config initialized
[2026-07-26T01:37:04.876] [DEBUG] debug-file - Target 'ohosTest' config initialized
[2026-07-26T01:37:04.876] [DEBUG] debug-file - Module 'entry' target 'default' build option initialized
[2026-07-26T01:37:04.876] [DEBUG] debug-file - Module 'entry' target 'ohosTest' build option initialized
[2026-07-26T01:37:04.876] [DEBUG] debug-file - End initialize module-target build option map, moduleName=entry
[2026-07-26T01:37:04.876] [DEBUG] debug-file - Start initialize module-target build option map, moduleName=entry, buildMode=release
[2026-07-26T01:37:04.876] [DEBUG] debug-file - Target 'default' config initialized
[2026-07-26T01:37:04.877] [DEBUG] debug-file - Target 'ohosTest' config initialized
[2026-07-26T01:37:04.877] [DEBUG] debug-file - Module 'entry' target 'default' build option initialized
[2026-07-26T01:37:04.877] [DEBUG] debug-file - Module 'entry' target 'ohosTest' build option initialized
[2026-07-26T01:37:04.877] [DEBUG] debug-file - End initialize module-target build option map, moduleName=entry
[2026-07-26T01:37:04.877] [DEBUG] debug-file - Start initialize module-target build option map, moduleName=entry, buildMode=debug
[2026-07-26T01:37:04.878] [DEBUG] debug-file - Target 'default' config initialized
[2026-07-26T01:37:04.878] [DEBUG] debug-file - Target 'ohosTest' config initialized
[2026-07-26T01:37:04.878] [DEBUG] debug-file - Module 'entry' target 'default' build option initialized
[2026-07-26T01:37:04.878] [DEBUG] debug-file - Module 'entry' target 'ohosTest' build option initialized
[2026-07-26T01:37:04.878] [DEBUG] debug-file - End initialize module-target build option map, moduleName=entry
[2026-07-26T01:37:04.879] [DEBUG] debug-file - Obtain build option for module 'entry' target 'default'in this build.
[2026-07-26T01:37:04.883] [DEBUG] debug-file - Module entry task initialization takes 4 ms 
[2026-07-26T01:37:04.884] [DEBUG] debug-file - Hap plugin register hook start...
[2026-07-26T01:37:04.884] [DEBUG] debug-file - Hap plugin register hook end...
[2026-07-26T01:37:04.884] [DEBUG] debug-file - Plugin build process completed
[2026-07-26T01:37:04.884] [DEBUG] debug-file - hvigorfile, begin to bind custom plugins...
[2026-07-26T01:37:04.884] [DEBUG] debug-file - hvigorfile, no custom plugins were found in C:\Users\H1314\Desktop\foodkeeper\Foodkeeper-v1.0\entry\hvigorfile.ts
[2026-07-26T01:37:04.884] [DEBUG] debug-file - hvigorfile, resolve finished C:\Users\H1314\Desktop\foodkeeper\Foodkeeper-v1.0\entry\hvigorfile.ts
[2026-07-26T01:37:04.909] [DEBUG] debug-file - hvigorfile, resolve hvigorfile dependencies in 24 ms 
[2026-07-26T01:37:04.909] [DEBUG] debug-file - project has submodules:entry
[2026-07-26T01:37:04.921] [DEBUG] debug-file - start to load updatedOhPackageInfo to the disk
[2026-07-26T01:37:04.952] [DEBUG] debug-file - load to the disk finished
[2026-07-26T01:37:04.953] [DEBUG] debug-file - Start to initialize dependency information.
[2026-07-26T01:37:05.007] [DEBUG] debug-file - Module Foodkeeper-v1.0 Collected Dependency: 
[2026-07-26T01:37:05.007] [DEBUG] debug-file - Module Foodkeeper-v1.0's total dependency: 0
[2026-07-26T01:37:05.008] [DEBUG] debug-file - Start to initialize dependency information.
[2026-07-26T01:37:05.012] [DEBUG] debug-file - Module entry Collected Dependency: 
[2026-07-26T01:37:05.012] [DEBUG] debug-file - Module entry's total dependency: 0
[2026-07-26T01:37:05.016] [DEBUG] debug-file - Configuration phase cost:33 s 300 ms 
[2026-07-26T01:37:05.018] [DEBUG] debug-file - Configuration task cost before running: 33 s 370 ms 
[2026-07-26T01:37:05.027] [DEBUG] debug-file - Executing task :entry:default@PreBuild
[2026-07-26T01:37:05.043] [DEBUG] debug-file - Task 'entry:default@PreBuild' cost while wrapping incremental declarations: 1 ms 
[2026-07-26T01:37:05.055] [DEBUG] debug-file - Incremental task entry:default@PreBuild pre-execution cost: 9 ms .
[2026-07-26T01:37:05.055] [DEBUG] debug-file - entry : default@PreBuild cost memory 0.7264022827148438
[2026-07-26T01:37:05.058] [INFO] debug-file - UP-TO-DATE :entry:default@PreBuild...  
[2026-07-26T01:37:05.059] [DEBUG] debug-file - Executing task :entry:default@CreateModuleInfo
[2026-07-26T01:37:05.060] [DEBUG] debug-file - Task 'entry:default@CreateModuleInfo' cost while wrapping incremental declarations: 1 ms 
[2026-07-26T01:37:05.060] [DEBUG] debug-file - entry : default@CreateModuleInfo cost memory 0.043060302734375
[2026-07-26T01:37:05.061] [DEBUG] debug-file - runTaskFromQueue task cost before running: 33 s 412 ms 
[2026-07-26T01:37:05.061] [INFO] debug-file - Finished :entry:default@CreateModuleInfo... after 2 ms 
[2026-07-26T01:37:05.065] [DEBUG] debug-file - Executing task :entry:default@GenerateMetadata
[2026-07-26T01:37:05.065] [DEBUG] debug-file - Task 'entry:default@GenerateMetadata' cost while wrapping incremental declarations: 1 ms 
[2026-07-26T01:37:05.068] [DEBUG] debug-file - Incremental task entry:default@GenerateMetadata pre-execution cost: 2 ms .
[2026-07-26T01:37:05.068] [DEBUG] debug-file - entry : default@GenerateMetadata cost memory 0.3322296142578125
[2026-07-26T01:37:05.068] [INFO] debug-file - UP-TO-DATE :entry:default@GenerateMetadata...  
[2026-07-26T01:37:05.070] [DEBUG] debug-file - Executing task :entry:default@ConfigureCmake
[2026-07-26T01:37:05.070] [DEBUG] debug-file - entry : default@ConfigureCmake cost memory 0.0145721435546875
[2026-07-26T01:37:05.070] [DEBUG] debug-file - runTaskFromQueue task cost before running: 33 s 422 ms 
[2026-07-26T01:37:05.070] [INFO] debug-file - Finished :entry:default@ConfigureCmake... after 1 ms 
[2026-07-26T01:37:05.072] [DEBUG] debug-file - Executing task :entry:default@MergeProfile
[2026-07-26T01:37:05.073] [DEBUG] debug-file - Task 'entry:default@MergeProfile' cost while wrapping incremental declarations: 1 ms 
[2026-07-26T01:37:05.076] [DEBUG] debug-file - Incremental task entry:default@MergeProfile pre-execution cost: 3 ms .
[2026-07-26T01:37:05.076] [DEBUG] debug-file - entry : default@MergeProfile cost memory 0.13904571533203125
[2026-07-26T01:37:05.076] [INFO] debug-file - UP-TO-DATE :entry:default@MergeProfile...  
[2026-07-26T01:37:05.078] [DEBUG] debug-file - Executing task :entry:default@CreateBuildProfile
[2026-07-26T01:37:05.079] [DEBUG] debug-file - Task 'entry:default@CreateBuildProfile' cost while wrapping incremental declarations: 1 ms 
[2026-07-26T01:37:05.081] [DEBUG] debug-file - Incremental task entry:default@CreateBuildProfile pre-execution cost: 2 ms .
[2026-07-26T01:37:05.081] [DEBUG] debug-file - entry : default@CreateBuildProfile cost memory 0.115997314453125
[2026-07-26T01:37:05.081] [INFO] debug-file - UP-TO-DATE :entry:default@CreateBuildProfile...  
[2026-07-26T01:37:05.082] [DEBUG] debug-file - Executing task :entry:default@PreCheckSyscap
[2026-07-26T01:37:05.083] [DEBUG] debug-file - entry : default@PreCheckSyscap cost memory 0.01471710205078125
[2026-07-26T01:37:05.083] [DEBUG] debug-file - runTaskFromQueue task cost before running: 33 s 434 ms 
[2026-07-26T01:37:05.084] [INFO] debug-file - Finished :entry:default@PreCheckSyscap... after 1 ms 
[2026-07-26T01:37:05.085] [DEBUG] debug-file - Executing task :entry:default@GeneratePkgContextInfo
[2026-07-26T01:37:05.098] [DEBUG] debug-file - Task 'entry:default@GeneratePkgContextInfo' cost while wrapping incremental declarations: 1 ms 
[2026-07-26T01:37:05.098] [DEBUG] debug-file - Incremental task entry:default@GeneratePkgContextInfo pre-execution cost: 1 ms .
[2026-07-26T01:37:05.099] [DEBUG] debug-file - entry : default@GeneratePkgContextInfo cost memory -13.747787475585938
[2026-07-26T01:37:05.099] [INFO] debug-file - UP-TO-DATE :entry:default@GeneratePkgContextInfo...  
[2026-07-26T01:37:05.100] [DEBUG] debug-file - Executing task :entry:default@GeneratePkgSdkInfo
[2026-07-26T01:37:05.103] [DEBUG] debug-file - Task 'entry:default@GeneratePkgSdkInfo' cost while wrapping incremental declarations: 1 ms 
[2026-07-26T01:37:05.103] [DEBUG] debug-file - entry : default@GeneratePkgSdkInfo cost memory 0.14104461669921875
[2026-07-26T01:37:05.103] [DEBUG] debug-file - runTaskFromQueue task cost before running: 33 s 455 ms 
[2026-07-26T01:37:05.104] [INFO] debug-file - Finished :entry:default@GeneratePkgSdkInfo... after 4 ms 
[2026-07-26T01:37:05.107] [DEBUG] debug-file - Executing task :entry:default@ProcessIntegratedHsp
[2026-07-26T01:37:05.108] [DEBUG] debug-file - entry:default@ProcessIntegratedHsp is not up-to-date, since the output file 'C:\Users\H1314\Desktop\foodkeeper\Foodkeeper-v1.0\build\cache\default\integrated_hsp\integratedHspCache.json' does not exist.
[2026-07-26T01:37:05.108] [DEBUG] debug-file - Incremental task entry:default@ProcessIntegratedHsp pre-execution cost: 1 ms .
[2026-07-26T01:37:05.108] [DEBUG] debug-file - entry : default@ProcessIntegratedHsp cost memory 0.062103271484375
[2026-07-26T01:37:05.108] [DEBUG] debug-file - runTaskFromQueue task cost before running: 33 s 460 ms 
[2026-07-26T01:37:05.108] [INFO] debug-file - Finished :entry:default@ProcessIntegratedHsp... after 1 ms 
[2026-07-26T01:37:05.109] [DEBUG] debug-file - Executing task :entry:default@BuildNativeWithCmake
[2026-07-26T01:37:05.109] [DEBUG] debug-file - entry : default@BuildNativeWithCmake cost memory 0.0150299072265625
[2026-07-26T01:37:05.109] [DEBUG] debug-file - runTaskFromQueue task cost before running: 33 s 461 ms 
[2026-07-26T01:37:05.110] [INFO] debug-file - Finished :entry:default@BuildNativeWithCmake... after 1 ms 
[2026-07-26T01:37:05.111] [DEBUG] debug-file - Executing task :entry:default@MakePackInfo
[2026-07-26T01:37:05.114] [DEBUG] debug-file - Incremental task entry:default@MakePackInfo pre-execution cost: 2 ms .
[2026-07-26T01:37:05.114] [DEBUG] debug-file - entry : default@MakePackInfo cost memory 0.14124298095703125
[2026-07-26T01:37:05.114] [INFO] debug-file - UP-TO-DATE :entry:default@MakePackInfo...  
[2026-07-26T01:37:05.115] [DEBUG] debug-file - Executing task :entry:default@SyscapTransform
[2026-07-26T01:37:05.116] [DEBUG] debug-file - File: 'C:\Users\H1314\Desktop\foodkeeper\Foodkeeper-v1.0\entry\src\main\syscap.json' from 'sysCapJsonPath' is not exists, just ignore.
[2026-07-26T01:37:05.118] [DEBUG] debug-file - Task 'entry:default@SyscapTransform' cost while wrapping incremental declarations: 2 ms 
[2026-07-26T01:37:05.143] [DEBUG] debug-file - entry:default@SyscapTransform is not up-to-date, since the output file 'C:\Users\H1314\Desktop\foodkeeper\Foodkeeper-v1.0\entry\build\default\intermediates\syscap\default\rpcid.sc' does not exist.
[2026-07-26T01:37:05.144] [DEBUG] debug-file - Incremental task entry:default@SyscapTransform pre-execution cost: 26 ms .
[2026-07-26T01:37:05.144] [DEBUG] debug-file - entry : default@SyscapTransform cost memory 0.21094512939453125
[2026-07-26T01:37:05.144] [DEBUG] debug-file - runTaskFromQueue task cost before running: 33 s 496 ms 
[2026-07-26T01:37:05.145] [INFO] debug-file - Finished :entry:default@SyscapTransform... after 29 ms 
[2026-07-26T01:37:05.147] [DEBUG] debug-file - Executing task :entry:default@ProcessProfile
[2026-07-26T01:37:05.158] [DEBUG] debug-file - Task 'entry:default@ProcessProfile' cost while wrapping incremental declarations: 1 ms 
[2026-07-26T01:37:05.159] [DEBUG] debug-file - Incremental task entry:default@ProcessProfile pre-execution cost: 1 ms .
[2026-07-26T01:37:05.160] [DEBUG] debug-file - entry : default@ProcessProfile cost memory 0.13895416259765625
[2026-07-26T01:37:05.160] [INFO] debug-file - UP-TO-DATE :entry:default@ProcessProfile...  
[2026-07-26T01:37:05.161] [DEBUG] debug-file - Executing task :entry:default@ProcessRouterMap
[2026-07-26T01:37:05.165] [DEBUG] debug-file - Incremental task entry:default@ProcessRouterMap pre-execution cost: 3 ms .
[2026-07-26T01:37:05.165] [DEBUG] debug-file - entry : default@ProcessRouterMap cost memory 0.1790008544921875
[2026-07-26T01:37:05.165] [INFO] debug-file - UP-TO-DATE :entry:default@ProcessRouterMap...  
[2026-07-26T01:37:05.166] [DEBUG] debug-file - Executing task :entry:default@ProcessShareConfig
[2026-07-26T01:37:05.169] [DEBUG] debug-file - Incremental task entry:default@ProcessShareConfig pre-execution cost: 3 ms .
[2026-07-26T01:37:05.169] [DEBUG] debug-file - entry : default@ProcessShareConfig cost memory 0.1544036865234375
[2026-07-26T01:37:05.170] [INFO] debug-file - UP-TO-DATE :entry:default@ProcessShareConfig...  
[2026-07-26T01:37:05.172] [DEBUG] debug-file - Executing task :entry:default@ProcessStartupConfig
[2026-07-26T01:37:05.172] [DEBUG] debug-file - Task 'entry:default@ProcessStartupConfig' cost while wrapping incremental declarations: 1 ms 
[2026-07-26T01:37:05.173] [DEBUG] debug-file - entry:default@ProcessStartupConfig is not up-to-date, since the output file 'C:\Users\H1314\Desktop\foodkeeper\Foodkeeper-v1.0\entry\build\default\intermediates\startup\default\startup_config.json' does not exist.
[2026-07-26T01:37:05.174] [DEBUG] debug-file - Incremental task entry:default@ProcessStartupConfig pre-execution cost: 2 ms .
[2026-07-26T01:37:05.183] [DEBUG] debug-file - entry : default@ProcessStartupConfig cost memory 0.1533355712890625
[2026-07-26T01:37:05.183] [DEBUG] debug-file - runTaskFromQueue task cost before running: 33 s 535 ms 
[2026-07-26T01:37:05.184] [INFO] debug-file - Finished :entry:default@ProcessStartupConfig... after 12 ms 
[2026-07-26T01:37:05.185] [DEBUG] debug-file - Executing task :entry:default@BuildNativeWithNinja
[2026-07-26T01:37:05.186] [DEBUG] debug-file - entry : default@BuildNativeWithNinja cost memory 0.02213287353515625
[2026-07-26T01:37:05.186] [DEBUG] debug-file - runTaskFromQueue task cost before running: 33 s 537 ms 
[2026-07-26T01:37:05.186] [INFO] debug-file - Finished :entry:default@BuildNativeWithNinja... after 1 ms 
[2026-07-26T01:37:05.188] [DEBUG] debug-file - restool module names: entry; moduleName=entry, taskName=default@ProcessResource
[2026-07-26T01:37:05.202] [DEBUG] debug-file - Executing task :entry:default@ProcessResource
[2026-07-26T01:37:05.202] [DEBUG] debug-file - Task 'entry:default@ProcessResource' cost while wrapping incremental declarations: 1 ms 
[2026-07-26T01:37:05.204] [DEBUG] debug-file - Incremental task entry:default@ProcessResource pre-execution cost: 2 ms .
[2026-07-26T01:37:05.204] [DEBUG] debug-file - entry : default@ProcessResource cost memory 0.15572357177734375
[2026-07-26T01:37:05.206] [INFO] debug-file - UP-TO-DATE :entry:default@ProcessResource...  
[2026-07-26T01:37:05.208] [DEBUG] debug-file - Executing task :entry:default@GenerateLoaderJson
[2026-07-26T01:37:05.210] [DEBUG] debug-file - Task 'entry:default@GenerateLoaderJson' cost while wrapping incremental declarations: 1 ms 
[2026-07-26T01:37:05.230] [DEBUG] debug-file - entry:default@GenerateLoaderJson is not up-to-date, since the output file 'C:\Users\H1314\Desktop\foodkeeper\Foodkeeper-v1.0\entry\build\default\intermediates\loader\default\loader.json' has been changed.
[2026-07-26T01:37:05.230] [DEBUG] debug-file - Incremental task entry:default@GenerateLoaderJson pre-execution cost: 5 ms .
[2026-07-26T01:37:05.237] [DEBUG] debug-file - entry : default@GenerateLoaderJson cost memory 0.6837081909179688
[2026-07-26T01:37:05.237] [DEBUG] debug-file - runTaskFromQueue task cost before running: 33 s 589 ms 
[2026-07-26T01:37:05.242] [INFO] debug-file - Finished :entry:default@GenerateLoaderJson... after 29 ms 
[2026-07-26T01:37:05.243] [DEBUG] debug-file - Executing task :entry:default@ProcessLibs
[2026-07-26T01:37:05.246] [DEBUG] debug-file - Incremental task entry:default@ProcessLibs pre-execution cost: 2 ms .
[2026-07-26T01:37:05.246] [DEBUG] debug-file - entry : default@ProcessLibs cost memory 0.11992645263671875
[2026-07-26T01:37:05.246] [INFO] debug-file - UP-TO-DATE :entry:default@ProcessLibs...  
[2026-07-26T01:37:05.248] [DEBUG] debug-file - restool module names: entry; moduleName=entry, taskName=default@CompileResource
[2026-07-26T01:37:05.248] [DEBUG] debug-file - Executing task :entry:default@CompileResource
[2026-07-26T01:37:05.280] [DEBUG] debug-file - Incremental task entry:default@CompileResource pre-execution cost: 19 ms .
[2026-07-26T01:37:05.280] [DEBUG] debug-file - entry : default@CompileResource cost memory 0.816162109375
[2026-07-26T01:37:05.281] [INFO] debug-file - UP-TO-DATE :entry:default@CompileResource...  
[2026-07-26T01:37:05.283] [DEBUG] debug-file - Executing task :entry:default@DoNativeStrip
[2026-07-26T01:37:05.283] [DEBUG] debug-file - File: 'C:\Users\H1314\Desktop\foodkeeper\Foodkeeper-v1.0\entry\build\default\intermediates\binxo\default' from 'doBinxoNativeLibs' is not exists, just ignore.
[2026-07-26T01:37:05.283] [DEBUG] debug-file - Task 'entry:default@DoNativeStrip' cost while wrapping incremental declarations: 1 ms 
[2026-07-26T01:37:05.284] [DEBUG] debug-file - Incremental task entry:default@DoNativeStrip pre-execution cost: 1 ms .
[2026-07-26T01:37:05.284] [DEBUG] debug-file - entry : default@DoNativeStrip cost memory 0.10114288330078125
[2026-07-26T01:37:05.285] [INFO] debug-file - UP-TO-DATE :entry:default@DoNativeStrip...  
[2026-07-26T01:37:05.286] [DEBUG] debug-file - Executing task :entry:default@CompileArkTS
[2026-07-26T01:37:05.287] [DEBUG] debug-file - obfuscationOptions: undefined
[2026-07-26T01:37:05.289] [DEBUG] debug-file - Task 'entry:default@CompileArkTS' cost while wrapping incremental declarations: 1 ms 
[2026-07-26T01:37:05.295] [DEBUG] debug-file - entry:default@CompileArkTS is not up-to-date, since the input file 'C:\Users\H1314\Desktop\foodkeeper\Foodkeeper-v1.0\entry\build\default\intermediates\loader\default' has been changed.
[2026-07-26T01:37:05.296] [DEBUG] debug-file - Incremental task entry:default@CompileArkTS pre-execution cost: 4 ms .
[2026-07-26T01:37:05.351] [DEBUG] debug-file - build config:
[2026-07-26T01:37:05.351] [DEBUG] debug-file - {
  moduleType: 'entry',
  perf: 0,
  targetName: '.default',
  packageManagerType: 'ohpm',
  localPropertiesPath: 'C:\\Users\\H1314\\Desktop\\foodkeeper\\Foodkeeper-v1.0\\local.properties',
  isPreview: false,
  isOhosTest: false,
  isLocalTest: false,
  buildMode: 'Debug',
  hotReloadBuild: undefined,
  watchMode: 'false',
  aceProfilePath: 'C:\\Users\\H1314\\Desktop\\foodkeeper\\Foodkeeper-v1.0\\entry\\build\\default\\intermediates\\res\\default\\resources\\base\\profile',
  etsLoaderPath: 'D:\\Soft\\DevEco\\devecostudio-windows-6.1.1.290\\DevEco Studio\\sdk\\default\\openharmony\\ets\\build-tools\\ets-loader',
  modulePath: 'C:\\Users\\H1314\\Desktop\\foodkeeper\\Foodkeeper-v1.0\\entry',
  testFrameworkPar: {
    testMode: undefined,
    coveragePathFilter: undefined,
    coverageMode: undefined
  },
  needCoverageInsert: false,
  debugLine: false,
  projectTopDir: 'C:\\Users\\H1314\\Desktop\\foodkeeper\\Foodkeeper-v1.0',
  compileSdkVersion: 24,
  compatibleSdkVersion: 20,
  originCompatibleSdkVersion: '6.0.0(20)',
  compatibleSdkVersionStage: undefined,
  bundleName: 'c***r',
  etsLoaderVersion: '6.1.1.125',
  etsLoaderReleaseType: 'Release',
  aotCompileMode: 'type',
  apPath: 'C:\\Users\\H1314\\Desktop\\foodkeeper\\Foodkeeper-v1.0\\entry\\modules.ap',
  entryModuleName: 'entry',
  entryModuleVersion: '1.0.0',
  entryPackageName: 'entry',
  allModuleNameHash: '5a8e40311c990954e1242db61f4ac16a53f6772c738d7b9e71c868f46c672df2',
  externalApiPaths: [
    'D:\\Soft\\DevEco\\devecostudio-windows-6.1.1.290\\DevEco Studio\\sdk\\default\\hms\\ets'
  ],
  compilerTypes: [],
  isCrossplatform: false,
  hvigorPluginFile: undefined,
  compilePluginPath: undefined,
  buildGeneratedProfilePath: 'C:\\Users\\H1314\\Desktop\\foodkeeper\\Foodkeeper-v1.0\\entry\\build\\default\\generated\\profile\\default',
  bundleType: 'app',
  arkTSVersion: undefined,
  apiVersion: 24,
  needCompleteSourcesMap: false,
  isFaMode: false,
  buildDir: 'C:\\Users\\H1314\\Desktop\\foodkeeper\\Foodkeeper-v1.0\\entry\\build',
  deviceTypes: [ 'phone' ],
  pkgContextInfo: {
    '@ohos/hypium': {
      packageName: '@ohos/hypium',
      bundleName: '*****',
      moduleName: '',
      version: '1.0.21',
      entryPath: 'index.js',
      isSO: false,
      dependencyAlias: ''
    },
    '@ohos/hamock': {
      packageName: '@ohos/hamock',
      bundleName: '*****',
      moduleName: '',
      version: '1.0.0',
      entryPath: 'index.ets',
      isSO: false,
      dependencyAlias: ''
    },
    entry: {
      packageName: 'entry',
      bundleName: '*****',
      moduleName: '',
      version: '',
      entryPath: 'src/main/',
      isSO: false,
      dependencyAlias: ''
    }
  },
  ohPackagePathMap: {},
  dependencyAliasMap: {},
  permission: { requestPermissions: undefined, definePermissions: undefined },
  useGetCurrentBundleName: false,
  projectArkOption: undefined,
  sourceMapDir: undefined,
  branchElimination: false,
  transformLib: undefined,
  tsImportSendable: false,
  resolveConflictMode: true,
  depName2RootPath: {},
  depName2DepInfo: {},
  depName2OhExports: {},
  rootPathSet: [ 'C:\\Users\\H1314\\Desktop\\foodkeeper\\Foodkeeper-v1.0' ],
  useNativeResolver: true,
  shouldEmitJs: true,
  useTscResolve: false,
  singleFileEmit: false,
  userProjectConfig: {
    autoLazyImport: false,
    allowEmptyBundleName: false,
    reExportCheckMode: 'noCheck',
    executionMode: 'memory',
    usePathPlaceholder: false,
    writeRollupCache: true,
    isExpandImportEnabled: false,
    expandImportExclude: '',
    lazyImportExclude: '',
    lazyImportInclude: '',
    ignoreCrossplatformCheck: false,
    isHarDeduplicateEnabled: false,
    skipOhModulesLint: false,
    enableStrictCheckOHModule: false,
    disableSendableCheckRules: [],
    useDeclarationFileSignature: false,
    customizedOptions: undefined,
    integratedHsp: false,
    isPreloadSoEnabled: false
  },
  executionMode: 'memory',
  arkCompileCachePath: 'C:\\Users\\H1314\\Desktop\\foodkeeper\\Foodkeeper-v1.0\\entry\\build\\default\\cache\\default\\default@CompileArkTS\\esmodule',
  autoLazyFilter: undefined,
  isHarDeduplicateEnabled: false,
  intermediateHarDuplicateDirPath: 'C:\\Users\\H1314\\Desktop\\foodkeeper\\Foodkeeper-v1.0\\entry\\build\\default\\intermediates\\har_duplicate\\default',
  autoLazyImport: false,
  allowEmptyBundleName: false,
  reExportCheckMode: 'noCheck',
  usePathPlaceholder: false,
  writeRollupCache: true,
  isExpandImportEnabled: false,
  expandImportExclude: '',
  lazyImportExclude: '',
  lazyImportInclude: '',
  ignoreCrossplatformCheck: false,
  skipOhModulesLint: false,
  enableStrictCheckOHModule: false,
  disableSendableCheckRules: [],
  useDeclarationFileSignature: false,
  customizedOptions: undefined,
  integratedHsp: false,
  isPreloadSoEnabled: false,
  strictMode: {
    caseSensitiveCheck: true,
    useNormalizedOHMUrl: true,
    noExternalImportByPath: true
  },
  useNormalizedOHMUrl: true,
  caseSensitiveCheck: true,
  strictCheckerOnly: false,
  aceModuleJsonPath: 'C:\\Users\\H1314\\Desktop\\foodkeeper\\Foodkeeper-v1.0\\entry\\build\\default\\intermediates\\res\\default\\ark_module.json',
  appResource: 'C:\\Users\\H1314\\Desktop\\foodkeeper\\Foodkeeper-v1.0\\entry\\build\\default\\intermediates\\res\\default\\ResourceTable.txt',
  rawFileResource: 'C:\\Users\\H1314\\Desktop\\foodkeeper\\Foodkeeper-v1.0\\entry\\build\\default\\intermediates\\res\\default\\resources\\rawfile',
  resourceTableHash: 'd81a83941c07883d4327563ba2cfe0ac7f68042912820a1577b99d29cbd144cc',
  runtimeOS: 'HarmonyOS',
  sdkInfo: 'false:24:6.1.1.125:Release',
  aceModuleRoot: 'C:\\Users\\H1314\\Desktop\\foodkeeper\\Foodkeeper-v1.0\\entry\\src\\main\\ets',
  compileMode: 'esmodule',
  aceSuperVisualPath: 'C:\\Users\\H1314\\Desktop\\foodkeeper\\Foodkeeper-v1.0\\entry\\src\\main\\supervisual',
  aceBuildJson: 'C:\\Users\\H1314\\Desktop\\foodkeeper\\Foodkeeper-v1.0\\entry\\build\\default\\intermediates\\loader\\default\\loader.json',
  cachePath: 'C:\\Users\\H1314\\Desktop\\foodkeeper\\Foodkeeper-v1.0\\entry\\build\\default\\cache\\default\\default@CompileArkTS\\esmodule\\debug',
  aceModuleBuild: 'C:\\Users\\H1314\\Desktop\\foodkeeper\\Foodkeeper-v1.0\\entry\\build\\default\\intermediates\\loader_out\\default\\ets',
  supportChunks: true,
  declaredFilesPath: undefined,
  shouldCollectDirectImportees: false,
  isByteCodeHarOptimize: false,
  expandImportPath: undefined,
  resourceTableTs: 'C:\\Users\\H1314\\Desktop\\foodkeeper\\Foodkeeper-v1.0\\entry\\build\\default\\generated\\r\\default\\ResourceTable.ts',
  moduleMetaInfoFiles: [
    {
      filePath: 'C:\\Users\\H1314\\Desktop\\foodkeeper\\Foodkeeper-v1.0\\entry\\build\\default\\generated\\r\\default\\ResourceTable.ts',
      ohmurl: '&entry/build/generated/r/ResourceTable&'
    }
  ],
  pkgNameToPkgBriefInfo: {
    entry: {
      pkgRoot: 'C:\\Users\\H1314\\Desktop\\foodkeeper\\Foodkeeper-v1.0\\entry',
      originalSourceRoots: undefined,
      sourceRoots: [Array],
      pkgName: 'entry'
    }
  },
  projectModel: {
    'C:\\Users\\H1314\\Desktop\\foodkeeper\\Foodkeeper-v1.0\\entry\\src\\main': {
      moduleName: 'entry',
      modulePkgPath: 'C:\\Users\\H1314\\Desktop\\foodkeeper\\Foodkeeper-v1.0\\entry',
      belongProjectPath: 'C:\\Users\\H1314\\Desktop\\foodkeeper\\Foodkeeper-v1.0'
    },
    'C:\\Users\\H1314\\Desktop\\foodkeeper\\Foodkeeper-v1.0\\entry\\.test\\default\\intermediates\\src\\ohosTest\\ets': {
      moduleName: 'entry_test',
      modulePkgPath: 'C:\\Users\\H1314\\Desktop\\foodkeeper\\Foodkeeper-v1.0\\entry',
      belongProjectPath: 'C:\\Users\\H1314\\Desktop\\foodkeeper\\Foodkeeper-v1.0'
    },
    'C:\\Users\\H1314\\Desktop\\foodkeeper\\Foodkeeper-v1.0\\entry\\src\\ohosTest': {
      moduleName: 'entry_test',
      modulePkgPath: 'C:\\Users\\H1314\\Desktop\\foodkeeper\\Foodkeeper-v1.0\\entry',
      belongProjectPath: 'C:\\Users\\H1314\\Desktop\\foodkeeper\\Foodkeeper-v1.0'
    },
    'C:\\Users\\H1314\\Desktop\\foodkeeper\\Foodkeeper-v1.0\\entry': {
      moduleName: 'entry',
      modulePkgPath: 'C:\\Users\\H1314\\Desktop\\foodkeeper\\Foodkeeper-v1.0\\entry',
      belongProjectPath: 'C:\\Users\\H1314\\Desktop\\foodkeeper\\Foodkeeper-v1.0'
    },
    'C:\\Users\\H1314\\Desktop\\foodkeeper\\Foodkeeper-v1.0': {
      moduleName: 'Foodkeeper-v1.0',
      modulePkgPath: 'C:\\Users\\H1314\\Desktop\\foodkeeper\\Foodkeeper-v1.0',
      belongProjectPath: 'C:\\Users\\H1314\\Desktop\\foodkeeper\\Foodkeeper-v1.0'
    }
  },
  pkgJsonFileHash: '7c73f54ab7f6179c8b46a9f252100c68cf10ae6dd80f95f858f353cadb446f0e',
  allModulePaths: [ 'C:\\Users\\H1314\\Desktop\\foodkeeper\\Foodkeeper-v1.0\\entry' ],
  routerMap: {},
  obfuscationOptions: undefined,
  byteCodeHarToDependencyKeys: undefined,
  compileBlockPkg: [],
  mockParams: {
    decorator: '@MockSetup',
    packageName: '@ohos/hamock',
    etsSourceRootPath: 'src/main/ets',
    mockConfigPath: 'C:\\Users\\H1314\\Desktop\\foodkeeper\\Foodkeeper-v1.0\\entry\\src\\mock\\mock-config.json5',
    mockConfigKey2ModuleInfo: {},
    source2ModuleIdMap: {}
  },
  copyCodeResourceEnable: false,
  copyCodeResourceExcludes: [],
  copyCodeResourceIncludes: undefined,
  uiTransformOptimization: false,
  sdkPath: 'D:/Soft/DevEco/devecostudio-windows-6.1.1.290/DevEco Studio/sdk',
  needPreloadSoFileSet: {},
  preloadSoFilePath: 'C:\\Users\\H1314\\Desktop\\foodkeeper\\Foodkeeper-v1.0\\entry\\build\\default\\intermediates\\preload\\default\\preload.json',
  useSourceHash: false,
  localModuleParamMap: {},
  otherPaths: {
    'entry/*': [
      '..\\*',
      '..\\..\\..\\build\\default\\generated\\profile\\default\\*'
    ]
  },
  collectImportersConfig: undefined
}
[2026-07-26T01:37:05.351] [DEBUG] debug-file - Compile arkts with external api path: D:\Soft\DevEco\devecostudio-windows-6.1.1.290\DevEco Studio\sdk\default\hms\ets
[2026-07-26T01:37:05.354] [DEBUG] debug-file - default@CompileArkTS work[0] is submitted.
[2026-07-26T01:37:05.354] [DEBUG] debug-file - default@CompileArkTS work[0] is pushed to ready queue.
[2026-07-26T01:37:05.354] [DEBUG] debug-file - A work dispatched to worker[15] failed because unable to get work from ready queue.
[2026-07-26T01:37:05.355] [DEBUG] debug-file - A work dispatched to worker[14] failed because unable to get work from ready queue.
[2026-07-26T01:37:05.355] [DEBUG] debug-file - A work dispatched to worker[13] failed because unable to get work from ready queue.
[2026-07-26T01:37:05.355] [DEBUG] debug-file - A work dispatched to worker[12] failed because unable to get work from ready queue.
[2026-07-26T01:37:05.355] [DEBUG] debug-file - A work dispatched to worker[11] failed because unable to get work from ready queue.
[2026-07-26T01:37:05.355] [DEBUG] debug-file - A work dispatched to worker[10] failed because unable to get work from ready queue.
[2026-07-26T01:37:05.355] [DEBUG] debug-file - A work dispatched to worker[9] failed because unable to get work from ready queue.
[2026-07-26T01:37:05.355] [DEBUG] debug-file - A work dispatched to worker[8] failed because unable to get work from ready queue.
[2026-07-26T01:37:05.355] [DEBUG] debug-file - A work dispatched to worker[7] failed because unable to get work from ready queue.
[2026-07-26T01:37:05.355] [DEBUG] debug-file - A work dispatched to worker[6] failed because unable to get work from ready queue.
[2026-07-26T01:37:05.355] [DEBUG] debug-file - A work dispatched to worker[5] failed because unable to get work from ready queue.
[2026-07-26T01:37:05.355] [DEBUG] debug-file - Create  resident worker with id: 4.
[2026-07-26T01:37:05.357] [DEBUG] debug-file - default@CompileArkTS work[0] has been dispatched to worker[4].
[2026-07-26T01:37:05.357] [DEBUG] debug-file - default@CompileArkTS work[0] is dispatched.
[2026-07-26T01:37:05.357] [DEBUG] debug-file - entry : default@CompileArkTS cost memory 1.8447036743164062
[2026-07-26T01:37:05.359] [DEBUG] debug-file - Executing task :entry:default@BuildJS
[2026-07-26T01:37:05.359] [DEBUG] debug-file - Task 'entry:default@BuildJS' cost while wrapping incremental declarations: 1 ms 
[2026-07-26T01:37:05.363] [DEBUG] debug-file - entry : default@BuildJS cost memory 0.17295074462890625
[2026-07-26T01:37:05.363] [DEBUG] debug-file - runTaskFromQueue task cost before running: 33 s 714 ms 
[2026-07-26T01:37:05.363] [INFO] debug-file - Finished :entry:default@BuildJS... after 4 ms 
[2026-07-26T01:37:05.365] [DEBUG] debug-file - Executing task :entry:default@CacheNativeLibs
[2026-07-26T01:37:05.365] [DEBUG] debug-file - File: 'C:\Users\H1314\Desktop\foodkeeper\Foodkeeper-v1.0\entry\build\default\intermediates\binxo\default' from 'cacheBinxoNativeLibs' is not exists, just ignore.
[2026-07-26T01:37:05.365] [DEBUG] debug-file - Task 'entry:default@CacheNativeLibs' cost while wrapping incremental declarations: 1 ms 
[2026-07-26T01:37:05.367] [DEBUG] debug-file - Incremental task entry:default@CacheNativeLibs pre-execution cost: 2 ms .
[2026-07-26T01:37:05.367] [DEBUG] debug-file - entry : default@CacheNativeLibs cost memory 0.12918853759765625
[2026-07-26T01:37:05.367] [INFO] debug-file - UP-TO-DATE :entry:default@CacheNativeLibs...  
[2026-07-26T01:37:34.825] [WARN] debug-file - [33mWARN: [33m[33mArkTS:WARN File: C:/Users/H1314/Desktop/foodkeeper/Foodkeeper-v1.0/entry/src/main/ets/store/InventoryStore.ets:264:24
 Function may throw exceptions. Special handling is required.
[39m[39m
[33mWARN: [33m[33mArkTS:WARN File: C:/Users/H1314/Desktop/foodkeeper/Foodkeeper-v1.0/entry/src/main/ets/store/InventoryStore.ets:285:24
 Function may throw exceptions. Special handling is required.
[39m[39m
[33mWARN: [33m[33mArkTS:WARN File: C:/Users/H1314/Desktop/foodkeeper/Foodkeeper-v1.0/entry/src/main/ets/store/InventoryStore.ets:343:11
 Function may throw exceptions. Special handling is required.
[39m[39m
[33mWARN: [33m[33mArkTS:WARN File: C:/Users/H1314/Desktop/foodkeeper/Foodkeeper-v1.0/entry/src/main/ets/store/InventoryStore.ets:344:11
 Function may throw exceptions. Special handling is required.
[39m[39m
[33mWARN: [33m[33mArkTS:WARN File: C:/Users/H1314/Desktop/foodkeeper/Foodkeeper-v1.0/entry/src/main/ets/pages/HomePage.ets:34:42
 'matchMediaSync' has been deprecated.
[39m[39m
[33mWARN: [33m[33mArkTS:WARN File: C:/Users/H1314/Desktop/foodkeeper/Foodkeeper-v1.0/entry/src/main/ets/pages/HomePage.ets:113:5
 Function may throw exceptions. Special handling is required.
[39m[39m
[33mWARN: [33m[33mArkTS:WARN File: C:/Users/H1314/Desktop/foodkeeper/Foodkeeper-v1.0/entry/src/main/ets/pages/HomePage.ets:113:12
 'pushUrl' has been deprecated.
[39m[39m
[33mWARN: [33m[33mArkTS:WARN File: C:/Users/H1314/Desktop/foodkeeper/Foodkeeper-v1.0/entry/src/main/ets/pages/HomePage.ets:118:5
 Function may throw exceptions. Special handling is required.
[39m[39m
[33mWARN: [33m[33mArkTS:WARN File: C:/Users/H1314/Desktop/foodkeeper/Foodkeeper-v1.0/entry/src/main/ets/pages/HomePage.ets:118:12
 'pushUrl' has been deprecated.
[39m[39m
[33mWARN: [33m[33mArkTS:WARN File: C:/Users/H1314/Desktop/foodkeeper/Foodkeeper-v1.0/entry/src/main/ets/pages/HomePage.ets:128:5
 Function may throw exceptions. Special handling is required.
[39m[39m
[33mWARN: [33m[33mArkTS:WARN File: C:/Users/H1314/Desktop/foodkeeper/Foodkeeper-v1.0/entry/src/main/ets/pages/HomePage.ets:128:18
 'showToast' has been deprecated.
[39m[39m
[33mWARN: [33m[33mArkTS:WARN File: C:/Users/H1314/Desktop/foodkeeper/Foodkeeper-v1.0/entry/src/main/ets/pages/InventoryPage.ets:132:5
 Function may throw exceptions. Special handling is required.
[39m[39m
[33mWARN: [33m[33mArkTS:WARN File: C:/Users/H1314/Desktop/foodkeeper/Foodkeeper-v1.0/entry/src/main/ets/pages/InventoryPage.ets:132:12
 'pushUrl' has been deprecated.
[39m[39m
[33mWARN: [33m[33mArkTS:WARN File: C:/Users/H1314/Desktop/foodkeeper/Foodkeeper-v1.0/entry/src/main/ets/pages/InventoryPage.ets:136:5
 Function may throw exceptions. Special handling is required.
[39m[39m
[33mWARN: [33m[33mArkTS:WARN File: C:/Users/H1314/Desktop/foodkeeper/Foodkeeper-v1.0/entry/src/main/ets/pages/InventoryPage.ets:136:12
 'pushUrl' has been deprecated.
[39m[39m
[33mWARN: [33m[33mArkTS:WARN File: C:/Users/H1314/Desktop/foodkeeper/Foodkeeper-v1.0/entry/src/main/ets/pages/RecipePage.ets:173:7
 Function may throw exceptions. Special handling is required.
[39m[39m
[33mWARN: [33m[33mArkTS:WARN File: C:/Users/H1314/Desktop/foodkeeper/Foodkeeper-v1.0/entry/src/main/ets/pages/RecipePage.ets:173:20
 'showToast' has been deprecated.
[39m[39m
[33mWARN: [33m[33mArkTS:WARN File: C:/Users/H1314/Desktop/foodkeeper/Foodkeeper-v1.0/entry/src/main/ets/pages/RecipePage.ets:180:5
 Function may throw exceptions. Special handling is required.
[39m[39m
[33mWARN: [33m[33mArkTS:WARN File: C:/Users/H1314/Desktop/foodkeeper/Foodkeeper-v1.0/entry/src/main/ets/pages/RecipePage.ets:180:12
 'pushUrl' has been deprecated.
[39m[39m
[33mWARN: [33m[33mArkTS:WARN File: C:/Users/H1314/Desktop/foodkeeper/Foodkeeper-v1.0/entry/src/main/ets/pages/SettingsPage.ets:35:18
 'showDialog' has been deprecated.
[39m[39m
[33mWARN: [33m[33mArkTS:WARN File: C:/Users/H1314/Desktop/foodkeeper/Foodkeeper-v1.0/entry/src/main/ets/pages/SettingsPage.ets:48:20
 'showToast' has been deprecated.
[39m[39m
[33mWARN: [33m[33mArkTS:WARN File: C:/Users/H1314/Desktop/foodkeeper/Foodkeeper-v1.0/entry/src/main/ets/pages/SettingsPage.ets:60:22
 'showToast' has been deprecated.
[39m[39m
[33mWARN: [33m[33mArkTS:WARN File: C:/Users/H1314/Desktop/foodkeeper/Foodkeeper-v1.0/entry/src/main/ets/pages/SettingsPage.ets:66:22
 'showToast' has been deprecated.
[39m[39m
[33mWARN: [33m[33mArkTS:WARN File: C:/Users/H1314/Desktop/foodkeeper/Foodkeeper-v1.0/entry/src/main/ets/pages/SettingsPage.ets:70:7
 Function may throw exceptions. Special handling is required.
[39m[39m
[33mWARN: [33m[33mArkTS:WARN File: C:/Users/H1314/Desktop/foodkeeper/Foodkeeper-v1.0/entry/src/main/ets/pages/SettingsPage.ets:70:20
 'showToast' has been deprecated.
[39m[39m
[33mWARN: [33m[33mArkTS:WARN File: C:/Users/H1314/Desktop/foodkeeper/Foodkeeper-v1.0/entry/src/main/ets/pages/AddFoodPage.ets:34:27
 'getParams' has been deprecated.
[39m[39m
[33mWARN: [33m[33mArkTS:WARN File: C:/Users/H1314/Desktop/foodkeeper/Foodkeeper-v1.0/entry/src/main/ets/pages/AddFoodPage.ets:144:7
 Function may throw exceptions. Special handling is required.
[39m[39m
[33mWARN: [33m[33mArkTS:WARN File: C:/Users/H1314/Desktop/foodkeeper/Foodkeeper-v1.0/entry/src/main/ets/pages/AddFoodPage.ets:144:20
 'showToast' has been deprecated.
[39m[39m
[33mWARN: [33m[33mArkTS:WARN File: C:/Users/H1314/Desktop/foodkeeper/Foodkeeper-v1.0/entry/src/main/ets/pages/AddFoodPage.ets:149:7
 Function may throw exceptions. Special handling is required.
[39m[39m
[33mWARN: [33m[33mArkTS:WARN File: C:/Users/H1314/Desktop/foodkeeper/Foodkeeper-v1.0/entry/src/main/ets/pages/AddFoodPage.ets:149:20
 'showToast' has been deprecated.
[39m[39m
[33mWARN: [33m[33mArkTS:WARN File: C:/Users/H1314/Desktop/foodkeeper/Foodkeeper-v1.0/entry/src/main/ets/pages/AddFoodPage.ets:169:7
 Function may throw exceptions. Special handling is required.
[39m[39m
[33mWARN: [33m[33mArkTS:WARN File: C:/Users/H1314/Desktop/foodkeeper/Foodkeeper-v1.0/entry/src/main/ets/pages/AddFoodPage.ets:169:20
 'showToast' has been deprecated.
[39m[39m
[33mWARN: [33m[33mArkTS:WARN File: C:/Users/H1314/Desktop/foodkeeper/Foodkeeper-v1.0/entry/src/main/ets/pages/AddFoodPage.ets:184:9
 Function may throw exceptions. Special handling is required.
[39m[39m
[33mWARN: [33m[33mArkTS:WARN File: C:/Users/H1314/Desktop/foodkeeper/Foodkeeper-v1.0/entry/src/main/ets/pages/AddFoodPage.ets:184:22
 'showToast' has been deprecated.
[39m[39m
[33mWARN: [33m[33mArkTS:WARN File: C:/Users/H1314/Desktop/foodkeeper/Foodkeeper-v1.0/entry/src/main/ets/pages/AddFoodPage.ets:186:9
 Function may throw exceptions. Special handling is required.
[39m[39m
[33mWARN: [33m[33mArkTS:WARN File: C:/Users/H1314/Desktop/foodkeeper/Foodkeeper-v1.0/entry/src/main/ets/pages/AddFoodPage.ets:186:22
 'showToast' has been deprecated.
[39m[39m
[33mWARN: [33m[33mArkTS:WARN File: C:/Users/H1314/Desktop/foodkeeper/Foodkeeper-v1.0/entry/src/main/ets/pages/AddFoodPage.ets:190:29
 'back' has been deprecated.
[39m[39m
[33mWARN: [33m[33mArkTS:WARN File: C:/Users/H1314/Desktop/foodkeeper/Foodkeeper-v1.0/entry/src/main/ets/pages/AddFoodPage.ets:196:5
 Function may throw exceptions. Special handling is required.
[39m[39m
[33mWARN: [33m[33mArkTS:WARN File: C:/Users/H1314/Desktop/foodkeeper/Foodkeeper-v1.0/entry/src/main/ets/pages/AddFoodPage.ets:196:18
 'showToast' has been deprecated.
[39m[39m
[33mWARN: [33m[33mArkTS:WARN File: C:/Users/H1314/Desktop/foodkeeper/Foodkeeper-v1.0/entry/src/main/ets/pages/AddFoodPage.ets:197:29
 'back' has been deprecated.
[39m[39m
[33mWARN: [33m[33mArkTS:WARN File: C:/Users/H1314/Desktop/foodkeeper/Foodkeeper-v1.0/entry/src/main/ets/pages/AddFoodPage.ets:207:33
 'back' has been deprecated.
[39m[39m
[33mWARN: [33m[33mArkTS:WARN File: C:/Users/H1314/Desktop/foodkeeper/Foodkeeper-v1.0/entry/src/main/ets/pages/AddFoodPage.ets:481:22
 'show' has been deprecated.
[39m[39m
[33mWARN: [33m[33mArkTS:WARN File: C:/Users/H1314/Desktop/foodkeeper/Foodkeeper-v1.0/entry/src/main/ets/pages/RecipeDetailPage.ets:36:7
 Function may throw exceptions. Special handling is required.
[39m[39m
[33mWARN: [33m[33mArkTS:WARN File: C:/Users/H1314/Desktop/foodkeeper/Foodkeeper-v1.0/entry/src/main/ets/pages/RecipeDetailPage.ets:36:20
 'showToast' has been deprecated.
[39m[39m
[33mWARN: [33m[33mArkTS:WARN File: C:/Users/H1314/Desktop/foodkeeper/Foodkeeper-v1.0/entry/src/main/ets/pages/RecipeDetailPage.ets:37:33
 'back' has been deprecated.
[39m[39m
[33mWARN: [33m[33mArkTS:WARN File: C:/Users/H1314/Desktop/foodkeeper/Foodkeeper-v1.0/entry/src/main/ets/pages/RecipeDetailPage.ets:49:7
 Function may throw exceptions. Special handling is required.
[39m[39m
[33mWARN: [33m[33mArkTS:WARN File: C:/Users/H1314/Desktop/foodkeeper/Foodkeeper-v1.0/entry/src/main/ets/pages/RecipeDetailPage.ets:49:20
 'showToast' has been deprecated.
[39m[39m
[33mWARN: [33m[33mArkTS:WARN File: C:/Users/H1314/Desktop/foodkeeper/Foodkeeper-v1.0/entry/src/main/ets/pages/RecipeDetailPage.ets:71:22
 'showToast' has been deprecated.
[39m[39m
[33mWARN: [33m[33mArkTS:WARN File: C:/Users/H1314/Desktop/foodkeeper/Foodkeeper-v1.0/entry/src/main/ets/pages/RecipeDetailPage.ets:75:22
 'showToast' has been deprecated.
[39m[39m
[33mWARN: [33m[33mArkTS:WARN File: C:/Users/H1314/Desktop/foodkeeper/Foodkeeper-v1.0/entry/src/main/ets/pages/RecipeDetailPage.ets:78:7
 Function may throw exceptions. Special handling is required.
[39m[39m
[33mWARN: [33m[33mArkTS:WARN File: C:/Users/H1314/Desktop/foodkeeper/Foodkeeper-v1.0/entry/src/main/ets/pages/RecipeDetailPage.ets:78:20
 'showToast' has been deprecated.
[39m[39m
[33mWARN: [33m[33mArkTS:WARN File: C:/Users/H1314/Desktop/foodkeeper/Foodkeeper-v1.0/entry/src/main/ets/pages/RecipeDetailPage.ets:86:12
 'back' has been deprecated.
[39m[39m

[2026-07-26T01:37:34.826] [DEBUG] debug-file - Ark compile task finished.finished time is 210627937583300
[2026-07-26T01:37:34.827] [DEBUG] debug-file - worker[4] has one work done.
[2026-07-26T01:37:34.829] [DEBUG] debug-file - default@CompileArkTS work[0] done.
[2026-07-26T01:37:34.830] [DEBUG] debug-file - A work dispatched to worker[4] failed because unable to get work from ready queue.
[2026-07-26T01:37:34.833] [INFO] debug-file - Finished :entry:default@CompileArkTS... after 25 s 734 ms 
[2026-07-26T01:37:34.834] [DEBUG] debug-file - Executing task :entry:default@GeneratePkgModuleJson
[2026-07-26T01:37:34.834] [DEBUG] debug-file - File: 'C:\Users\H1314\Desktop\foodkeeper\Foodkeeper-v1.0\entry\build\default\intermediates\preload\default\preload.json' from 'preloadSoJsonPath' is not exists, just ignore.
[2026-07-26T01:37:34.835] [DEBUG] debug-file - Error occurs while handling @Input 'shouldDeduplicateHar': The "data" argument must be of type string or an instance of Buffer, TypedArray, or DataView. Received undefined
[2026-07-26T01:37:34.835] [DEBUG] debug-file - Task 'entry:default@GeneratePkgModuleJson' cost while wrapping incremental declarations: 2 ms 
[2026-07-26T01:37:34.836] [DEBUG] debug-file - Incremental task entry:default@GeneratePkgModuleJson pre-execution cost: 2 ms .
[2026-07-26T01:37:34.836] [DEBUG] debug-file - entry : default@GeneratePkgModuleJson cost memory 0.115447998046875
[2026-07-26T01:37:34.837] [INFO] debug-file - UP-TO-DATE :entry:default@GeneratePkgModuleJson...  
[2026-07-26T01:37:34.838] [DEBUG] debug-file - Executing task :entry:default@ProcessCompiledResources
[2026-07-26T01:37:34.838] [DEBUG] debug-file - File: 'C:\Users\H1314\Desktop\foodkeeper\Foodkeeper-v1.0\entry\build\default\intermediates\preload\default\preload.json' from 'preloadSoJsonPath' is not exists, just ignore.
[2026-07-26T01:37:34.838] [DEBUG] debug-file - Task 'entry:default@ProcessCompiledResources' cost while wrapping incremental declarations: 1 ms 
[2026-07-26T01:37:34.839] [DEBUG] debug-file - entry : default@ProcessCompiledResources cost memory 0.069366455078125
[2026-07-26T01:37:34.839] [DEBUG] debug-file - runTaskFromQueue task cost before running: 1 min 3 s 186 ms 
[2026-07-26T01:37:34.839] [INFO] debug-file - Finished :entry:default@ProcessCompiledResources... after 2 ms 
[2026-07-26T01:37:34.842] [DEBUG] debug-file - Executing task :entry:default@PackageHap
[2026-07-26T01:37:34.851] [DEBUG] debug-file - entry:default@PackageHap is not up-to-date, since the input file 'C:\Users\H1314\Desktop\foodkeeper\Foodkeeper-v1.0\entry\build\default\intermediates\loader_out\default\ets' has been changed.
[2026-07-26T01:37:34.851] [DEBUG] debug-file - Incremental task entry:default@PackageHap pre-execution cost: 8 ms .
[2026-07-26T01:37:34.854] [DEBUG] debug-file - Use tool [D:\Soft\DevEco\devecostudio-windows-6.1.1.290\DevEco Studio\sdk\default\openharmony\toolchains\lib\app_packing_tool.jar]
 [
  'java',
  '-Dfile.encoding=GBK',
  '-jar',
  'D:\\Soft\\DevEco\\devecostudio-windows-6.1.1.290\\DevEco Studio\\sdk\\default\\openharmony\\toolchains\\lib\\app_packing_tool.jar',
  '--mode',
  'hap',
  '--force',
  'true',
  '--lib-path',
  'C:\\Users\\H1314\\Desktop\\foodkeeper\\Foodkeeper-v1.0\\entry\\build\\default\\intermediates\\stripped_native_libs\\default',
  '--json-path',
  'C:\\Users\\H1314\\Desktop\\foodkeeper\\Foodkeeper-v1.0\\entry\\build\\default\\intermediates\\package\\default\\module.json',
  '--resources-path',
  'C:\\Users\\H1314\\Desktop\\foodkeeper\\Foodkeeper-v1.0\\entry\\build\\default\\intermediates\\res\\default\\resources',
  '--index-path',
  'C:\\Users\\H1314\\Desktop\\foodkeeper\\Foodkeeper-v1.0\\entry\\build\\default\\intermediates\\res\\default\\resources.index',
  '--pack-info-path',
  'C:\\Users\\H1314\\Desktop\\foodkeeper\\Foodkeeper-v1.0\\entry\\build\\default\\outputs\\default\\pack.info',
  '--out-path',
  'C:\\Users\\H1314\\Desktop\\foodkeeper\\Foodkeeper-v1.0\\entry\\build\\default\\outputs\\default\\entry-default-unsigned.hap',
  '--ets-path',
  'C:\\Users\\H1314\\Desktop\\foodkeeper\\Foodkeeper-v1.0\\entry\\build\\default\\intermediates\\loader_out\\default\\ets',
  '--pkg-context-path',
  'C:\\Users\\H1314\\Desktop\\foodkeeper\\Foodkeeper-v1.0\\entry\\build\\default\\intermediates\\loader\\default\\pkgContextInfo.json'
]
[2026-07-26T01:37:34.855] [DEBUG] debug-file - default@PackageHap work[1] is submitted.
[2026-07-26T01:37:34.855] [DEBUG] debug-file - default@PackageHap work[1] is pushed to ready queue.
[2026-07-26T01:37:34.855] [DEBUG] debug-file - A work dispatched to worker[15] failed because unable to get work from ready queue.
[2026-07-26T01:37:34.855] [DEBUG] debug-file - Create  resident worker with id: 14.
[2026-07-26T01:37:34.857] [DEBUG] debug-file - default@PackageHap work[1] has been dispatched to worker[14].
[2026-07-26T01:37:34.857] [DEBUG] debug-file - default@PackageHap work[1] is dispatched.
[2026-07-26T01:37:34.861] [DEBUG] debug-file - entry : default@PackageHap cost memory -0.0165252685546875
[2026-07-26T01:37:36.534] [DEBUG] debug-file - current process  memoryUsage: {
  rss: 635867136,
  heapTotal: 81559552,
  heapUsed: 55609896,
  external: 2480640,
  arrayBuffers: 238963
} os memoryUsage :21.770851135253906
[2026-07-26T01:37:37.728] [DEBUG] debug-file - worker[14] has one work done.
[2026-07-26T01:37:37.728] [DEBUG] debug-file - default@PackageHap work[1] done.
[2026-07-26T01:37:37.728] [DEBUG] debug-file - A work dispatched to worker[14] failed because unable to get work from ready queue.
[2026-07-26T01:37:37.730] [INFO] debug-file - Finished :entry:default@PackageHap... after 1 s 216 ms 
[2026-07-26T01:37:37.732] [DEBUG] debug-file - Executing task :entry:default@PackingCheck
[2026-07-26T01:37:37.740] [DEBUG] debug-file - entry : default@PackingCheck cost memory 0.7667236328125
[2026-07-26T01:37:37.740] [DEBUG] debug-file - runTaskFromQueue task cost before running: 1 min 6 s 87 ms 
[2026-07-26T01:37:37.741] [INFO] debug-file - Finished :entry:default@PackingCheck... after 9 ms 
[2026-07-26T01:37:37.743] [DEBUG] debug-file - Executing task :entry:default@SignHap
[2026-07-26T01:37:37.747] [DEBUG] debug-file - entry:default@SignHap is not up-to-date, since the input file 'C:\Users\H1314\Desktop\foodkeeper\Foodkeeper-v1.0\entry\build\default\outputs\default\entry-default-unsigned.hap' has been changed.
[2026-07-26T01:37:37.747] [DEBUG] debug-file - Incremental task entry:default@SignHap pre-execution cost: 3 ms .
[2026-07-26T01:37:38.669] [DEBUG] debug-file - java daemon socket received message:{"code":0,"message":"verify profile success"}
[2026-07-26T01:37:38.683] [DEBUG] debug-file - java daemon socket close code:1000 reason:close by user
[2026-07-26T01:37:38.988] [DEBUG] debug-file - java daemon socket received message:{"code":0,"message":"sign app success"}
[2026-07-26T01:37:38.989] [DEBUG] debug-file - entry : default@SignHap cost memory 0.07623291015625
[2026-07-26T01:37:38.989] [DEBUG] debug-file - runTaskFromQueue task cost before running: 1 min 7 s 336 ms 
[2026-07-26T01:37:38.990] [INFO] debug-file - Finished :entry:default@SignHap... after 1 s 247 ms 
[2026-07-26T01:37:38.991] [DEBUG] debug-file - Executing task :entry:default@CollectDebugSymbol
[2026-07-26T01:37:38.993] [DEBUG] debug-file - entry : default@CollectDebugSymbol cost memory 0.1063690185546875
[2026-07-26T01:37:38.993] [DEBUG] debug-file - runTaskFromQueue task cost before running: 1 min 7 s 340 ms 
[2026-07-26T01:37:38.994] [INFO] debug-file - Finished :entry:default@CollectDebugSymbol... after 2 ms 
[2026-07-26T01:37:38.994] [DEBUG] debug-file - Executing task :entry:assembleHap
[2026-07-26T01:37:38.994] [DEBUG] debug-file - entry : assembleHap cost memory 0.0128326416015625
[2026-07-26T01:37:38.994] [DEBUG] debug-file - runTaskFromQueue task cost before running: 1 min 7 s 341 ms 
[2026-07-26T01:37:38.994] [INFO] debug-file - Finished :entry:assembleHap... after 1 ms 
[2026-07-26T01:37:39.011] [INFO] debug-file - BUILD SUCCESSFUL in 1 min 7 s 357 ms 
[2026-07-26T01:37:39.011] [DEBUG] debug-file - There is no need to refresh cache, since the incremental task entry:default@PreBuild is up-to-date.
[2026-07-26T01:37:39.011] [DEBUG] debug-file - Update task entry:default@CreateModuleInfo output file:C:\Users\H1314\Desktop\foodkeeper\Foodkeeper-v1.0\entry\build\default\generated\profile\default\ModuleInfo.ts cache.
[2026-07-26T01:37:39.012] [DEBUG] debug-file - Incremental task entry:default@CreateModuleInfo post-execution cost:1 ms .
[2026-07-26T01:37:39.012] [DEBUG] debug-file - There is no need to refresh cache, since the incremental task entry:default@GenerateMetadata is up-to-date.
[2026-07-26T01:37:39.012] [DEBUG] debug-file - There is no need to refresh cache, since the incremental task entry:default@MergeProfile is up-to-date.
[2026-07-26T01:37:39.012] [DEBUG] debug-file - There is no need to refresh cache, since the incremental task entry:default@CreateBuildProfile is up-to-date.
[2026-07-26T01:37:39.012] [DEBUG] debug-file - There is no need to refresh cache, since the incremental task entry:default@GeneratePkgContextInfo is up-to-date.
[2026-07-26T01:37:39.012] [DEBUG] debug-file - Update task entry:default@GeneratePkgSdkInfo output file:C:\Users\H1314\Desktop\foodkeeper\Foodkeeper-v1.0\entry\build\default\intermediates\loader\default\pkgSdkInfo.json cache.
[2026-07-26T01:37:39.013] [DEBUG] debug-file - Incremental task entry:default@GeneratePkgSdkInfo post-execution cost:2 ms .
[2026-07-26T01:37:39.013] [DEBUG] debug-file - Update task entry:default@ProcessIntegratedHsp output file:C:\Users\H1314\Desktop\foodkeeper\Foodkeeper-v1.0\build\cache\default\integrated_hsp\integratedHspCache.json cache.
[2026-07-26T01:37:39.013] [DEBUG] debug-file - Incremental task entry:default@ProcessIntegratedHsp post-execution cost:1 ms .
[2026-07-26T01:37:39.014] [DEBUG] debug-file - There is no need to refresh cache, since the incremental task entry:default@MakePackInfo is up-to-date.
[2026-07-26T01:37:39.014] [DEBUG] debug-file - Update task entry:default@SyscapTransform input file:D:\Soft\DevEco\devecostudio-windows-6.1.1.290\DevEco Studio\sdk\default\openharmony\toolchains\syscap_tool.exe cache by regenerate.
[2026-07-26T01:37:39.014] [DEBUG] debug-file - Update task entry:default@SyscapTransform input file:D:\Soft\DevEco\devecostudio-windows-6.1.1.290\DevEco Studio\sdk\default\openharmony\ets\api\device-define cache by regenerate.
[2026-07-26T01:37:39.016] [DEBUG] debug-file - Update task entry:default@SyscapTransform output file:C:\Users\H1314\Desktop\foodkeeper\Foodkeeper-v1.0\entry\build\default\intermediates\syscap\default\rpcid.sc cache.
[2026-07-26T01:37:39.016] [DEBUG] debug-file - Incremental task entry:default@SyscapTransform post-execution cost:3 ms .
[2026-07-26T01:37:39.016] [DEBUG] debug-file - There is no need to refresh cache, since the incremental task entry:default@ProcessProfile is up-to-date.
[2026-07-26T01:37:39.016] [DEBUG] debug-file - There is no need to refresh cache, since the incremental task entry:default@ProcessRouterMap is up-to-date.
[2026-07-26T01:37:39.016] [DEBUG] debug-file - There is no need to refresh cache, since the incremental task entry:default@ProcessShareConfig is up-to-date.
[2026-07-26T01:37:39.017] [DEBUG] debug-file - Update task entry:default@ProcessStartupConfig input file:C:\Users\H1314\Desktop\foodkeeper\Foodkeeper-v1.0\entry\build\default\intermediates\loader\default\pkgContextInfo.json cache by regenerate.
[2026-07-26T01:37:39.017] [DEBUG] debug-file - Update task entry:default@ProcessStartupConfig output file:C:\Users\H1314\Desktop\foodkeeper\Foodkeeper-v1.0\entry\build\default\intermediates\startup\default\startup_config.json cache.
[2026-07-26T01:37:39.017] [DEBUG] debug-file - Incremental task entry:default@ProcessStartupConfig post-execution cost:1 ms .
[2026-07-26T01:37:39.017] [DEBUG] debug-file - There is no need to refresh cache, since the incremental task entry:default@ProcessResource is up-to-date.
[2026-07-26T01:37:39.018] [DEBUG] debug-file - Update task entry:default@GenerateLoaderJson input file:C:\Users\H1314\Desktop\foodkeeper\Foodkeeper-v1.0\entry\src\mock\mock-config.json5 cache by regenerate.
[2026-07-26T01:37:39.019] [DEBUG] debug-file - Update task entry:default@GenerateLoaderJson input file:C:\Users\H1314\Desktop\foodkeeper\Foodkeeper-v1.0\entry\build\default\intermediates\loader\default\pkgContextInfo.json cache by regenerate.
[2026-07-26T01:37:39.019] [DEBUG] debug-file - Update task entry:default@GenerateLoaderJson input file:C:\Users\H1314\Desktop\foodkeeper\Foodkeeper-v1.0\entry\build\default\intermediates\router_map\default\temp-router-map.json cache by regenerate.
[2026-07-26T01:37:39.019] [DEBUG] debug-file - Update task entry:default@GenerateLoaderJson output file:C:\Users\H1314\Desktop\foodkeeper\Foodkeeper-v1.0\entry\build\default\intermediates\loader\default\loader.json cache.
[2026-07-26T01:37:39.019] [DEBUG] debug-file - Incremental task entry:default@GenerateLoaderJson post-execution cost:3 ms .
[2026-07-26T01:37:39.020] [DEBUG] debug-file - There is no need to refresh cache, since the incremental task entry:default@ProcessLibs is up-to-date.
[2026-07-26T01:37:39.020] [DEBUG] debug-file - There is no need to refresh cache, since the incremental task entry:default@CompileResource is up-to-date.
[2026-07-26T01:37:39.020] [DEBUG] debug-file - There is no need to refresh cache, since the incremental task entry:default@DoNativeStrip is up-to-date.
[2026-07-26T01:37:39.022] [DEBUG] debug-file - Update task entry:default@CompileArkTS input file:C:\Users\H1314\Desktop\foodkeeper\Foodkeeper-v1.0\entry\build\default\intermediates\loader\default cache from map.
[2026-07-26T01:37:39.022] [DEBUG] debug-file - Update task entry:default@CompileArkTS input file:C:\Users\H1314\Desktop\foodkeeper\Foodkeeper-v1.0\entry\build\default\intermediates\res\default\resources\rawfile cache by regenerate.
[2026-07-26T01:37:39.022] [DEBUG] debug-file - Update task entry:default@CompileArkTS input file:C:\Users\H1314\Desktop\foodkeeper\Foodkeeper-v1.0\entry\build\default\intermediates\res\default\ResourceTable.txt cache by regenerate.
[2026-07-26T01:37:39.023] [DEBUG] debug-file - Update task entry:default@CompileArkTS input file:C:\Users\H1314\Desktop\foodkeeper\Foodkeeper-v1.0\entry\build\default\intermediates\res\default\ark_module.json cache by regenerate.
[2026-07-26T01:37:39.023] [DEBUG] debug-file - Update task entry:default@CompileArkTS input file:C:\Users\H1314\Desktop\foodkeeper\Foodkeeper-v1.0\entry\build\default\intermediates\res\default\resources\base\profile cache by regenerate.
[2026-07-26T01:37:39.024] [DEBUG] debug-file - Update task entry:default@CompileArkTS input file:C:\Users\H1314\Desktop\foodkeeper\Foodkeeper-v1.0\entry\src\main\ets cache by regenerate.
[2026-07-26T01:37:39.029] [DEBUG] debug-file - Update task entry:default@CompileArkTS input file:C:\Users\H1314\Desktop\foodkeeper\Foodkeeper-v1.0\entry\build\default\intermediates\loader\default\pkgContextInfo.json cache by regenerate.
[2026-07-26T01:37:39.029] [DEBUG] debug-file - Update task entry:default@CompileArkTS input file:C:\Users\H1314\Desktop\foodkeeper\Foodkeeper-v1.0\entry\build\default\generated\profile\default\BuildProfile.ets cache by regenerate.
[2026-07-26T01:37:39.029] [DEBUG] debug-file - Update task entry:default@CompileArkTS input file:C:\Users\H1314\Desktop\foodkeeper\Foodkeeper-v1.0\entry\src\mock\mock-config.json5 cache by regenerate.
[2026-07-26T01:37:39.030] [DEBUG] debug-file - Update task entry:default@CompileArkTS output file:C:\Users\H1314\Desktop\foodkeeper\Foodkeeper-v1.0\entry\build\default\intermediates\loader_out\default\ets cache.
[2026-07-26T01:37:39.030] [DEBUG] debug-file - Incremental task entry:default@CompileArkTS post-execution cost:11 ms .
[2026-07-26T01:37:39.032] [DEBUG] debug-file - Update task entry:default@BuildJS input file:C:\Users\H1314\Desktop\foodkeeper\Foodkeeper-v1.0\entry\build\default\intermediates\loader\default cache by regenerate.
[2026-07-26T01:37:39.033] [DEBUG] debug-file - Update task entry:default@BuildJS input file:C:\Users\H1314\Desktop\foodkeeper\Foodkeeper-v1.0\entry\build\default\intermediates\res\default\resources\rawfile cache by regenerate.
[2026-07-26T01:37:39.033] [DEBUG] debug-file - Update task entry:default@BuildJS input file:C:\Users\H1314\Desktop\foodkeeper\Foodkeeper-v1.0\entry\build\default\intermediates\res\default\ResourceTable.txt cache by regenerate.
[2026-07-26T01:37:39.033] [DEBUG] debug-file - Update task entry:default@BuildJS input file:C:\Users\H1314\Desktop\foodkeeper\Foodkeeper-v1.0\entry\build\default\intermediates\res\default\ark_module.json cache by regenerate.
[2026-07-26T01:37:39.034] [DEBUG] debug-file - Update task entry:default@BuildJS input file:C:\Users\H1314\Desktop\foodkeeper\Foodkeeper-v1.0\entry\build\default\intermediates\res\default\resources\base\profile cache by regenerate.
[2026-07-26T01:37:39.034] [DEBUG] debug-file - Update task entry:default@BuildJS input file:C:\Users\H1314\Desktop\foodkeeper\Foodkeeper-v1.0\entry\build\default\intermediates\loader\default\pkgContextInfo.json cache by regenerate.
[2026-07-26T01:37:39.035] [DEBUG] debug-file - Update task entry:default@BuildJS output file:C:\Users\H1314\Desktop\foodkeeper\Foodkeeper-v1.0\entry\build\default\intermediates\loader_out\default\js cache.
[2026-07-26T01:37:39.035] [DEBUG] debug-file - Incremental task entry:default@BuildJS post-execution cost:5 ms .
[2026-07-26T01:37:39.035] [DEBUG] debug-file - There is no need to refresh cache, since the incremental task entry:default@CacheNativeLibs is up-to-date.
[2026-07-26T01:37:39.035] [DEBUG] debug-file - There is no need to refresh cache, since the incremental task entry:default@GeneratePkgModuleJson is up-to-date.
[2026-07-26T01:37:39.035] [DEBUG] debug-file - Incremental task entry:default@ProcessCompiledResources post-execution cost:1 ms .
[2026-07-26T01:37:39.036] [DEBUG] debug-file - Update task entry:default@PackageHap input file:C:\Users\H1314\Desktop\foodkeeper\Foodkeeper-v1.0\entry\build\default\intermediates\stripped_native_libs\default cache by regenerate.
[2026-07-26T01:37:39.037] [DEBUG] debug-file - Update task entry:default@PackageHap input file:C:\Users\H1314\Desktop\foodkeeper\Foodkeeper-v1.0\entry\build\default\intermediates\res\default\module.json cache by regenerate.
[2026-07-26T01:37:39.037] [DEBUG] debug-file - Update task entry:default@PackageHap input file:C:\Users\H1314\Desktop\foodkeeper\Foodkeeper-v1.0\entry\build\default\intermediates\res\default\resources cache by regenerate.
[2026-07-26T01:37:39.040] [DEBUG] debug-file - Update task entry:default@PackageHap input file:C:\Users\H1314\Desktop\foodkeeper\Foodkeeper-v1.0\entry\build\default\intermediates\res\default\resources.index cache by regenerate.
[2026-07-26T01:37:39.040] [DEBUG] debug-file - Update task entry:default@PackageHap input file:C:\Users\H1314\Desktop\foodkeeper\Foodkeeper-v1.0\entry\build\default\outputs\default\pack.info cache by regenerate.
[2026-07-26T01:37:39.040] [DEBUG] debug-file - Update task entry:default@PackageHap input file:C:\Users\H1314\Desktop\foodkeeper\Foodkeeper-v1.0\entry\build\default\intermediates\loader_out\default\ets cache from map.
[2026-07-26T01:37:39.040] [DEBUG] debug-file - Update task entry:default@PackageHap input file:C:\Users\H1314\Desktop\foodkeeper\Foodkeeper-v1.0\entry\build\default\intermediates\loader\default\pkgContextInfo.json cache by regenerate.
[2026-07-26T01:37:39.041] [DEBUG] debug-file - Update task entry:default@PackageHap input file:C:\Users\H1314\Desktop\foodkeeper\Foodkeeper-v1.0\entry\build\default\intermediates\loader_out\default\ets\sourceMaps.map cache by regenerate.
[2026-07-26T01:37:39.041] [DEBUG] debug-file - Update task entry:default@PackageHap input file:C:\Users\H1314\Desktop\foodkeeper\Foodkeeper-v1.0\entry\build\default\generated\profile\default\BuildProfile.ets cache by regenerate.
[2026-07-26T01:37:39.041] [DEBUG] debug-file - Update task entry:default@PackageHap output file:C:\Users\H1314\Desktop\foodkeeper\Foodkeeper-v1.0\entry\build\default\outputs\default\entry-default-unsigned.hap cache.
[2026-07-26T01:37:39.042] [DEBUG] debug-file - Update task entry:default@PackageHap output file:C:\Users\H1314\Desktop\foodkeeper\Foodkeeper-v1.0\entry\build\default\intermediates\source_map\default\sourceMaps.map cache.
[2026-07-26T01:37:39.042] [DEBUG] debug-file - Update task entry:default@PackageHap output file:C:\Users\H1314\Desktop\foodkeeper\Foodkeeper-v1.0\entry\build\default\outputs\default\mapping\sourceMaps.map cache.
[2026-07-26T01:37:39.043] [DEBUG] debug-file - Incremental task entry:default@PackageHap post-execution cost:8 ms .
[2026-07-26T01:37:39.044] [DEBUG] debug-file - Update task entry:default@SignHap input file:C:\Users\H1314\.ohos\config\default_Foodkeeper_KwM1xmT7eCaoGu1P7v-j5W5OtfbSqbdMeQP9Gmso0uM=.cer cache by regenerate.
[2026-07-26T01:37:39.044] [DEBUG] debug-file - Update task entry:default@SignHap input file:C:\Users\H1314\.ohos\config\default_Foodkeeper_KwM1xmT7eCaoGu1P7v-j5W5OtfbSqbdMeQP9Gmso0uM=.p7b cache by regenerate.
[2026-07-26T01:37:39.044] [DEBUG] debug-file - Update task entry:default@SignHap input file:C:\Users\H1314\.ohos\config\default_Foodkeeper_KwM1xmT7eCaoGu1P7v-j5W5OtfbSqbdMeQP9Gmso0uM=.p12 cache by regenerate.
[2026-07-26T01:37:39.045] [DEBUG] debug-file - Update task entry:default@SignHap input file:C:\Users\H1314\Desktop\foodkeeper\Foodkeeper-v1.0\entry\build\default\outputs\default\entry-default-unsigned.hap cache from map.
[2026-07-26T01:37:39.045] [DEBUG] debug-file - Update task entry:default@SignHap output file:C:\Users\H1314\Desktop\foodkeeper\Foodkeeper-v1.0\entry\build\default\outputs\default\entry-default-signed.hap cache.
[2026-07-26T01:37:39.045] [DEBUG] debug-file - Incremental task entry:default@SignHap post-execution cost:3 ms .
[2026-07-26T01:37:39.046] [DEBUG] debug-file - Update task entry:default@CollectDebugSymbol input file:C:\Users\H1314\Desktop\foodkeeper\Foodkeeper-v1.0\entry\build\default\intermediates\loader_out\default\ets\sourceMaps.map cache by regenerate.
[2026-07-26T01:37:39.046] [DEBUG] debug-file - Update task entry:default@CollectDebugSymbol input file:C:\Users\H1314\Desktop\foodkeeper\Foodkeeper-v1.0\entry\build\default\intermediates\libs\default cache by regenerate.
[2026-07-26T01:37:39.046] [DEBUG] debug-file - Update task entry:default@CollectDebugSymbol output file:C:\Users\H1314\Desktop\foodkeeper\Foodkeeper-v1.0\entry\build\default\outputs\default\symbol cache.
[2026-07-26T01:37:39.046] [DEBUG] debug-file - Incremental task entry:default@CollectDebugSymbol post-execution cost:2 ms .
[2026-07-26T01:37:39.084] [DEBUG] debug-file - Cleanup worker 0.
[2026-07-26T01:37:39.085] [DEBUG] debug-file - Worker 0 has been cleaned up.
[2026-07-26T01:37:39.085] [DEBUG] debug-file - Current idle worker size: 3.
[2026-07-26T01:37:39.085] [DEBUG] debug-file - Current resident worker size: 4.
[2026-07-26T01:37:39.085] [DEBUG] debug-file - Cleanup worker 1.
[2026-07-26T01:37:39.085] [DEBUG] debug-file - Worker 1 has been cleaned up.
[2026-07-26T01:37:39.085] [DEBUG] debug-file - Current idle worker size: 2.
[2026-07-26T01:37:39.085] [DEBUG] debug-file - Current resident worker size: 4.
[2026-07-26T01:37:39.085] [DEBUG] debug-file - Cleanup worker 14.
[2026-07-26T01:37:39.085] [DEBUG] debug-file - Worker 14 has been cleaned up.
[2026-07-26T01:37:39.085] [DEBUG] debug-file - Current idle worker size: 1.
[2026-07-26T01:37:39.085] [DEBUG] debug-file - Current resident worker size: 4.
[2026-07-26T01:37:39.086] [DEBUG] debug-file - hvigor build process will be closed.
[2026-07-26T01:37:39.087] [DEBUG] debug-file - java daemon socket close code:1000 reason:close by user
[2026-07-26T01:37:39.090] [DEBUG] debug-file - session manager: send message to worker process.
[2026-07-26T01:37:39.091] [DEBUG] debug-file - session manager: send message to worker process.
[2026-07-26T01:37:39.091] [DEBUG] debug-file - worker[0] exits with exit code 1.
[2026-07-26T01:37:39.091] [DEBUG] debug-file - worker[1] exits with exit code 1.
[2026-07-26T01:37:39.093] [DEBUG] debug-file - watch worker: worker id should be larger than 0. Nothing will be sent to any worker thread.
[2026-07-26T01:37:39.093] [DEBUG] debug-file - watch worker: worker id should be larger than 0. Nothing will be sent to any worker thread.
[2026-07-26T01:37:39.099] [DEBUG] debug-file - worker[14] exits with exit code 1.
[2026-07-26T01:42:42.886] [DEBUG] debug-file - session manager: set active socket. socketId=RKEBNjjUgzDr5ZZ-AAAD
[2026-07-26T01:42:42.906] [DEBUG] debug-file - watch worker: worker id should be larger than 0. Nothing will be sent to any worker thread.
[2026-07-26T01:42:42.915] [DEBUG] debug-file - Workers' log level updated to INFO
[2026-07-26T01:42:42.921] [DEBUG] debug-file - Hvigor init with startParameters:{
  hvigorfileTypeCheck: false,
  parallelExecution: true,
  incrementalExecution: true,
  printStackTrace: false,
  daemon: true,
  analyze: 0,
  logLevel: Level { level: 20000, levelStr: 'INFO', colour: 'green' },
  optimizationStrategy: 'memory',
  hotCompile: undefined,
  hotReloadBuild: undefined,
  customizedParam: undefined
}
[2026-07-26T01:42:42.930] [DEBUG] debug-file - Cache service initialization finished in 9 ms 
[2026-07-26T01:42:42.931] [DEBUG] debug-file - hvigorfile, resolving C:\Users\H1314\Desktop\foodkeeper\Foodkeeper-v1.0\hvigorfile.ts
[2026-07-26T01:42:42.938] [DEBUG] debug-file - hvigorfile, require result:  { default: { plugins: [] } }
[2026-07-26T01:42:42.938] [DEBUG] debug-file - hvigorfile, binding system plugins null
[2026-07-26T01:42:42.939] [DEBUG] debug-file - Starting plugin build process
[2026-07-26T01:42:42.939] [DEBUG] debug-file - App plugin prepare start...
[2026-07-26T01:42:42.939] [DEBUG] debug-file - App plugin prepare end...
[2026-07-26T01:42:42.939] [DEBUG] debug-file - App plugin creating...
[2026-07-26T01:42:42.954] [DEBUG] debug-file - App plugin register hook start...
[2026-07-26T01:42:42.954] [DEBUG] debug-file - App plugin register hook end...
[2026-07-26T01:42:42.954] [DEBUG] debug-file - Plugin build process completed
[2026-07-26T01:42:42.955] [DEBUG] debug-file - Start initialize project's product build option map with build mode debug.
[2026-07-26T01:42:42.955] [DEBUG] debug-file - Picking option from product 'default' with build mode 'debug'.
[2026-07-26T01:42:42.955] [DEBUG] debug-file - Product 'default' build option initialized
[2026-07-26T01:42:42.955] [DEBUG] debug-file - End initialize project's product build option map with build mode 'debug'.
[2026-07-26T01:42:42.958] [DEBUG] debug-file - Obtain build option for product 'default'in this build.
[2026-07-26T01:42:42.964] [DEBUG] debug-file - C:\Users\H1314\Desktop\foodkeeper\Foodkeeper-v1.0\build\cache\default\remote_hsp\remoteHspCache.json not exists.
[2026-07-26T01:42:42.969] [DEBUG] debug-file - Start recording SDK configuration permission data.
[2026-07-26T01:42:43.000] [DEBUG] debug-file - Sdk init in 35 ms 
[2026-07-26T01:42:43.006] [DEBUG] debug-file - Project task initialization takes 6 ms 
[2026-07-26T01:42:43.007] [DEBUG] debug-file - hvigorfile, begin to bind custom plugins...
[2026-07-26T01:42:43.007] [DEBUG] debug-file - hvigorfile, no custom plugins were found in C:\Users\H1314\Desktop\foodkeeper\Foodkeeper-v1.0\hvigorfile.ts
[2026-07-26T01:42:43.007] [DEBUG] debug-file - hvigorfile, resolve finished C:\Users\H1314\Desktop\foodkeeper\Foodkeeper-v1.0\hvigorfile.ts
[2026-07-26T01:42:43.007] [DEBUG] debug-file - hvigorfile, resolving C:\Users\H1314\Desktop\foodkeeper\Foodkeeper-v1.0\entry\hvigorfile.ts
[2026-07-26T01:42:43.012] [DEBUG] debug-file - hvigorfile, require result:  { default: { plugins: [] } }
[2026-07-26T01:42:43.013] [DEBUG] debug-file - hvigorfile, binding system plugins null
[2026-07-26T01:42:43.013] [DEBUG] debug-file - Starting plugin build process
[2026-07-26T01:42:43.013] [DEBUG] debug-file - Hap plugin creating...
[2026-07-26T01:42:43.014] [DEBUG] debug-file - failed to load cangjie to dynamically generate schemas: Error: Cannot find module '@ohos/cangjie-build-support/index'
Require stack:
- D:\Soft\DevEco\devecostudio-windows-6.1.1.290\DevEco Studio\tools\hvigor\hvigor-ohos-plugin\src\plugin\hooks\cangjie-register.js
- D:\Soft\DevEco\devecostudio-windows-6.1.1.290\DevEco Studio\tools\hvigor\hvigor-ohos-plugin\src\plugin\strategy\stage-init-strategy.js
- D:\Soft\DevEco\devecostudio-windows-6.1.1.290\DevEco Studio\tools\hvigor\hvigor-ohos-plugin\src\plugin\builder\abstract-plugin-builder.js
- D:\Soft\DevEco\devecostudio-windows-6.1.1.290\DevEco Studio\tools\hvigor\hvigor-ohos-plugin\src\plugin\builder\app-plugin-builder.js
- D:\Soft\DevEco\devecostudio-windows-6.1.1.290\DevEco Studio\tools\hvigor\hvigor-ohos-plugin\src\plugin\factory\plugin-factory.js
- D:\Soft\DevEco\devecostudio-windows-6.1.1.290\DevEco Studio\tools\hvigor\hvigor-ohos-plugin\index.js
- C:\Users\H1314\Desktop\foodkeeper\Foodkeeper-v1.0\hvigorfile.ts
- D:\Soft\DevEco\devecostudio-windows-6.1.1.290\DevEco Studio\tools\hvigor\hvigor\src\base\internal\lifecycle\configuration.js
- D:\Soft\DevEco\devecostudio-windows-6.1.1.290\DevEco Studio\tools\hvigor\hvigor\src\base\boot\index.js
- D:\Soft\DevEco\devecostudio-windows-6.1.1.290\DevEco Studio\tools\hvigor\hvigor\src\base\daemon\cluster\worker-process-lifecycle.js
- D:\Soft\DevEco\devecostudio-windows-6.1.1.290\DevEco Studio\tools\hvigor\hvigor\src\base\daemon\process\daemon-process-boot-script.js
[2026-07-26T01:42:43.018] [DEBUG] debug-file - Start initialize module-target build option map, moduleName=entry, buildMode=debug
[2026-07-26T01:42:43.018] [DEBUG] debug-file - Target 'default' config initialized
[2026-07-26T01:42:43.019] [DEBUG] debug-file - Target 'ohosTest' config initialized
[2026-07-26T01:42:43.019] [DEBUG] debug-file - Module 'entry' target 'default' build option initialized
[2026-07-26T01:42:43.019] [DEBUG] debug-file - Module 'entry' target 'ohosTest' build option initialized
[2026-07-26T01:42:43.019] [DEBUG] debug-file - End initialize module-target build option map, moduleName=entry
[2026-07-26T01:42:43.019] [DEBUG] debug-file - Start initialize module-target build option map, moduleName=entry, buildMode=release
[2026-07-26T01:42:43.020] [DEBUG] debug-file - Target 'default' config initialized
[2026-07-26T01:42:43.021] [DEBUG] debug-file - Target 'ohosTest' config initialized
[2026-07-26T01:42:43.021] [DEBUG] debug-file - Module 'entry' target 'default' build option initialized
[2026-07-26T01:42:43.021] [DEBUG] debug-file - Module 'entry' target 'ohosTest' build option initialized
[2026-07-26T01:42:43.021] [DEBUG] debug-file - End initialize module-target build option map, moduleName=entry
[2026-07-26T01:42:43.021] [DEBUG] debug-file - Start initialize module-target build option map, moduleName=entry, buildMode=debug
[2026-07-26T01:42:43.021] [DEBUG] debug-file - Target 'default' config initialized
[2026-07-26T01:42:43.021] [DEBUG] debug-file - Target 'ohosTest' config initialized
[2026-07-26T01:42:43.022] [DEBUG] debug-file - Module 'entry' target 'default' build option initialized
[2026-07-26T01:42:43.022] [DEBUG] debug-file - Module 'entry' target 'ohosTest' build option initialized
[2026-07-26T01:42:43.022] [DEBUG] debug-file - End initialize module-target build option map, moduleName=entry
[2026-07-26T01:42:43.022] [DEBUG] debug-file - Obtain build option for module 'entry' target 'default'in this build.
[2026-07-26T01:42:43.023] [DEBUG] debug-file - Module entry task initialization takes 1 ms 
[2026-07-26T01:42:43.024] [DEBUG] debug-file - Hap plugin register hook start...
[2026-07-26T01:42:43.024] [DEBUG] debug-file - Hap plugin register hook end...
[2026-07-26T01:42:43.024] [DEBUG] debug-file - Plugin build process completed
[2026-07-26T01:42:43.024] [DEBUG] debug-file - hvigorfile, begin to bind custom plugins...
[2026-07-26T01:42:43.024] [DEBUG] debug-file - hvigorfile, no custom plugins were found in C:\Users\H1314\Desktop\foodkeeper\Foodkeeper-v1.0\entry\hvigorfile.ts
[2026-07-26T01:42:43.024] [DEBUG] debug-file - hvigorfile, resolve finished C:\Users\H1314\Desktop\foodkeeper\Foodkeeper-v1.0\entry\hvigorfile.ts
[2026-07-26T01:42:43.043] [DEBUG] debug-file - hvigorfile, resolve hvigorfile dependencies in 19 ms 
[2026-07-26T01:42:43.043] [DEBUG] debug-file - project has submodules:entry
[2026-07-26T01:42:43.045] [DEBUG] debug-file - start to load updatedOhPackageInfo to the disk
[2026-07-26T01:42:43.047] [DEBUG] debug-file - load to the disk finished
[2026-07-26T01:42:43.049] [DEBUG] debug-file - Start to initialize dependency information.
[2026-07-26T01:42:43.056] [DEBUG] debug-file - Module Foodkeeper-v1.0 Collected Dependency: 
[2026-07-26T01:42:43.056] [DEBUG] debug-file - Module Foodkeeper-v1.0's total dependency: 0
[2026-07-26T01:42:43.056] [DEBUG] debug-file - Start to initialize dependency information.
[2026-07-26T01:42:43.058] [DEBUG] debug-file - Module entry Collected Dependency: 
[2026-07-26T01:42:43.058] [DEBUG] debug-file - Module entry's total dependency: 0
[2026-07-26T01:42:43.060] [DEBUG] debug-file - Configuration phase cost:130 ms 
[2026-07-26T01:42:43.063] [DEBUG] debug-file - Configuration task cost before running: 147 ms 
[2026-07-26T01:42:43.068] [DEBUG] debug-file - Executing task :entry:default@PreBuild
[2026-07-26T01:42:43.071] [DEBUG] debug-file - Task 'entry:default@PreBuild' cost while wrapping incremental declarations: 1 ms 
[2026-07-26T01:42:43.079] [DEBUG] debug-file - Incremental task entry:default@PreBuild pre-execution cost: 7 ms .
[2026-07-26T01:42:43.079] [DEBUG] debug-file - entry : default@PreBuild cost memory 0.620147705078125
[2026-07-26T01:42:43.083] [INFO] debug-file - UP-TO-DATE :entry:default@PreBuild...  
[2026-07-26T01:42:43.084] [DEBUG] debug-file - Executing task :entry:default@CreateModuleInfo
[2026-07-26T01:42:43.084] [DEBUG] debug-file - Task 'entry:default@CreateModuleInfo' cost while wrapping incremental declarations: 1 ms 
[2026-07-26T01:42:43.084] [DEBUG] debug-file - entry : default@CreateModuleInfo cost memory 0.042236328125
[2026-07-26T01:42:43.085] [DEBUG] debug-file - runTaskFromQueue task cost before running: 169 ms 
[2026-07-26T01:42:43.085] [INFO] debug-file - Finished :entry:default@CreateModuleInfo... after 1 ms 
[2026-07-26T01:42:43.088] [DEBUG] debug-file - Executing task :entry:default@GenerateMetadata
[2026-07-26T01:42:43.088] [DEBUG] debug-file - Task 'entry:default@GenerateMetadata' cost while wrapping incremental declarations: 1 ms 
[2026-07-26T01:42:43.089] [DEBUG] debug-file - Incremental task entry:default@GenerateMetadata pre-execution cost: 1 ms .
[2026-07-26T01:42:43.089] [DEBUG] debug-file - entry : default@GenerateMetadata cost memory 0.09236907958984375
[2026-07-26T01:42:43.089] [INFO] debug-file - UP-TO-DATE :entry:default@GenerateMetadata...  
[2026-07-26T01:42:43.090] [DEBUG] debug-file - Executing task :entry:default@ConfigureCmake
[2026-07-26T01:42:43.090] [DEBUG] debug-file - entry : default@ConfigureCmake cost memory 0.014556884765625
[2026-07-26T01:42:43.090] [DEBUG] debug-file - runTaskFromQueue task cost before running: 175 ms 
[2026-07-26T01:42:43.090] [INFO] debug-file - Finished :entry:default@ConfigureCmake... after 1 ms 
[2026-07-26T01:42:43.091] [DEBUG] debug-file - Executing task :entry:default@MergeProfile
[2026-07-26T01:42:43.092] [DEBUG] debug-file - Task 'entry:default@MergeProfile' cost while wrapping incremental declarations: 1 ms 
[2026-07-26T01:42:43.096] [DEBUG] debug-file - Incremental task entry:default@MergeProfile pre-execution cost: 4 ms .
[2026-07-26T01:42:43.096] [DEBUG] debug-file - entry : default@MergeProfile cost memory 0.1302642822265625
[2026-07-26T01:42:43.096] [INFO] debug-file - UP-TO-DATE :entry:default@MergeProfile...  
[2026-07-26T01:42:43.099] [DEBUG] debug-file - Executing task :entry:default@CreateBuildProfile
[2026-07-26T01:42:43.099] [DEBUG] debug-file - Task 'entry:default@CreateBuildProfile' cost while wrapping incremental declarations: 1 ms 
[2026-07-26T01:42:43.100] [DEBUG] debug-file - Incremental task entry:default@CreateBuildProfile pre-execution cost: 1 ms .
[2026-07-26T01:42:43.100] [DEBUG] debug-file - entry : default@CreateBuildProfile cost memory 0.10831451416015625
[2026-07-26T01:42:43.100] [INFO] debug-file - UP-TO-DATE :entry:default@CreateBuildProfile...  
[2026-07-26T01:42:43.101] [DEBUG] debug-file - Executing task :entry:default@PreCheckSyscap
[2026-07-26T01:42:43.101] [DEBUG] debug-file - entry : default@PreCheckSyscap cost memory 0.01477813720703125
[2026-07-26T01:42:43.101] [DEBUG] debug-file - runTaskFromQueue task cost before running: 186 ms 
[2026-07-26T01:42:43.102] [INFO] debug-file - Finished :entry:default@PreCheckSyscap... after 1 ms 
[2026-07-26T01:42:43.103] [DEBUG] debug-file - Executing task :entry:default@GeneratePkgContextInfo
[2026-07-26T01:42:43.107] [DEBUG] debug-file - Task 'entry:default@GeneratePkgContextInfo' cost while wrapping incremental declarations: 1 ms 
[2026-07-26T01:42:43.108] [DEBUG] debug-file - Incremental task entry:default@GeneratePkgContextInfo pre-execution cost: 1 ms .
[2026-07-26T01:42:43.108] [DEBUG] debug-file - entry : default@GeneratePkgContextInfo cost memory 0.38115692138671875
[2026-07-26T01:42:43.108] [INFO] debug-file - UP-TO-DATE :entry:default@GeneratePkgContextInfo...  
[2026-07-26T01:42:43.110] [DEBUG] debug-file - Executing task :entry:default@GeneratePkgSdkInfo
[2026-07-26T01:42:43.114] [DEBUG] debug-file - Task 'entry:default@GeneratePkgSdkInfo' cost while wrapping incremental declarations: 1 ms 
[2026-07-26T01:42:43.114] [DEBUG] debug-file - entry : default@GeneratePkgSdkInfo cost memory 0.13919830322265625
[2026-07-26T01:42:43.114] [DEBUG] debug-file - runTaskFromQueue task cost before running: 199 ms 
[2026-07-26T01:42:43.115] [INFO] debug-file - Finished :entry:default@GeneratePkgSdkInfo... after 5 ms 
[2026-07-26T01:42:43.119] [DEBUG] debug-file - Executing task :entry:default@ProcessIntegratedHsp
[2026-07-26T01:42:43.120] [DEBUG] debug-file - entry:default@ProcessIntegratedHsp is not up-to-date, since the output file 'C:\Users\H1314\Desktop\foodkeeper\Foodkeeper-v1.0\build\cache\default\integrated_hsp\integratedHspCache.json' does not exist.
[2026-07-26T01:42:43.120] [DEBUG] debug-file - Incremental task entry:default@ProcessIntegratedHsp pre-execution cost: 1 ms .
[2026-07-26T01:42:43.120] [DEBUG] debug-file - entry : default@ProcessIntegratedHsp cost memory 0.0597076416015625
[2026-07-26T01:42:43.120] [DEBUG] debug-file - runTaskFromQueue task cost before running: 204 ms 
[2026-07-26T01:42:43.120] [INFO] debug-file - Finished :entry:default@ProcessIntegratedHsp... after 2 ms 
[2026-07-26T01:42:43.121] [DEBUG] debug-file - Executing task :entry:default@BuildNativeWithCmake
[2026-07-26T01:42:43.122] [DEBUG] debug-file - entry : default@BuildNativeWithCmake cost memory 0.0144805908203125
[2026-07-26T01:42:43.122] [DEBUG] debug-file - runTaskFromQueue task cost before running: 206 ms 
[2026-07-26T01:42:43.122] [INFO] debug-file - Finished :entry:default@BuildNativeWithCmake... after 1 ms 
[2026-07-26T01:42:43.123] [DEBUG] debug-file - Executing task :entry:default@MakePackInfo
[2026-07-26T01:42:43.128] [DEBUG] debug-file - Incremental task entry:default@MakePackInfo pre-execution cost: 4 ms .
[2026-07-26T01:42:43.128] [DEBUG] debug-file - entry : default@MakePackInfo cost memory 0.14092254638671875
[2026-07-26T01:42:43.129] [INFO] debug-file - UP-TO-DATE :entry:default@MakePackInfo...  
[2026-07-26T01:42:43.130] [DEBUG] debug-file - Executing task :entry:default@SyscapTransform
[2026-07-26T01:42:43.131] [DEBUG] debug-file - File: 'C:\Users\H1314\Desktop\foodkeeper\Foodkeeper-v1.0\entry\src\main\syscap.json' from 'sysCapJsonPath' is not exists, just ignore.
[2026-07-26T01:42:43.131] [DEBUG] debug-file - Task 'entry:default@SyscapTransform' cost while wrapping incremental declarations: 1 ms 
[2026-07-26T01:42:43.133] [DEBUG] debug-file - entry:default@SyscapTransform is not up-to-date, since the output file 'C:\Users\H1314\Desktop\foodkeeper\Foodkeeper-v1.0\entry\build\default\intermediates\syscap\default\rpcid.sc' does not exist.
[2026-07-26T01:42:43.133] [DEBUG] debug-file - Incremental task entry:default@SyscapTransform pre-execution cost: 3 ms .
[2026-07-26T01:42:43.134] [DEBUG] debug-file - entry : default@SyscapTransform cost memory -1.45306396484375
[2026-07-26T01:42:43.135] [DEBUG] debug-file - runTaskFromQueue task cost before running: 219 ms 
[2026-07-26T01:42:43.135] [INFO] debug-file - Finished :entry:default@SyscapTransform... after 5 ms 
[2026-07-26T01:42:43.136] [DEBUG] debug-file - Executing task :entry:default@ProcessProfile
[2026-07-26T01:42:43.136] [DEBUG] debug-file - Task 'entry:default@ProcessProfile' cost while wrapping incremental declarations: 1 ms 
[2026-07-26T01:42:43.137] [DEBUG] debug-file - Incremental task entry:default@ProcessProfile pre-execution cost: 1 ms .
[2026-07-26T01:42:43.137] [DEBUG] debug-file - entry : default@ProcessProfile cost memory 0.13463592529296875
[2026-07-26T01:42:43.138] [INFO] debug-file - UP-TO-DATE :entry:default@ProcessProfile...  
[2026-07-26T01:42:43.138] [DEBUG] debug-file - Executing task :entry:default@ProcessRouterMap
[2026-07-26T01:42:43.142] [DEBUG] debug-file - Incremental task entry:default@ProcessRouterMap pre-execution cost: 3 ms .
[2026-07-26T01:42:43.142] [DEBUG] debug-file - entry : default@ProcessRouterMap cost memory 0.17803192138671875
[2026-07-26T01:42:43.143] [INFO] debug-file - UP-TO-DATE :entry:default@ProcessRouterMap...  
[2026-07-26T01:42:43.145] [DEBUG] debug-file - Executing task :entry:default@ProcessShareConfig
[2026-07-26T01:42:43.147] [DEBUG] debug-file - Incremental task entry:default@ProcessShareConfig pre-execution cost: 2 ms .
[2026-07-26T01:42:43.147] [DEBUG] debug-file - entry : default@ProcessShareConfig cost memory 0.1534423828125
[2026-07-26T01:42:43.147] [INFO] debug-file - UP-TO-DATE :entry:default@ProcessShareConfig...  
[2026-07-26T01:42:43.148] [DEBUG] debug-file - Executing task :entry:default@ProcessStartupConfig
[2026-07-26T01:42:43.148] [DEBUG] debug-file - Task 'entry:default@ProcessStartupConfig' cost while wrapping incremental declarations: 1 ms 
[2026-07-26T01:42:43.149] [DEBUG] debug-file - entry:default@ProcessStartupConfig is not up-to-date, since the output file 'C:\Users\H1314\Desktop\foodkeeper\Foodkeeper-v1.0\entry\build\default\intermediates\startup\default\startup_config.json' does not exist.
[2026-07-26T01:42:43.149] [DEBUG] debug-file - Incremental task entry:default@ProcessStartupConfig pre-execution cost: 1 ms .
[2026-07-26T01:42:43.150] [DEBUG] debug-file - entry : default@ProcessStartupConfig cost memory 0.14874267578125
[2026-07-26T01:42:43.150] [DEBUG] debug-file - runTaskFromQueue task cost before running: 234 ms 
[2026-07-26T01:42:43.150] [INFO] debug-file - Finished :entry:default@ProcessStartupConfig... after 2 ms 
[2026-07-26T01:42:43.151] [DEBUG] debug-file - Executing task :entry:default@BuildNativeWithNinja
[2026-07-26T01:42:43.152] [DEBUG] debug-file - entry : default@BuildNativeWithNinja cost memory 0.0222015380859375
[2026-07-26T01:42:43.152] [DEBUG] debug-file - runTaskFromQueue task cost before running: 236 ms 
[2026-07-26T01:42:43.152] [INFO] debug-file - Finished :entry:default@BuildNativeWithNinja... after 1 ms 
[2026-07-26T01:42:43.154] [DEBUG] debug-file - restool module names: entry; moduleName=entry, taskName=default@ProcessResource
[2026-07-26T01:42:43.156] [DEBUG] debug-file - Executing task :entry:default@ProcessResource
[2026-07-26T01:42:43.156] [DEBUG] debug-file - Task 'entry:default@ProcessResource' cost while wrapping incremental declarations: 1 ms 
[2026-07-26T01:42:43.158] [DEBUG] debug-file - Incremental task entry:default@ProcessResource pre-execution cost: 2 ms .
[2026-07-26T01:42:43.159] [DEBUG] debug-file - entry : default@ProcessResource cost memory 0.15517425537109375
[2026-07-26T01:42:43.162] [INFO] debug-file - UP-TO-DATE :entry:default@ProcessResource...  
[2026-07-26T01:42:43.165] [DEBUG] debug-file - Executing task :entry:default@GenerateLoaderJson
[2026-07-26T01:42:43.166] [DEBUG] debug-file - Task 'entry:default@GenerateLoaderJson' cost while wrapping incremental declarations: 1 ms 
[2026-07-26T01:42:43.174] [DEBUG] debug-file - Incremental task entry:default@GenerateLoaderJson pre-execution cost: 6 ms .
[2026-07-26T01:42:43.174] [DEBUG] debug-file - entry : default@GenerateLoaderJson cost memory 0.5768280029296875
[2026-07-26T01:42:43.178] [INFO] debug-file - UP-TO-DATE :entry:default@GenerateLoaderJson...  
[2026-07-26T01:42:43.179] [DEBUG] debug-file - Executing task :entry:default@ProcessLibs
[2026-07-26T01:42:43.181] [DEBUG] debug-file - Incremental task entry:default@ProcessLibs pre-execution cost: 2 ms .
[2026-07-26T01:42:43.181] [DEBUG] debug-file - entry : default@ProcessLibs cost memory 0.11278533935546875
[2026-07-26T01:42:43.181] [INFO] debug-file - UP-TO-DATE :entry:default@ProcessLibs...  
[2026-07-26T01:42:43.182] [DEBUG] debug-file - restool module names: entry; moduleName=entry, taskName=default@CompileResource
[2026-07-26T01:42:43.182] [DEBUG] debug-file - Executing task :entry:default@CompileResource
[2026-07-26T01:42:43.188] [DEBUG] debug-file - entry:default@CompileResource is not up-to-date, since the input file 'C:\Users\H1314\Desktop\foodkeeper\Foodkeeper-v1.0\entry\src\main\resources' has been changed.
[2026-07-26T01:42:43.188] [DEBUG] debug-file - Incremental task entry:default@CompileResource pre-execution cost: 6 ms .
[2026-07-26T01:42:43.191] [DEBUG] debug-file - Use tool [D:\Soft\DevEco\devecostudio-windows-6.1.1.290\DevEco Studio\sdk\default\openharmony\toolchains\restool.exe]
 [
  'D:\\Soft\\DevEco\\devecostudio-windows-6.1.1.290\\DevEco Studio\\sdk\\default\\openharmony\\toolchains\\restool.exe',
  '-l',
  'C:\\Users\\H1314\\Desktop\\foodkeeper\\Foodkeeper-v1.0\\entry\\build\\default\\intermediates\\res\\default\\resConfig.json'
]
[2026-07-26T01:42:43.192] [DEBUG] debug-file - current process  memoryUsage: {
  rss: 501428224,
  heapTotal: 127369216,
  heapUsed: 116894536,
  external: 3156263,
  arrayBuffers: 128696
} os memoryUsage :21.463314056396484
[2026-07-26T01:42:43.589] [DEBUG] debug-file - Info: Pack: normal pack mode

[2026-07-26T01:42:44.149] [DEBUG] debug-file - Info: hardware concurrency count is : 16
Info: thread count is : 16

[2026-07-26T01:42:44.150] [DEBUG] debug-file - Info: thread pool is started

[2026-07-26T01:42:44.151] [DEBUG] debug-file - Info: GenericCompiler::CompileFiles

[2026-07-26T01:42:44.183] [DEBUG] debug-file - Info: GenericCompiler::CompileFiles

[2026-07-26T01:42:44.184] [DEBUG] debug-file - Warning: 'C:\Users\H1314\Desktop\foodkeeper\Foodkeeper-v1.0\entry\src\main\resources\base\media\background.png' is defined repeatedly.
Warning: 'C:\Users\H1314\Desktop\foodkeeper\Foodkeeper-v1.0\entry\src\main\resources\base\media\foreground.png' is defined repeatedly.
Warning: 'C:\Users\H1314\Desktop\foodkeeper\Foodkeeper-v1.0\entry\src\main\resources\base\media\layered_image.json' is defined repeatedly.

[2026-07-26T01:42:44.186] [DEBUG] debug-file - Info: GenericCompiler::CompileFiles

[2026-07-26T01:42:44.200] [DEBUG] debug-file - 07-26 01:42:44.201 25100 36524 E C01400/ImageTranscoderUtils: DecodeToRGBA IN
07-26 01:42:44.201 25100 36524 E C01400/ImageTranscoderUtils: ImageFilter IN C:\Users\H1314\Desktop\foodkeeper\Foodkeeper-v1.0\AppScope\resources\base\media\background.png

[2026-07-26T01:42:44.240] [DEBUG] debug-file - 07-26 01:42:44.240 25100 36524 E C01400/ImageTranscoderUtils: DecodeToRGBA IN
07-26 01:42:44.240 25100 36524 E C01400/ImageTranscoderUtils: ImageFilter IN C:\Users\H1314\Desktop\foodkeeper\Foodkeeper-v1.0\AppScope\resources\base\media\foreground.png

[2026-07-26T01:42:44.286] [DEBUG] debug-file - Info: can't scale media json file.

[2026-07-26T01:42:44.286] [DEBUG] debug-file - Warning: The width or height of the png file referenced by the icon exceeds the limit (41 pixels)
at C:\Users\H1314\Desktop\foodkeeper\Foodkeeper-v1.0\AppScope\resources\base\media\background.png
Warning: The width or height of the png file referenced by the icon exceeds the limit (41 pixels)
at C:\Users\H1314\Desktop\foodkeeper\Foodkeeper-v1.0\AppScope\resources\base\media\foreground.png
Warning: C:\Users\H1314\Desktop\foodkeeper\Foodkeeper-v1.0\AppScope\resources\base\media\layered_image.json is not png format

[2026-07-26T01:42:44.287] [DEBUG] debug-file - Info: restool resources compile success.

[2026-07-26T01:42:44.288] [DEBUG] debug-file - Info: thread pool is stopped

[2026-07-26T01:42:44.356] [DEBUG] debug-file - entry : default@CompileResource cost memory 0.0638275146484375
[2026-07-26T01:42:44.356] [DEBUG] debug-file - runTaskFromQueue task cost before running: 1 s 441 ms 
[2026-07-26T01:42:44.357] [INFO] debug-file - Finished :entry:default@CompileResource... after 1 s 174 ms 
[2026-07-26T01:42:44.359] [DEBUG] debug-file - Executing task :entry:default@DoNativeStrip
[2026-07-26T01:42:44.359] [DEBUG] debug-file - File: 'C:\Users\H1314\Desktop\foodkeeper\Foodkeeper-v1.0\entry\build\default\intermediates\binxo\default' from 'doBinxoNativeLibs' is not exists, just ignore.
[2026-07-26T01:42:44.359] [DEBUG] debug-file - Task 'entry:default@DoNativeStrip' cost while wrapping incremental declarations: 1 ms 
[2026-07-26T01:42:44.361] [DEBUG] debug-file - Incremental task entry:default@DoNativeStrip pre-execution cost: 2 ms .
[2026-07-26T01:42:44.361] [DEBUG] debug-file - entry : default@DoNativeStrip cost memory 0.100067138671875
[2026-07-26T01:42:44.361] [INFO] debug-file - UP-TO-DATE :entry:default@DoNativeStrip...  
[2026-07-26T01:42:44.363] [DEBUG] debug-file - Executing task :entry:default@CompileArkTS
[2026-07-26T01:42:44.364] [DEBUG] debug-file - obfuscationOptions: undefined
[2026-07-26T01:42:44.365] [DEBUG] debug-file - Task 'entry:default@CompileArkTS' cost while wrapping incremental declarations: 1 ms 
[2026-07-26T01:42:44.373] [DEBUG] debug-file - entry:default@CompileArkTS is not up-to-date, since the input file 'C:\Users\H1314\Desktop\foodkeeper\Foodkeeper-v1.0\entry\build\default\intermediates\res\default\ResourceTable.txt' has been changed.
[2026-07-26T01:42:44.373] [DEBUG] debug-file - Incremental task entry:default@CompileArkTS pre-execution cost: 7 ms .
[2026-07-26T01:42:44.390] [DEBUG] debug-file - build config:
[2026-07-26T01:42:44.390] [DEBUG] debug-file - {
  moduleType: 'entry',
  perf: 0,
  targetName: '.default',
  packageManagerType: 'ohpm',
  localPropertiesPath: 'C:\\Users\\H1314\\Desktop\\foodkeeper\\Foodkeeper-v1.0\\local.properties',
  isPreview: false,
  isOhosTest: false,
  isLocalTest: false,
  buildMode: 'Debug',
  hotReloadBuild: undefined,
  watchMode: 'false',
  aceProfilePath: 'C:\\Users\\H1314\\Desktop\\foodkeeper\\Foodkeeper-v1.0\\entry\\build\\default\\intermediates\\res\\default\\resources\\base\\profile',
  etsLoaderPath: 'D:\\Soft\\DevEco\\devecostudio-windows-6.1.1.290\\DevEco Studio\\sdk\\default\\openharmony\\ets\\build-tools\\ets-loader',
  modulePath: 'C:\\Users\\H1314\\Desktop\\foodkeeper\\Foodkeeper-v1.0\\entry',
  testFrameworkPar: {
    testMode: undefined,
    coveragePathFilter: undefined,
    coverageMode: undefined
  },
  needCoverageInsert: false,
  debugLine: false,
  projectTopDir: 'C:\\Users\\H1314\\Desktop\\foodkeeper\\Foodkeeper-v1.0',
  compileSdkVersion: 24,
  compatibleSdkVersion: 20,
  originCompatibleSdkVersion: '6.0.0(20)',
  compatibleSdkVersionStage: undefined,
  bundleName: 'c***r',
  etsLoaderVersion: '6.1.1.125',
  etsLoaderReleaseType: 'Release',
  aotCompileMode: 'type',
  apPath: 'C:\\Users\\H1314\\Desktop\\foodkeeper\\Foodkeeper-v1.0\\entry\\modules.ap',
  entryModuleName: 'entry',
  entryModuleVersion: '1.0.0',
  entryPackageName: 'entry',
  allModuleNameHash: '5a8e40311c990954e1242db61f4ac16a53f6772c738d7b9e71c868f46c672df2',
  externalApiPaths: [
    'D:\\Soft\\DevEco\\devecostudio-windows-6.1.1.290\\DevEco Studio\\sdk\\default\\hms\\ets'
  ],
  compilerTypes: [],
  isCrossplatform: false,
  hvigorPluginFile: undefined,
  compilePluginPath: undefined,
  buildGeneratedProfilePath: 'C:\\Users\\H1314\\Desktop\\foodkeeper\\Foodkeeper-v1.0\\entry\\build\\default\\generated\\profile\\default',
  bundleType: 'app',
  arkTSVersion: undefined,
  apiVersion: 24,
  needCompleteSourcesMap: false,
  isFaMode: false,
  buildDir: 'C:\\Users\\H1314\\Desktop\\foodkeeper\\Foodkeeper-v1.0\\entry\\build',
  deviceTypes: [ 'phone' ],
  pkgContextInfo: {
    '@ohos/hypium': {
      packageName: '@ohos/hypium',
      bundleName: '*****',
      moduleName: '',
      version: '1.0.21',
      entryPath: 'index.js',
      isSO: false,
      dependencyAlias: ''
    },
    '@ohos/hamock': {
      packageName: '@ohos/hamock',
      bundleName: '*****',
      moduleName: '',
      version: '1.0.0',
      entryPath: 'index.ets',
      isSO: false,
      dependencyAlias: ''
    },
    entry: {
      packageName: 'entry',
      bundleName: '*****',
      moduleName: '',
      version: '',
      entryPath: 'src/main/',
      isSO: false,
      dependencyAlias: ''
    }
  },
  ohPackagePathMap: {},
  dependencyAliasMap: {},
  permission: { requestPermissions: undefined, definePermissions: undefined },
  useGetCurrentBundleName: false,
  projectArkOption: undefined,
  sourceMapDir: undefined,
  branchElimination: false,
  transformLib: undefined,
  tsImportSendable: false,
  resolveConflictMode: true,
  depName2RootPath: {},
  depName2DepInfo: {},
  depName2OhExports: {},
  rootPathSet: [ 'C:\\Users\\H1314\\Desktop\\foodkeeper\\Foodkeeper-v1.0' ],
  useNativeResolver: true,
  shouldEmitJs: true,
  useTscResolve: false,
  singleFileEmit: false,
  userProjectConfig: {
    autoLazyImport: false,
    allowEmptyBundleName: false,
    reExportCheckMode: 'noCheck',
    executionMode: 'memory',
    usePathPlaceholder: false,
    writeRollupCache: true,
    isExpandImportEnabled: false,
    expandImportExclude: '',
    lazyImportExclude: '',
    lazyImportInclude: '',
    ignoreCrossplatformCheck: false,
    isHarDeduplicateEnabled: false,
    skipOhModulesLint: false,
    enableStrictCheckOHModule: false,
    disableSendableCheckRules: [],
    useDeclarationFileSignature: false,
    customizedOptions: undefined,
    integratedHsp: false,
    isPreloadSoEnabled: false
  },
  executionMode: 'memory',
  arkCompileCachePath: 'C:\\Users\\H1314\\Desktop\\foodkeeper\\Foodkeeper-v1.0\\entry\\build\\default\\cache\\default\\default@CompileArkTS\\esmodule',
  autoLazyFilter: undefined,
  isHarDeduplicateEnabled: false,
  intermediateHarDuplicateDirPath: 'C:\\Users\\H1314\\Desktop\\foodkeeper\\Foodkeeper-v1.0\\entry\\build\\default\\intermediates\\har_duplicate\\default',
  autoLazyImport: false,
  allowEmptyBundleName: false,
  reExportCheckMode: 'noCheck',
  usePathPlaceholder: false,
  writeRollupCache: true,
  isExpandImportEnabled: false,
  expandImportExclude: '',
  lazyImportExclude: '',
  lazyImportInclude: '',
  ignoreCrossplatformCheck: false,
  skipOhModulesLint: false,
  enableStrictCheckOHModule: false,
  disableSendableCheckRules: [],
  useDeclarationFileSignature: false,
  customizedOptions: undefined,
  integratedHsp: false,
  isPreloadSoEnabled: false,
  strictMode: {
    caseSensitiveCheck: true,
    useNormalizedOHMUrl: true,
    noExternalImportByPath: true
  },
  useNormalizedOHMUrl: true,
  caseSensitiveCheck: true,
  strictCheckerOnly: false,
  aceModuleJsonPath: 'C:\\Users\\H1314\\Desktop\\foodkeeper\\Foodkeeper-v1.0\\entry\\build\\default\\intermediates\\res\\default\\ark_module.json',
  appResource: 'C:\\Users\\H1314\\Desktop\\foodkeeper\\Foodkeeper-v1.0\\entry\\build\\default\\intermediates\\res\\default\\ResourceTable.txt',
  rawFileResource: 'C:\\Users\\H1314\\Desktop\\foodkeeper\\Foodkeeper-v1.0\\entry\\build\\default\\intermediates\\res\\default\\resources\\rawfile',
  resourceTableHash: 'd81a83941c07883d4327563ba2cfe0ac7f68042912820a1577b99d29cbd144cc',
  runtimeOS: 'HarmonyOS',
  sdkInfo: 'false:24:6.1.1.125:Release',
  aceModuleRoot: 'C:\\Users\\H1314\\Desktop\\foodkeeper\\Foodkeeper-v1.0\\entry\\src\\main\\ets',
  compileMode: 'esmodule',
  aceSuperVisualPath: 'C:\\Users\\H1314\\Desktop\\foodkeeper\\Foodkeeper-v1.0\\entry\\src\\main\\supervisual',
  aceBuildJson: 'C:\\Users\\H1314\\Desktop\\foodkeeper\\Foodkeeper-v1.0\\entry\\build\\default\\intermediates\\loader\\default\\loader.json',
  cachePath: 'C:\\Users\\H1314\\Desktop\\foodkeeper\\Foodkeeper-v1.0\\entry\\build\\default\\cache\\default\\default@CompileArkTS\\esmodule\\debug',
  aceModuleBuild: 'C:\\Users\\H1314\\Desktop\\foodkeeper\\Foodkeeper-v1.0\\entry\\build\\default\\intermediates\\loader_out\\default\\ets',
  supportChunks: true,
  declaredFilesPath: undefined,
  shouldCollectDirectImportees: false,
  isByteCodeHarOptimize: false,
  expandImportPath: undefined,
  resourceTableTs: 'C:\\Users\\H1314\\Desktop\\foodkeeper\\Foodkeeper-v1.0\\entry\\build\\default\\generated\\r\\default\\ResourceTable.ts',
  moduleMetaInfoFiles: [
    {
      filePath: 'C:\\Users\\H1314\\Desktop\\foodkeeper\\Foodkeeper-v1.0\\entry\\build\\default\\generated\\r\\default\\ResourceTable.ts',
      ohmurl: '&entry/build/generated/r/ResourceTable&'
    }
  ],
  pkgNameToPkgBriefInfo: {
    entry: {
      pkgRoot: 'C:\\Users\\H1314\\Desktop\\foodkeeper\\Foodkeeper-v1.0\\entry',
      originalSourceRoots: undefined,
      sourceRoots: [Array],
      pkgName: 'entry'
    }
  },
  projectModel: {
    'C:\\Users\\H1314\\Desktop\\foodkeeper\\Foodkeeper-v1.0\\entry\\src\\main': {
      moduleName: 'entry',
      modulePkgPath: 'C:\\Users\\H1314\\Desktop\\foodkeeper\\Foodkeeper-v1.0\\entry',
      belongProjectPath: 'C:\\Users\\H1314\\Desktop\\foodkeeper\\Foodkeeper-v1.0'
    },
    'C:\\Users\\H1314\\Desktop\\foodkeeper\\Foodkeeper-v1.0\\entry\\.test\\default\\intermediates\\src\\ohosTest\\ets': {
      moduleName: 'entry_test',
      modulePkgPath: 'C:\\Users\\H1314\\Desktop\\foodkeeper\\Foodkeeper-v1.0\\entry',
      belongProjectPath: 'C:\\Users\\H1314\\Desktop\\foodkeeper\\Foodkeeper-v1.0'
    },
    'C:\\Users\\H1314\\Desktop\\foodkeeper\\Foodkeeper-v1.0\\entry\\src\\ohosTest': {
      moduleName: 'entry_test',
      modulePkgPath: 'C:\\Users\\H1314\\Desktop\\foodkeeper\\Foodkeeper-v1.0\\entry',
      belongProjectPath: 'C:\\Users\\H1314\\Desktop\\foodkeeper\\Foodkeeper-v1.0'
    },
    'C:\\Users\\H1314\\Desktop\\foodkeeper\\Foodkeeper-v1.0\\entry': {
      moduleName: 'entry',
      modulePkgPath: 'C:\\Users\\H1314\\Desktop\\foodkeeper\\Foodkeeper-v1.0\\entry',
      belongProjectPath: 'C:\\Users\\H1314\\Desktop\\foodkeeper\\Foodkeeper-v1.0'
    },
    'C:\\Users\\H1314\\Desktop\\foodkeeper\\Foodkeeper-v1.0': {
      moduleName: 'Foodkeeper-v1.0',
      modulePkgPath: 'C:\\Users\\H1314\\Desktop\\foodkeeper\\Foodkeeper-v1.0',
      belongProjectPath: 'C:\\Users\\H1314\\Desktop\\foodkeeper\\Foodkeeper-v1.0'
    }
  },
  pkgJsonFileHash: '7c73f54ab7f6179c8b46a9f252100c68cf10ae6dd80f95f858f353cadb446f0e',
  allModulePaths: [ 'C:\\Users\\H1314\\Desktop\\foodkeeper\\Foodkeeper-v1.0\\entry' ],
  routerMap: {},
  obfuscationOptions: undefined,
  byteCodeHarToDependencyKeys: undefined,
  compileBlockPkg: [],
  mockParams: {
    decorator: '@MockSetup',
    packageName: '@ohos/hamock',
    etsSourceRootPath: 'src/main/ets',
    mockConfigPath: 'C:\\Users\\H1314\\Desktop\\foodkeeper\\Foodkeeper-v1.0\\entry\\src\\mock\\mock-config.json5',
    mockConfigKey2ModuleInfo: {},
    source2ModuleIdMap: {}
  },
  copyCodeResourceEnable: false,
  copyCodeResourceExcludes: [],
  copyCodeResourceIncludes: undefined,
  uiTransformOptimization: false,
  sdkPath: 'D:/Soft/DevEco/devecostudio-windows-6.1.1.290/DevEco Studio/sdk',
  needPreloadSoFileSet: {},
  preloadSoFilePath: 'C:\\Users\\H1314\\Desktop\\foodkeeper\\Foodkeeper-v1.0\\entry\\build\\default\\intermediates\\preload\\default\\preload.json',
  useSourceHash: false,
  localModuleParamMap: {},
  otherPaths: {
    'entry/*': [
      '..\\*',
      '..\\..\\..\\build\\default\\generated\\profile\\default\\*'
    ]
  },
  collectImportersConfig: undefined
}
[2026-07-26T01:42:44.391] [DEBUG] debug-file - Compile arkts with external api path: D:\Soft\DevEco\devecostudio-windows-6.1.1.290\DevEco Studio\sdk\default\hms\ets
[2026-07-26T01:42:44.392] [DEBUG] debug-file - default@CompileArkTS work[2] is submitted.
[2026-07-26T01:42:44.392] [DEBUG] debug-file - default@CompileArkTS work[2] is pushed to ready queue.
[2026-07-26T01:42:44.392] [DEBUG] debug-file - A work dispatched to worker[15] failed because unable to get work from ready queue.
[2026-07-26T01:42:44.392] [DEBUG] debug-file - A work dispatched to worker[14] failed because unable to get work from ready queue.
[2026-07-26T01:42:44.392] [DEBUG] debug-file - A work dispatched to worker[13] failed because unable to get work from ready queue.
[2026-07-26T01:42:44.393] [DEBUG] debug-file - A work dispatched to worker[12] failed because unable to get work from ready queue.
[2026-07-26T01:42:44.393] [DEBUG] debug-file - A work dispatched to worker[11] failed because unable to get work from ready queue.
[2026-07-26T01:42:44.393] [DEBUG] debug-file - A work dispatched to worker[10] failed because unable to get work from ready queue.
[2026-07-26T01:42:44.393] [DEBUG] debug-file - A work dispatched to worker[9] failed because unable to get work from ready queue.
[2026-07-26T01:42:44.393] [DEBUG] debug-file - A work dispatched to worker[8] failed because unable to get work from ready queue.
[2026-07-26T01:42:44.393] [DEBUG] debug-file - A work dispatched to worker[7] failed because unable to get work from ready queue.
[2026-07-26T01:42:44.393] [DEBUG] debug-file - A work dispatched to worker[6] failed because unable to get work from ready queue.
[2026-07-26T01:42:44.393] [DEBUG] debug-file - A work dispatched to worker[5] failed because unable to get work from ready queue.
[2026-07-26T01:42:44.393] [DEBUG] debug-file - default@CompileArkTS work[2] has been dispatched to worker[4].
[2026-07-26T01:42:44.393] [DEBUG] debug-file - default@CompileArkTS work[2] is dispatched.
[2026-07-26T01:42:44.393] [DEBUG] debug-file - entry : default@CompileArkTS cost memory 1.4542922973632812
[2026-07-26T01:42:44.396] [DEBUG] debug-file - Executing task :entry:default@BuildJS
[2026-07-26T01:42:44.396] [DEBUG] debug-file - Task 'entry:default@BuildJS' cost while wrapping incremental declarations: 1 ms 
[2026-07-26T01:42:44.400] [DEBUG] debug-file - entry : default@BuildJS cost memory 0.17291259765625
[2026-07-26T01:42:44.400] [DEBUG] debug-file - runTaskFromQueue task cost before running: 1 s 484 ms 
[2026-07-26T01:42:44.400] [INFO] debug-file - Finished :entry:default@BuildJS... after 5 ms 
[2026-07-26T01:42:44.402] [DEBUG] debug-file - Executing task :entry:default@CacheNativeLibs
[2026-07-26T01:42:44.402] [DEBUG] debug-file - File: 'C:\Users\H1314\Desktop\foodkeeper\Foodkeeper-v1.0\entry\build\default\intermediates\binxo\default' from 'cacheBinxoNativeLibs' is not exists, just ignore.
[2026-07-26T01:42:44.402] [DEBUG] debug-file - Task 'entry:default@CacheNativeLibs' cost while wrapping incremental declarations: 1 ms 
[2026-07-26T01:42:44.405] [DEBUG] debug-file - Incremental task entry:default@CacheNativeLibs pre-execution cost: 2 ms .
[2026-07-26T01:42:44.405] [DEBUG] debug-file - entry : default@CacheNativeLibs cost memory 0.12857818603515625
[2026-07-26T01:42:44.405] [INFO] debug-file - UP-TO-DATE :entry:default@CacheNativeLibs...  
[2026-07-26T01:42:45.141] [WARN] debug-file - [33mWARN: [33m[33mArkTS:WARN File: C:/Users/H1314/Desktop/foodkeeper/Foodkeeper-v1.0/entry/src/main/ets/store/InventoryStore.ets:264:24
 Function may throw exceptions. Special handling is required.
[39m[39m
[33mWARN: [33m[33mArkTS:WARN File: C:/Users/H1314/Desktop/foodkeeper/Foodkeeper-v1.0/entry/src/main/ets/store/InventoryStore.ets:285:24
 Function may throw exceptions. Special handling is required.
[39m[39m
[33mWARN: [33m[33mArkTS:WARN File: C:/Users/H1314/Desktop/foodkeeper/Foodkeeper-v1.0/entry/src/main/ets/store/InventoryStore.ets:343:11
 Function may throw exceptions. Special handling is required.
[39m[39m
[33mWARN: [33m[33mArkTS:WARN File: C:/Users/H1314/Desktop/foodkeeper/Foodkeeper-v1.0/entry/src/main/ets/store/InventoryStore.ets:344:11
 Function may throw exceptions. Special handling is required.
[39m[39m
[33mWARN: [33m[33mArkTS:WARN File: C:/Users/H1314/Desktop/foodkeeper/Foodkeeper-v1.0/entry/src/main/ets/pages/HomePage.ets:34:42
 'matchMediaSync' has been deprecated.
[39m[39m
[33mWARN: [33m[33mArkTS:WARN File: C:/Users/H1314/Desktop/foodkeeper/Foodkeeper-v1.0/entry/src/main/ets/pages/HomePage.ets:113:5
 Function may throw exceptions. Special handling is required.
[39m[39m
[33mWARN: [33m[33mArkTS:WARN File: C:/Users/H1314/Desktop/foodkeeper/Foodkeeper-v1.0/entry/src/main/ets/pages/HomePage.ets:113:12
 'pushUrl' has been deprecated.
[39m[39m
[33mWARN: [33m[33mArkTS:WARN File: C:/Users/H1314/Desktop/foodkeeper/Foodkeeper-v1.0/entry/src/main/ets/pages/HomePage.ets:118:5
 Function may throw exceptions. Special handling is required.
[39m[39m
[33mWARN: [33m[33mArkTS:WARN File: C:/Users/H1314/Desktop/foodkeeper/Foodkeeper-v1.0/entry/src/main/ets/pages/HomePage.ets:118:12
 'pushUrl' has been deprecated.
[39m[39m
[33mWARN: [33m[33mArkTS:WARN File: C:/Users/H1314/Desktop/foodkeeper/Foodkeeper-v1.0/entry/src/main/ets/pages/HomePage.ets:128:5
 Function may throw exceptions. Special handling is required.
[39m[39m
[33mWARN: [33m[33mArkTS:WARN File: C:/Users/H1314/Desktop/foodkeeper/Foodkeeper-v1.0/entry/src/main/ets/pages/HomePage.ets:128:18
 'showToast' has been deprecated.
[39m[39m
[33mWARN: [33m[33mArkTS:WARN File: C:/Users/H1314/Desktop/foodkeeper/Foodkeeper-v1.0/entry/src/main/ets/pages/InventoryPage.ets:132:5
 Function may throw exceptions. Special handling is required.
[39m[39m
[33mWARN: [33m[33mArkTS:WARN File: C:/Users/H1314/Desktop/foodkeeper/Foodkeeper-v1.0/entry/src/main/ets/pages/InventoryPage.ets:132:12
 'pushUrl' has been deprecated.
[39m[39m
[33mWARN: [33m[33mArkTS:WARN File: C:/Users/H1314/Desktop/foodkeeper/Foodkeeper-v1.0/entry/src/main/ets/pages/InventoryPage.ets:136:5
 Function may throw exceptions. Special handling is required.
[39m[39m
[33mWARN: [33m[33mArkTS:WARN File: C:/Users/H1314/Desktop/foodkeeper/Foodkeeper-v1.0/entry/src/main/ets/pages/InventoryPage.ets:136:12
 'pushUrl' has been deprecated.
[39m[39m
[33mWARN: [33m[33mArkTS:WARN File: C:/Users/H1314/Desktop/foodkeeper/Foodkeeper-v1.0/entry/src/main/ets/pages/RecipePage.ets:173:7
 Function may throw exceptions. Special handling is required.
[39m[39m
[33mWARN: [33m[33mArkTS:WARN File: C:/Users/H1314/Desktop/foodkeeper/Foodkeeper-v1.0/entry/src/main/ets/pages/RecipePage.ets:173:20
 'showToast' has been deprecated.
[39m[39m
[33mWARN: [33m[33mArkTS:WARN File: C:/Users/H1314/Desktop/foodkeeper/Foodkeeper-v1.0/entry/src/main/ets/pages/RecipePage.ets:180:5
 Function may throw exceptions. Special handling is required.
[39m[39m
[33mWARN: [33m[33mArkTS:WARN File: C:/Users/H1314/Desktop/foodkeeper/Foodkeeper-v1.0/entry/src/main/ets/pages/RecipePage.ets:180:12
 'pushUrl' has been deprecated.
[39m[39m
[33mWARN: [33m[33mArkTS:WARN File: C:/Users/H1314/Desktop/foodkeeper/Foodkeeper-v1.0/entry/src/main/ets/pages/SettingsPage.ets:35:18
 'showDialog' has been deprecated.
[39m[39m
[33mWARN: [33m[33mArkTS:WARN File: C:/Users/H1314/Desktop/foodkeeper/Foodkeeper-v1.0/entry/src/main/ets/pages/SettingsPage.ets:48:20
 'showToast' has been deprecated.
[39m[39m
[33mWARN: [33m[33mArkTS:WARN File: C:/Users/H1314/Desktop/foodkeeper/Foodkeeper-v1.0/entry/src/main/ets/pages/SettingsPage.ets:60:22
 'showToast' has been deprecated.
[39m[39m
[33mWARN: [33m[33mArkTS:WARN File: C:/Users/H1314/Desktop/foodkeeper/Foodkeeper-v1.0/entry/src/main/ets/pages/SettingsPage.ets:66:22
 'showToast' has been deprecated.
[39m[39m
[33mWARN: [33m[33mArkTS:WARN File: C:/Users/H1314/Desktop/foodkeeper/Foodkeeper-v1.0/entry/src/main/ets/pages/SettingsPage.ets:70:7
 Function may throw exceptions. Special handling is required.
[39m[39m
[33mWARN: [33m[33mArkTS:WARN File: C:/Users/H1314/Desktop/foodkeeper/Foodkeeper-v1.0/entry/src/main/ets/pages/SettingsPage.ets:70:20
 'showToast' has been deprecated.
[39m[39m
[33mWARN: [33m[33mArkTS:WARN File: C:/Users/H1314/Desktop/foodkeeper/Foodkeeper-v1.0/entry/src/main/ets/pages/AddFoodPage.ets:34:27
 'getParams' has been deprecated.
[39m[39m
[33mWARN: [33m[33mArkTS:WARN File: C:/Users/H1314/Desktop/foodkeeper/Foodkeeper-v1.0/entry/src/main/ets/pages/AddFoodPage.ets:144:7
 Function may throw exceptions. Special handling is required.
[39m[39m
[33mWARN: [33m[33mArkTS:WARN File: C:/Users/H1314/Desktop/foodkeeper/Foodkeeper-v1.0/entry/src/main/ets/pages/AddFoodPage.ets:144:20
 'showToast' has been deprecated.
[39m[39m
[33mWARN: [33m[33mArkTS:WARN File: C:/Users/H1314/Desktop/foodkeeper/Foodkeeper-v1.0/entry/src/main/ets/pages/AddFoodPage.ets:149:7
 Function may throw exceptions. Special handling is required.
[39m[39m
[33mWARN: [33m[33mArkTS:WARN File: C:/Users/H1314/Desktop/foodkeeper/Foodkeeper-v1.0/entry/src/main/ets/pages/AddFoodPage.ets:149:20
 'showToast' has been deprecated.
[39m[39m
[33mWARN: [33m[33mArkTS:WARN File: C:/Users/H1314/Desktop/foodkeeper/Foodkeeper-v1.0/entry/src/main/ets/pages/AddFoodPage.ets:169:7
 Function may throw exceptions. Special handling is required.
[39m[39m
[33mWARN: [33m[33mArkTS:WARN File: C:/Users/H1314/Desktop/foodkeeper/Foodkeeper-v1.0/entry/src/main/ets/pages/AddFoodPage.ets:169:20
 'showToast' has been deprecated.
[39m[39m
[33mWARN: [33m[33mArkTS:WARN File: C:/Users/H1314/Desktop/foodkeeper/Foodkeeper-v1.0/entry/src/main/ets/pages/AddFoodPage.ets:184:9
 Function may throw exceptions. Special handling is required.
[39m[39m
[33mWARN: [33m[33mArkTS:WARN File: C:/Users/H1314/Desktop/foodkeeper/Foodkeeper-v1.0/entry/src/main/ets/pages/AddFoodPage.ets:184:22
 'showToast' has been deprecated.
[39m[39m
[33mWARN: [33m[33mArkTS:WARN File: C:/Users/H1314/Desktop/foodkeeper/Foodkeeper-v1.0/entry/src/main/ets/pages/AddFoodPage.ets:186:9
 Function may throw exceptions. Special handling is required.
[39m[39m
[33mWARN: [33m[33mArkTS:WARN File: C:/Users/H1314/Desktop/foodkeeper/Foodkeeper-v1.0/entry/src/main/ets/pages/AddFoodPage.ets:186:22
 'showToast' has been deprecated.
[39m[39m
[33mWARN: [33m[33mArkTS:WARN File: C:/Users/H1314/Desktop/foodkeeper/Foodkeeper-v1.0/entry/src/main/ets/pages/AddFoodPage.ets:190:29
 'back' has been deprecated.
[39m[39m
[33mWARN: [33m[33mArkTS:WARN File: C:/Users/H1314/Desktop/foodkeeper/Foodkeeper-v1.0/entry/src/main/ets/pages/AddFoodPage.ets:196:5
 Function may throw exceptions. Special handling is required.
[39m[39m
[33mWARN: [33m[33mArkTS:WARN File: C:/Users/H1314/Desktop/foodkeeper/Foodkeeper-v1.0/entry/src/main/ets/pages/AddFoodPage.ets:196:18
 'showToast' has been deprecated.
[39m[39m
[33mWARN: [33m[33mArkTS:WARN File: C:/Users/H1314/Desktop/foodkeeper/Foodkeeper-v1.0/entry/src/main/ets/pages/AddFoodPage.ets:197:29
 'back' has been deprecated.
[39m[39m
[33mWARN: [33m[33mArkTS:WARN File: C:/Users/H1314/Desktop/foodkeeper/Foodkeeper-v1.0/entry/src/main/ets/pages/AddFoodPage.ets:207:33
 'back' has been deprecated.
[39m[39m
[33mWARN: [33m[33mArkTS:WARN File: C:/Users/H1314/Desktop/foodkeeper/Foodkeeper-v1.0/entry/src/main/ets/pages/AddFoodPage.ets:481:22
 'show' has been deprecated.
[39m[39m
[33mWARN: [33m[33mArkTS:WARN File: C:/Users/H1314/Desktop/foodkeeper/Foodkeeper-v1.0/entry/src/main/ets/pages/RecipeDetailPage.ets:36:7
 Function may throw exceptions. Special handling is required.
[39m[39m
[33mWARN: [33m[33mArkTS:WARN File: C:/Users/H1314/Desktop/foodkeeper/Foodkeeper-v1.0/entry/src/main/ets/pages/RecipeDetailPage.ets:36:20
 'showToast' has been deprecated.
[39m[39m
[33mWARN: [33m[33mArkTS:WARN File: C:/Users/H1314/Desktop/foodkeeper/Foodkeeper-v1.0/entry/src/main/ets/pages/RecipeDetailPage.ets:37:33
 'back' has been deprecated.
[39m[39m
[33mWARN: [33m[33mArkTS:WARN File: C:/Users/H1314/Desktop/foodkeeper/Foodkeeper-v1.0/entry/src/main/ets/pages/RecipeDetailPage.ets:49:7
 Function may throw exceptions. Special handling is required.
[39m[39m
[33mWARN: [33m[33mArkTS:WARN File: C:/Users/H1314/Desktop/foodkeeper/Foodkeeper-v1.0/entry/src/main/ets/pages/RecipeDetailPage.ets:49:20
 'showToast' has been deprecated.
[39m[39m
[33mWARN: [33m[33mArkTS:WARN File: C:/Users/H1314/Desktop/foodkeeper/Foodkeeper-v1.0/entry/src/main/ets/pages/RecipeDetailPage.ets:71:22
 'showToast' has been deprecated.
[39m[39m
[33mWARN: [33m[33mArkTS:WARN File: C:/Users/H1314/Desktop/foodkeeper/Foodkeeper-v1.0/entry/src/main/ets/pages/RecipeDetailPage.ets:75:22
 'showToast' has been deprecated.
[39m[39m
[33mWARN: [33m[33mArkTS:WARN File: C:/Users/H1314/Desktop/foodkeeper/Foodkeeper-v1.0/entry/src/main/ets/pages/RecipeDetailPage.ets:78:7
 Function may throw exceptions. Special handling is required.
[39m[39m
[33mWARN: [33m[33mArkTS:WARN File: C:/Users/H1314/Desktop/foodkeeper/Foodkeeper-v1.0/entry/src/main/ets/pages/RecipeDetailPage.ets:78:20
 'showToast' has been deprecated.
[39m[39m
[33mWARN: [33m[33mArkTS:WARN File: C:/Users/H1314/Desktop/foodkeeper/Foodkeeper-v1.0/entry/src/main/ets/pages/RecipeDetailPage.ets:86:12
 'back' has been deprecated.
[39m[39m

[2026-07-26T01:42:45.141] [DEBUG] debug-file - Ark compile task finished.finished time is 210938232482000
[2026-07-26T01:42:45.141] [DEBUG] debug-file - worker[4] has one work done.
[2026-07-26T01:42:45.143] [DEBUG] debug-file - default@CompileArkTS work[2] done.
[2026-07-26T01:42:45.147] [INFO] debug-file - Finished :entry:default@CompileArkTS... after 777 ms 
[2026-07-26T01:42:45.148] [DEBUG] debug-file - Executing task :entry:default@GeneratePkgModuleJson
[2026-07-26T01:42:45.148] [DEBUG] debug-file - File: 'C:\Users\H1314\Desktop\foodkeeper\Foodkeeper-v1.0\entry\build\default\intermediates\preload\default\preload.json' from 'preloadSoJsonPath' is not exists, just ignore.
[2026-07-26T01:42:45.148] [DEBUG] debug-file - Error occurs while handling @Input 'shouldDeduplicateHar': The "data" argument must be of type string or an instance of Buffer, TypedArray, or DataView. Received undefined
[2026-07-26T01:42:45.148] [DEBUG] debug-file - Task 'entry:default@GeneratePkgModuleJson' cost while wrapping incremental declarations: 1 ms 
[2026-07-26T01:42:45.149] [DEBUG] debug-file - entry:default@GeneratePkgModuleJson is not up-to-date, since the input file 'C:\Users\H1314\Desktop\foodkeeper\Foodkeeper-v1.0\entry\build\default\intermediates\res\default\module.json' has been changed.
[2026-07-26T01:42:45.149] [DEBUG] debug-file - Incremental task entry:default@GeneratePkgModuleJson pre-execution cost: 1 ms .
[2026-07-26T01:42:45.151] [DEBUG] debug-file - entry : default@GeneratePkgModuleJson cost memory 0.18630218505859375
[2026-07-26T01:42:45.151] [DEBUG] debug-file - runTaskFromQueue task cost before running: 2 s 235 ms 
[2026-07-26T01:42:45.151] [INFO] debug-file - Finished :entry:default@GeneratePkgModuleJson... after 4 ms 
[2026-07-26T01:42:45.152] [DEBUG] debug-file - Executing task :entry:default@ProcessCompiledResources
[2026-07-26T01:42:45.152] [DEBUG] debug-file - File: 'C:\Users\H1314\Desktop\foodkeeper\Foodkeeper-v1.0\entry\build\default\intermediates\preload\default\preload.json' from 'preloadSoJsonPath' is not exists, just ignore.
[2026-07-26T01:42:45.152] [DEBUG] debug-file - Task 'entry:default@ProcessCompiledResources' cost while wrapping incremental declarations: 1 ms 
[2026-07-26T01:42:45.152] [DEBUG] debug-file - entry : default@ProcessCompiledResources cost memory 0.061187744140625
[2026-07-26T01:42:45.152] [DEBUG] debug-file - runTaskFromQueue task cost before running: 2 s 237 ms 
[2026-07-26T01:42:45.153] [INFO] debug-file - Finished :entry:default@ProcessCompiledResources... after 1 ms 
[2026-07-26T01:42:45.154] [DEBUG] debug-file - Executing task :entry:default@PackageHap
[2026-07-26T01:42:45.157] [DEBUG] debug-file - entry:default@PackageHap is not up-to-date, since the input file 'C:\Users\H1314\Desktop\foodkeeper\Foodkeeper-v1.0\entry\build\default\intermediates\res\default\module.json' has been changed.
[2026-07-26T01:42:45.157] [DEBUG] debug-file - Incremental task entry:default@PackageHap pre-execution cost: 3 ms .
[2026-07-26T01:42:45.158] [DEBUG] debug-file - Use tool [D:\Soft\DevEco\devecostudio-windows-6.1.1.290\DevEco Studio\sdk\default\openharmony\toolchains\lib\app_packing_tool.jar]
 [
  'java',
  '-Dfile.encoding=GBK',
  '-jar',
  'D:\\Soft\\DevEco\\devecostudio-windows-6.1.1.290\\DevEco Studio\\sdk\\default\\openharmony\\toolchains\\lib\\app_packing_tool.jar',
  '--mode',
  'hap',
  '--force',
  'true',
  '--lib-path',
  'C:\\Users\\H1314\\Desktop\\foodkeeper\\Foodkeeper-v1.0\\entry\\build\\default\\intermediates\\stripped_native_libs\\default',
  '--json-path',
  'C:\\Users\\H1314\\Desktop\\foodkeeper\\Foodkeeper-v1.0\\entry\\build\\default\\intermediates\\package\\default\\module.json',
  '--resources-path',
  'C:\\Users\\H1314\\Desktop\\foodkeeper\\Foodkeeper-v1.0\\entry\\build\\default\\intermediates\\res\\default\\resources',
  '--index-path',
  'C:\\Users\\H1314\\Desktop\\foodkeeper\\Foodkeeper-v1.0\\entry\\build\\default\\intermediates\\res\\default\\resources.index',
  '--pack-info-path',
  'C:\\Users\\H1314\\Desktop\\foodkeeper\\Foodkeeper-v1.0\\entry\\build\\default\\outputs\\default\\pack.info',
  '--out-path',
  'C:\\Users\\H1314\\Desktop\\foodkeeper\\Foodkeeper-v1.0\\entry\\build\\default\\outputs\\default\\entry-default-unsigned.hap',
  '--ets-path',
  'C:\\Users\\H1314\\Desktop\\foodkeeper\\Foodkeeper-v1.0\\entry\\build\\default\\intermediates\\loader_out\\default\\ets',
  '--pkg-context-path',
  'C:\\Users\\H1314\\Desktop\\foodkeeper\\Foodkeeper-v1.0\\entry\\build\\default\\intermediates\\loader\\default\\pkgContextInfo.json'
]
[2026-07-26T01:42:45.159] [DEBUG] debug-file - default@PackageHap work[3] is submitted.
[2026-07-26T01:42:45.159] [DEBUG] debug-file - default@PackageHap work[3] is pushed to ready queue.
[2026-07-26T01:42:45.159] [DEBUG] debug-file - A work dispatched to worker[15] failed because unable to get work from ready queue.
[2026-07-26T01:42:45.159] [DEBUG] debug-file - Create  resident worker with id: 14.
[2026-07-26T01:42:45.160] [DEBUG] debug-file - default@PackageHap work[3] has been dispatched to worker[14].
[2026-07-26T01:42:45.160] [DEBUG] debug-file - default@PackageHap work[3] is dispatched.
[2026-07-26T01:42:45.164] [DEBUG] debug-file - entry : default@PackageHap cost memory 0.53558349609375
[2026-07-26T01:42:46.643] [DEBUG] debug-file - current process  memoryUsage: {
  rss: 605495296,
  heapTotal: 81297408,
  heapUsed: 55408808,
  external: 2480640,
  arrayBuffers: 238963
} os memoryUsage :21.58676528930664
[2026-07-26T01:42:47.873] [DEBUG] debug-file - worker[14] has one work done.
[2026-07-26T01:42:47.873] [DEBUG] debug-file - default@PackageHap work[3] done.
[2026-07-26T01:42:47.875] [INFO] debug-file - Finished :entry:default@PackageHap... after 1 s 242 ms 
[2026-07-26T01:42:47.876] [DEBUG] debug-file - Executing task :entry:default@PackingCheck
[2026-07-26T01:42:47.883] [DEBUG] debug-file - entry : default@PackingCheck cost memory 0.5983047485351562
[2026-07-26T01:42:47.883] [DEBUG] debug-file - runTaskFromQueue task cost before running: 4 s 968 ms 
[2026-07-26T01:42:47.884] [INFO] debug-file - Finished :entry:default@PackingCheck... after 8 ms 
[2026-07-26T01:42:47.885] [DEBUG] debug-file - Executing task :entry:default@SignHap
[2026-07-26T01:42:47.888] [DEBUG] debug-file - entry:default@SignHap is not up-to-date, since the input file 'C:\Users\H1314\Desktop\foodkeeper\Foodkeeper-v1.0\entry\build\default\outputs\default\entry-default-unsigned.hap' has been changed.
[2026-07-26T01:42:47.888] [DEBUG] debug-file - Incremental task entry:default@SignHap pre-execution cost: 3 ms .
[2026-07-26T01:42:47.944] [DEBUG] debug-file - java daemon socket received message:{"code":0,"message":"verify profile success"}
[2026-07-26T01:42:47.950] [DEBUG] debug-file - java daemon socket close code:1000 reason:close by user
[2026-07-26T01:42:47.984] [DEBUG] debug-file - A work dispatched to worker[14] failed because unable to get work from ready queue.
[2026-07-26T01:42:48.135] [DEBUG] debug-file - java daemon socket received message:{"code":0,"message":"sign app success"}
[2026-07-26T01:42:48.137] [DEBUG] debug-file - entry : default@SignHap cost memory 0.544647216796875
[2026-07-26T01:42:48.137] [DEBUG] debug-file - runTaskFromQueue task cost before running: 5 s 221 ms 
[2026-07-26T01:42:48.139] [INFO] debug-file - Finished :entry:default@SignHap... after 253 ms 
[2026-07-26T01:42:48.140] [DEBUG] debug-file - Executing task :entry:default@CollectDebugSymbol
[2026-07-26T01:42:48.142] [DEBUG] debug-file - entry : default@CollectDebugSymbol cost memory 0.1035308837890625
[2026-07-26T01:42:48.142] [DEBUG] debug-file - runTaskFromQueue task cost before running: 5 s 226 ms 
[2026-07-26T01:42:48.142] [INFO] debug-file - Finished :entry:default@CollectDebugSymbol... after 2 ms 
[2026-07-26T01:42:48.143] [DEBUG] debug-file - Executing task :entry:assembleHap
[2026-07-26T01:42:48.143] [DEBUG] debug-file - entry : assembleHap cost memory 0.0126800537109375
[2026-07-26T01:42:48.143] [DEBUG] debug-file - runTaskFromQueue task cost before running: 5 s 227 ms 
[2026-07-26T01:42:48.143] [INFO] debug-file - Finished :entry:assembleHap... after 1 ms 
[2026-07-26T01:42:48.161] [INFO] debug-file - BUILD SUCCESSFUL in 5 s 245 ms 
[2026-07-26T01:42:48.161] [DEBUG] debug-file - There is no need to refresh cache, since the incremental task entry:default@PreBuild is up-to-date.
[2026-07-26T01:42:48.162] [DEBUG] debug-file - Update task entry:default@CreateModuleInfo output file:C:\Users\H1314\Desktop\foodkeeper\Foodkeeper-v1.0\entry\build\default\generated\profile\default\ModuleInfo.ts cache.
[2026-07-26T01:42:48.162] [DEBUG] debug-file - Incremental task entry:default@CreateModuleInfo post-execution cost:1 ms .
[2026-07-26T01:42:48.162] [DEBUG] debug-file - There is no need to refresh cache, since the incremental task entry:default@GenerateMetadata is up-to-date.
[2026-07-26T01:42:48.162] [DEBUG] debug-file - There is no need to refresh cache, since the incremental task entry:default@MergeProfile is up-to-date.
[2026-07-26T01:42:48.162] [DEBUG] debug-file - There is no need to refresh cache, since the incremental task entry:default@CreateBuildProfile is up-to-date.
[2026-07-26T01:42:48.162] [DEBUG] debug-file - There is no need to refresh cache, since the incremental task entry:default@GeneratePkgContextInfo is up-to-date.
[2026-07-26T01:42:48.162] [DEBUG] debug-file - Update task entry:default@GeneratePkgSdkInfo output file:C:\Users\H1314\Desktop\foodkeeper\Foodkeeper-v1.0\entry\build\default\intermediates\loader\default\pkgSdkInfo.json cache.
[2026-07-26T01:42:48.163] [DEBUG] debug-file - Incremental task entry:default@GeneratePkgSdkInfo post-execution cost:1 ms .
[2026-07-26T01:42:48.163] [DEBUG] debug-file - Update task entry:default@ProcessIntegratedHsp output file:C:\Users\H1314\Desktop\foodkeeper\Foodkeeper-v1.0\build\cache\default\integrated_hsp\integratedHspCache.json cache.
[2026-07-26T01:42:48.163] [DEBUG] debug-file - Incremental task entry:default@ProcessIntegratedHsp post-execution cost:1 ms .
[2026-07-26T01:42:48.163] [DEBUG] debug-file - There is no need to refresh cache, since the incremental task entry:default@MakePackInfo is up-to-date.
[2026-07-26T01:42:48.163] [DEBUG] debug-file - Update task entry:default@SyscapTransform input file:D:\Soft\DevEco\devecostudio-windows-6.1.1.290\DevEco Studio\sdk\default\openharmony\toolchains\syscap_tool.exe cache by regenerate.
[2026-07-26T01:42:48.164] [DEBUG] debug-file - Update task entry:default@SyscapTransform input file:D:\Soft\DevEco\devecostudio-windows-6.1.1.290\DevEco Studio\sdk\default\openharmony\ets\api\device-define cache by regenerate.
[2026-07-26T01:42:48.167] [DEBUG] debug-file - Update task entry:default@SyscapTransform output file:C:\Users\H1314\Desktop\foodkeeper\Foodkeeper-v1.0\entry\build\default\intermediates\syscap\default\rpcid.sc cache.
[2026-07-26T01:42:48.167] [DEBUG] debug-file - Incremental task entry:default@SyscapTransform post-execution cost:5 ms .
[2026-07-26T01:42:48.168] [DEBUG] debug-file - There is no need to refresh cache, since the incremental task entry:default@ProcessProfile is up-to-date.
[2026-07-26T01:42:48.168] [DEBUG] debug-file - There is no need to refresh cache, since the incremental task entry:default@ProcessRouterMap is up-to-date.
[2026-07-26T01:42:48.168] [DEBUG] debug-file - There is no need to refresh cache, since the incremental task entry:default@ProcessShareConfig is up-to-date.
[2026-07-26T01:42:48.168] [DEBUG] debug-file - Update task entry:default@ProcessStartupConfig input file:C:\Users\H1314\Desktop\foodkeeper\Foodkeeper-v1.0\entry\build\default\intermediates\loader\default\pkgContextInfo.json cache by regenerate.
[2026-07-26T01:42:48.169] [DEBUG] debug-file - Update task entry:default@ProcessStartupConfig output file:C:\Users\H1314\Desktop\foodkeeper\Foodkeeper-v1.0\entry\build\default\intermediates\startup\default\startup_config.json cache.
[2026-07-26T01:42:48.169] [DEBUG] debug-file - Incremental task entry:default@ProcessStartupConfig post-execution cost:2 ms .
[2026-07-26T01:42:48.169] [DEBUG] debug-file - There is no need to refresh cache, since the incremental task entry:default@ProcessResource is up-to-date.
[2026-07-26T01:42:48.169] [DEBUG] debug-file - There is no need to refresh cache, since the incremental task entry:default@GenerateLoaderJson is up-to-date.
[2026-07-26T01:42:48.170] [DEBUG] debug-file - There is no need to refresh cache, since the incremental task entry:default@ProcessLibs is up-to-date.
[2026-07-26T01:42:48.171] [DEBUG] debug-file - Update task entry:default@CompileResource input file:C:\Users\H1314\Desktop\foodkeeper\Foodkeeper-v1.0\entry\src\main\resources cache from map.
[2026-07-26T01:42:48.171] [DEBUG] debug-file - Update task entry:default@CompileResource input file:C:\Users\H1314\Desktop\foodkeeper\Foodkeeper-v1.0\AppScope\resources cache by regenerate.
[2026-07-26T01:42:48.173] [DEBUG] debug-file - Update task entry:default@CompileResource input file:C:\Users\H1314\Desktop\foodkeeper\Foodkeeper-v1.0\entry\build\default\intermediates\process_profile\default\module.json cache by regenerate.
[2026-07-26T01:42:48.173] [DEBUG] debug-file - Update task entry:default@CompileResource input file:C:\Users\H1314\Desktop\foodkeeper\Foodkeeper-v1.0\entry\build\default\intermediates\res\default\resConfig.json cache by regenerate.
[2026-07-26T01:42:48.174] [DEBUG] debug-file - Update task entry:default@CompileResource output file:C:\Users\H1314\Desktop\foodkeeper\Foodkeeper-v1.0\entry\build\default\intermediates\res\default cache.
[2026-07-26T01:42:48.180] [DEBUG] debug-file - Update task entry:default@CompileResource output file:C:\Users\H1314\Desktop\foodkeeper\Foodkeeper-v1.0\entry\build\default\generated\r\default\ResourceTable.h cache.
[2026-07-26T01:42:48.180] [DEBUG] debug-file - Update task entry:default@CompileResource output file:C:\Users\H1314\Desktop\foodkeeper\Foodkeeper-v1.0\entry\build\default\generated\r\default\ResourceTable.ts cache.
[2026-07-26T01:42:48.181] [DEBUG] debug-file - Update task entry:default@CompileResource output file:C:\Users\H1314\Desktop\foodkeeper\Foodkeeper-v1.0\entry\build\default\generated\r\default cache.
[2026-07-26T01:42:48.183] [DEBUG] debug-file - Incremental task entry:default@CompileResource post-execution cost:13 ms .
[2026-07-26T01:42:48.183] [DEBUG] debug-file - There is no need to refresh cache, since the incremental task entry:default@DoNativeStrip is up-to-date.
[2026-07-26T01:42:48.185] [DEBUG] debug-file - Update task entry:default@CompileArkTS input file:C:\Users\H1314\Desktop\foodkeeper\Foodkeeper-v1.0\entry\build\default\intermediates\loader\default cache by regenerate.
[2026-07-26T01:42:48.186] [DEBUG] debug-file - Update task entry:default@CompileArkTS input file:C:\Users\H1314\Desktop\foodkeeper\Foodkeeper-v1.0\entry\build\default\intermediates\res\default\resources\rawfile cache by regenerate.
[2026-07-26T01:42:48.187] [DEBUG] debug-file - Update task entry:default@CompileArkTS input file:C:\Users\H1314\Desktop\foodkeeper\Foodkeeper-v1.0\entry\build\default\intermediates\res\default\ResourceTable.txt cache from map.
[2026-07-26T01:42:48.187] [DEBUG] debug-file - Update task entry:default@CompileArkTS input file:C:\Users\H1314\Desktop\foodkeeper\Foodkeeper-v1.0\entry\build\default\intermediates\res\default\ark_module.json cache by regenerate.
[2026-07-26T01:42:48.187] [DEBUG] debug-file - Update task entry:default@CompileArkTS input file:C:\Users\H1314\Desktop\foodkeeper\Foodkeeper-v1.0\entry\build\default\intermediates\res\default\resources\base\profile cache by regenerate.
[2026-07-26T01:42:48.188] [DEBUG] debug-file - Update task entry:default@CompileArkTS input file:C:\Users\H1314\Desktop\foodkeeper\Foodkeeper-v1.0\entry\src\main\ets cache by regenerate.
[2026-07-26T01:42:48.192] [DEBUG] debug-file - Update task entry:default@CompileArkTS input file:C:\Users\H1314\Desktop\foodkeeper\Foodkeeper-v1.0\entry\build\default\intermediates\loader\default\pkgContextInfo.json cache by regenerate.
[2026-07-26T01:42:48.192] [DEBUG] debug-file - Update task entry:default@CompileArkTS input file:C:\Users\H1314\Desktop\foodkeeper\Foodkeeper-v1.0\entry\build\default\generated\profile\default\BuildProfile.ets cache by regenerate.
[2026-07-26T01:42:48.193] [DEBUG] debug-file - Update task entry:default@CompileArkTS input file:C:\Users\H1314\Desktop\foodkeeper\Foodkeeper-v1.0\entry\src\mock\mock-config.json5 cache by regenerate.
[2026-07-26T01:42:48.193] [DEBUG] debug-file - Update task entry:default@CompileArkTS output file:C:\Users\H1314\Desktop\foodkeeper\Foodkeeper-v1.0\entry\build\default\intermediates\loader_out\default\ets cache.
[2026-07-26T01:42:48.194] [DEBUG] debug-file - Incremental task entry:default@CompileArkTS post-execution cost:11 ms .
[2026-07-26T01:42:48.195] [DEBUG] debug-file - Update task entry:default@BuildJS input file:C:\Users\H1314\Desktop\foodkeeper\Foodkeeper-v1.0\entry\build\default\intermediates\loader\default cache by regenerate.
[2026-07-26T01:42:48.196] [DEBUG] debug-file - Update task entry:default@BuildJS input file:C:\Users\H1314\Desktop\foodkeeper\Foodkeeper-v1.0\entry\build\default\intermediates\res\default\resources\rawfile cache by regenerate.
[2026-07-26T01:42:48.196] [DEBUG] debug-file - Update task entry:default@BuildJS input file:C:\Users\H1314\Desktop\foodkeeper\Foodkeeper-v1.0\entry\build\default\intermediates\res\default\ResourceTable.txt cache by regenerate.
[2026-07-26T01:42:48.196] [DEBUG] debug-file - Update task entry:default@BuildJS input file:C:\Users\H1314\Desktop\foodkeeper\Foodkeeper-v1.0\entry\build\default\intermediates\res\default\ark_module.json cache by regenerate.
[2026-07-26T01:42:48.197] [DEBUG] debug-file - Update task entry:default@BuildJS input file:C:\Users\H1314\Desktop\foodkeeper\Foodkeeper-v1.0\entry\build\default\intermediates\res\default\resources\base\profile cache by regenerate.
[2026-07-26T01:42:48.197] [DEBUG] debug-file - Update task entry:default@BuildJS input file:C:\Users\H1314\Desktop\foodkeeper\Foodkeeper-v1.0\entry\build\default\intermediates\loader\default\pkgContextInfo.json cache by regenerate.
[2026-07-26T01:42:48.198] [DEBUG] debug-file - Update task entry:default@BuildJS output file:C:\Users\H1314\Desktop\foodkeeper\Foodkeeper-v1.0\entry\build\default\intermediates\loader_out\default\js cache.
[2026-07-26T01:42:48.198] [DEBUG] debug-file - Incremental task entry:default@BuildJS post-execution cost:5 ms .
[2026-07-26T01:42:48.198] [DEBUG] debug-file - There is no need to refresh cache, since the incremental task entry:default@CacheNativeLibs is up-to-date.
[2026-07-26T01:42:48.198] [DEBUG] debug-file - Update task entry:default@GeneratePkgModuleJson input file:C:\Users\H1314\Desktop\foodkeeper\Foodkeeper-v1.0\entry\build\default\intermediates\res\default\module.json cache from map.
[2026-07-26T01:42:48.199] [DEBUG] debug-file - Update task entry:default@GeneratePkgModuleJson output file:C:\Users\H1314\Desktop\foodkeeper\Foodkeeper-v1.0\entry\build\default\intermediates\package\default\module.json cache.
[2026-07-26T01:42:48.199] [DEBUG] debug-file - Incremental task entry:default@GeneratePkgModuleJson post-execution cost:1 ms .
[2026-07-26T01:42:48.199] [DEBUG] debug-file - Incremental task entry:default@ProcessCompiledResources post-execution cost:1 ms .
[2026-07-26T01:42:48.201] [DEBUG] debug-file - Update task entry:default@PackageHap input file:C:\Users\H1314\Desktop\foodkeeper\Foodkeeper-v1.0\entry\build\default\intermediates\stripped_native_libs\default cache by regenerate.
[2026-07-26T01:42:48.201] [DEBUG] debug-file - Update task entry:default@PackageHap input file:C:\Users\H1314\Desktop\foodkeeper\Foodkeeper-v1.0\entry\build\default\intermediates\res\default\module.json cache from map.
[2026-07-26T01:42:48.201] [DEBUG] debug-file - Update task entry:default@PackageHap input file:C:\Users\H1314\Desktop\foodkeeper\Foodkeeper-v1.0\entry\build\default\intermediates\res\default\resources cache by regenerate.
[2026-07-26T01:42:48.204] [DEBUG] debug-file - Update task entry:default@PackageHap input file:C:\Users\H1314\Desktop\foodkeeper\Foodkeeper-v1.0\entry\build\default\intermediates\res\default\resources.index cache by regenerate.
[2026-07-26T01:42:48.204] [DEBUG] debug-file - Update task entry:default@PackageHap input file:C:\Users\H1314\Desktop\foodkeeper\Foodkeeper-v1.0\entry\build\default\outputs\default\pack.info cache by regenerate.
[2026-07-26T01:42:48.205] [DEBUG] debug-file - Update task entry:default@PackageHap input file:C:\Users\H1314\Desktop\foodkeeper\Foodkeeper-v1.0\entry\build\default\intermediates\loader_out\default\ets cache by regenerate.
[2026-07-26T01:42:48.205] [DEBUG] debug-file - Update task entry:default@PackageHap input file:C:\Users\H1314\Desktop\foodkeeper\Foodkeeper-v1.0\entry\build\default\intermediates\loader\default\pkgContextInfo.json cache by regenerate.
[2026-07-26T01:42:48.206] [DEBUG] debug-file - Update task entry:default@PackageHap input file:C:\Users\H1314\Desktop\foodkeeper\Foodkeeper-v1.0\entry\build\default\intermediates\loader_out\default\ets\sourceMaps.map cache by regenerate.
[2026-07-26T01:42:48.206] [DEBUG] debug-file - Update task entry:default@PackageHap input file:C:\Users\H1314\Desktop\foodkeeper\Foodkeeper-v1.0\entry\build\default\generated\profile\default\BuildProfile.ets cache by regenerate.
[2026-07-26T01:42:48.206] [DEBUG] debug-file - Update task entry:default@PackageHap output file:C:\Users\H1314\Desktop\foodkeeper\Foodkeeper-v1.0\entry\build\default\outputs\default\entry-default-unsigned.hap cache.
[2026-07-26T01:42:48.207] [DEBUG] debug-file - Update task entry:default@PackageHap output file:C:\Users\H1314\Desktop\foodkeeper\Foodkeeper-v1.0\entry\build\default\intermediates\source_map\default\sourceMaps.map cache.
[2026-07-26T01:42:48.207] [DEBUG] debug-file - Update task entry:default@PackageHap output file:C:\Users\H1314\Desktop\foodkeeper\Foodkeeper-v1.0\entry\build\default\outputs\default\mapping\sourceMaps.map cache.
[2026-07-26T01:42:48.207] [DEBUG] debug-file - Incremental task entry:default@PackageHap post-execution cost:8 ms .
[2026-07-26T01:42:48.208] [DEBUG] debug-file - Update task entry:default@SignHap input file:C:\Users\H1314\.ohos\config\default_Foodkeeper_KwM1xmT7eCaoGu1P7v-j5W5OtfbSqbdMeQP9Gmso0uM=.cer cache by regenerate.
[2026-07-26T01:42:48.208] [DEBUG] debug-file - Update task entry:default@SignHap input file:C:\Users\H1314\.ohos\config\default_Foodkeeper_KwM1xmT7eCaoGu1P7v-j5W5OtfbSqbdMeQP9Gmso0uM=.p7b cache by regenerate.
[2026-07-26T01:42:48.208] [DEBUG] debug-file - Update task entry:default@SignHap input file:C:\Users\H1314\.ohos\config\default_Foodkeeper_KwM1xmT7eCaoGu1P7v-j5W5OtfbSqbdMeQP9Gmso0uM=.p12 cache by regenerate.
[2026-07-26T01:42:48.209] [DEBUG] debug-file - Update task entry:default@SignHap input file:C:\Users\H1314\Desktop\foodkeeper\Foodkeeper-v1.0\entry\build\default\outputs\default\entry-default-unsigned.hap cache from map.
[2026-07-26T01:42:48.209] [DEBUG] debug-file - Update task entry:default@SignHap output file:C:\Users\H1314\Desktop\foodkeeper\Foodkeeper-v1.0\entry\build\default\outputs\default\entry-default-signed.hap cache.
[2026-07-26T01:42:48.209] [DEBUG] debug-file - Incremental task entry:default@SignHap post-execution cost:2 ms .
[2026-07-26T01:42:48.210] [DEBUG] debug-file - Update task entry:default@CollectDebugSymbol input file:C:\Users\H1314\Desktop\foodkeeper\Foodkeeper-v1.0\entry\build\default\intermediates\loader_out\default\ets\sourceMaps.map cache by regenerate.
[2026-07-26T01:42:48.210] [DEBUG] debug-file - Update task entry:default@CollectDebugSymbol input file:C:\Users\H1314\Desktop\foodkeeper\Foodkeeper-v1.0\entry\build\default\intermediates\libs\default cache by regenerate.
[2026-07-26T01:42:48.211] [DEBUG] debug-file - Update task entry:default@CollectDebugSymbol output file:C:\Users\H1314\Desktop\foodkeeper\Foodkeeper-v1.0\entry\build\default\outputs\default\symbol cache.
[2026-07-26T01:42:48.211] [DEBUG] debug-file - Incremental task entry:default@CollectDebugSymbol post-execution cost:2 ms .
[2026-07-26T01:42:48.257] [DEBUG] debug-file - Cleanup worker 14.
[2026-07-26T01:42:48.258] [DEBUG] debug-file - Worker 14 has been cleaned up.
[2026-07-26T01:42:48.258] [DEBUG] debug-file - Current idle worker size: 1.
[2026-07-26T01:42:48.258] [DEBUG] debug-file - Current resident worker size: 2.
[2026-07-26T01:42:48.258] [DEBUG] debug-file - hvigor build process will be closed.
[2026-07-26T01:42:48.259] [DEBUG] debug-file - java daemon socket close code:1000 reason:close by user
[2026-07-26T01:42:48.275] [DEBUG] debug-file - session manager: send message to worker process.
[2026-07-26T01:42:48.275] [DEBUG] debug-file - session manager: send message to worker process.
[2026-07-26T01:42:48.273] [DEBUG] debug-file - worker[14] exits with exit code 1.
[2026-07-26T01:42:48.275] [DEBUG] debug-file - watch worker: worker id should be larger than 0. Nothing will be sent to any worker thread.
[2026-07-26T01:42:48.278] [DEBUG] debug-file - watch worker: worker id should be larger than 0. Nothing will be sent to any worker thread.
[2026-07-26T01:44:09.040] [DEBUG] debug-file - session manager: set active socket. socketId=uvJuby1Qgyvbb7pzAAAF
[2026-07-26T01:44:09.062] [DEBUG] debug-file - watch worker: worker id should be larger than 0. Nothing will be sent to any worker thread.
[2026-07-26T01:44:09.067] [DEBUG] debug-file - Workers' log level updated to INFO
[2026-07-26T01:44:09.072] [DEBUG] debug-file - Hvigor init with startParameters:{
  hvigorfileTypeCheck: false,
  parallelExecution: true,
  incrementalExecution: true,
  printStackTrace: false,
  daemon: true,
  analyze: 0,
  logLevel: Level { level: 20000, levelStr: 'INFO', colour: 'green' },
  optimizationStrategy: 'memory',
  hotCompile: undefined,
  hotReloadBuild: undefined,
  customizedParam: undefined
}
[2026-07-26T01:44:09.077] [DEBUG] debug-file - Cache service initialization finished in 5 ms 
[2026-07-26T01:44:09.078] [DEBUG] debug-file - hvigorfile, resolving C:\Users\H1314\Desktop\foodkeeper\Foodkeeper-v1.0\hvigorfile.ts
[2026-07-26T01:44:09.085] [DEBUG] debug-file - hvigorfile, require result:  { default: { plugins: [] } }
[2026-07-26T01:44:09.085] [DEBUG] debug-file - hvigorfile, binding system plugins null
[2026-07-26T01:44:09.086] [DEBUG] debug-file - Starting plugin build process
[2026-07-26T01:44:09.086] [DEBUG] debug-file - App plugin prepare start...
[2026-07-26T01:44:09.086] [DEBUG] debug-file - App plugin prepare end...
[2026-07-26T01:44:09.086] [DEBUG] debug-file - App plugin creating...
[2026-07-26T01:44:09.091] [DEBUG] debug-file - App plugin register hook start...
[2026-07-26T01:44:09.091] [DEBUG] debug-file - App plugin register hook end...
[2026-07-26T01:44:09.091] [DEBUG] debug-file - Plugin build process completed
[2026-07-26T01:44:09.092] [DEBUG] debug-file - Start initialize project's product build option map with build mode debug.
[2026-07-26T01:44:09.092] [DEBUG] debug-file - Picking option from product 'default' with build mode 'debug'.
[2026-07-26T01:44:09.092] [DEBUG] debug-file - Product 'default' build option initialized
[2026-07-26T01:44:09.092] [DEBUG] debug-file - End initialize project's product build option map with build mode 'debug'.
[2026-07-26T01:44:09.093] [DEBUG] debug-file - Obtain build option for product 'default'in this build.
[2026-07-26T01:44:09.097] [DEBUG] debug-file - C:\Users\H1314\Desktop\foodkeeper\Foodkeeper-v1.0\build\cache\default\remote_hsp\remoteHspCache.json not exists.
[2026-07-26T01:44:09.101] [DEBUG] debug-file - Start recording SDK configuration permission data.
[2026-07-26T01:44:09.125] [DEBUG] debug-file - Sdk init in 28 ms 
[2026-07-26T01:44:09.129] [DEBUG] debug-file - Project task initialization takes 4 ms 
[2026-07-26T01:44:09.130] [DEBUG] debug-file - hvigorfile, begin to bind custom plugins...
[2026-07-26T01:44:09.130] [DEBUG] debug-file - hvigorfile, no custom plugins were found in C:\Users\H1314\Desktop\foodkeeper\Foodkeeper-v1.0\hvigorfile.ts
[2026-07-26T01:44:09.130] [DEBUG] debug-file - hvigorfile, resolve finished C:\Users\H1314\Desktop\foodkeeper\Foodkeeper-v1.0\hvigorfile.ts
[2026-07-26T01:44:09.130] [DEBUG] debug-file - hvigorfile, resolving C:\Users\H1314\Desktop\foodkeeper\Foodkeeper-v1.0\entry\hvigorfile.ts
[2026-07-26T01:44:09.135] [DEBUG] debug-file - hvigorfile, require result:  { default: { plugins: [] } }
[2026-07-26T01:44:09.135] [DEBUG] debug-file - hvigorfile, binding system plugins null
[2026-07-26T01:44:09.135] [DEBUG] debug-file - Starting plugin build process
[2026-07-26T01:44:09.135] [DEBUG] debug-file - Hap plugin creating...
[2026-07-26T01:44:09.137] [DEBUG] debug-file - failed to load cangjie to dynamically generate schemas: Error: Cannot find module '@ohos/cangjie-build-support/index'
Require stack:
- D:\Soft\DevEco\devecostudio-windows-6.1.1.290\DevEco Studio\tools\hvigor\hvigor-ohos-plugin\src\plugin\hooks\cangjie-register.js
- D:\Soft\DevEco\devecostudio-windows-6.1.1.290\DevEco Studio\tools\hvigor\hvigor-ohos-plugin\src\plugin\strategy\stage-init-strategy.js
- D:\Soft\DevEco\devecostudio-windows-6.1.1.290\DevEco Studio\tools\hvigor\hvigor-ohos-plugin\src\plugin\builder\abstract-plugin-builder.js
- D:\Soft\DevEco\devecostudio-windows-6.1.1.290\DevEco Studio\tools\hvigor\hvigor-ohos-plugin\src\plugin\builder\app-plugin-builder.js
- D:\Soft\DevEco\devecostudio-windows-6.1.1.290\DevEco Studio\tools\hvigor\hvigor-ohos-plugin\src\plugin\factory\plugin-factory.js
- D:\Soft\DevEco\devecostudio-windows-6.1.1.290\DevEco Studio\tools\hvigor\hvigor-ohos-plugin\index.js
- C:\Users\H1314\Desktop\foodkeeper\Foodkeeper-v1.0\hvigorfile.ts
- D:\Soft\DevEco\devecostudio-windows-6.1.1.290\DevEco Studio\tools\hvigor\hvigor\src\base\internal\lifecycle\configuration.js
- D:\Soft\DevEco\devecostudio-windows-6.1.1.290\DevEco Studio\tools\hvigor\hvigor\src\base\boot\index.js
- D:\Soft\DevEco\devecostudio-windows-6.1.1.290\DevEco Studio\tools\hvigor\hvigor\src\base\daemon\cluster\worker-process-lifecycle.js
- D:\Soft\DevEco\devecostudio-windows-6.1.1.290\DevEco Studio\tools\hvigor\hvigor\src\base\daemon\process\daemon-process-boot-script.js
[2026-07-26T01:44:09.139] [DEBUG] debug-file - Start initialize module-target build option map, moduleName=entry, buildMode=debug
[2026-07-26T01:44:09.139] [DEBUG] debug-file - Target 'default' config initialized
[2026-07-26T01:44:09.139] [DEBUG] debug-file - Target 'ohosTest' config initialized
[2026-07-26T01:44:09.140] [DEBUG] debug-file - Module 'entry' target 'default' build option initialized
[2026-07-26T01:44:09.140] [DEBUG] debug-file - Module 'entry' target 'ohosTest' build option initialized
[2026-07-26T01:44:09.140] [DEBUG] debug-file - End initialize module-target build option map, moduleName=entry
[2026-07-26T01:44:09.140] [DEBUG] debug-file - Start initialize module-target build option map, moduleName=entry, buildMode=release
[2026-07-26T01:44:09.140] [DEBUG] debug-file - Target 'default' config initialized
[2026-07-26T01:44:09.141] [DEBUG] debug-file - Target 'ohosTest' config initialized
[2026-07-26T01:44:09.141] [DEBUG] debug-file - Module 'entry' target 'default' build option initialized
[2026-07-26T01:44:09.141] [DEBUG] debug-file - Module 'entry' target 'ohosTest' build option initialized
[2026-07-26T01:44:09.141] [DEBUG] debug-file - End initialize module-target build option map, moduleName=entry
[2026-07-26T01:44:09.141] [DEBUG] debug-file - Start initialize module-target build option map, moduleName=entry, buildMode=debug
[2026-07-26T01:44:09.141] [DEBUG] debug-file - Target 'default' config initialized
[2026-07-26T01:44:09.141] [DEBUG] debug-file - Target 'ohosTest' config initialized
[2026-07-26T01:44:09.141] [DEBUG] debug-file - Module 'entry' target 'default' build option initialized
[2026-07-26T01:44:09.141] [DEBUG] debug-file - Module 'entry' target 'ohosTest' build option initialized
[2026-07-26T01:44:09.141] [DEBUG] debug-file - End initialize module-target build option map, moduleName=entry
[2026-07-26T01:44:09.141] [DEBUG] debug-file - Obtain build option for module 'entry' target 'default'in this build.
[2026-07-26T01:44:09.143] [DEBUG] debug-file - Module entry task initialization takes 1 ms 
[2026-07-26T01:44:09.143] [DEBUG] debug-file - Hap plugin register hook start...
[2026-07-26T01:44:09.143] [DEBUG] debug-file - Hap plugin register hook end...
[2026-07-26T01:44:09.143] [DEBUG] debug-file - Plugin build process completed
[2026-07-26T01:44:09.143] [DEBUG] debug-file - hvigorfile, begin to bind custom plugins...
[2026-07-26T01:44:09.143] [DEBUG] debug-file - hvigorfile, no custom plugins were found in C:\Users\H1314\Desktop\foodkeeper\Foodkeeper-v1.0\entry\hvigorfile.ts
[2026-07-26T01:44:09.143] [DEBUG] debug-file - hvigorfile, resolve finished C:\Users\H1314\Desktop\foodkeeper\Foodkeeper-v1.0\entry\hvigorfile.ts
[2026-07-26T01:44:09.157] [DEBUG] debug-file - hvigorfile, resolve hvigorfile dependencies in 14 ms 
[2026-07-26T01:44:09.157] [DEBUG] debug-file - project has submodules:entry
[2026-07-26T01:44:09.159] [DEBUG] debug-file - start to load updatedOhPackageInfo to the disk
[2026-07-26T01:44:09.162] [DEBUG] debug-file - load to the disk finished
[2026-07-26T01:44:09.162] [DEBUG] debug-file - Start to initialize dependency information.
[2026-07-26T01:44:09.167] [DEBUG] debug-file - Module Foodkeeper-v1.0 Collected Dependency: 
[2026-07-26T01:44:09.167] [DEBUG] debug-file - Module Foodkeeper-v1.0's total dependency: 0
[2026-07-26T01:44:09.168] [DEBUG] debug-file - Start to initialize dependency information.
[2026-07-26T01:44:09.170] [DEBUG] debug-file - Module entry Collected Dependency: 
[2026-07-26T01:44:09.170] [DEBUG] debug-file - Module entry's total dependency: 0
[2026-07-26T01:44:09.171] [DEBUG] debug-file - Configuration phase cost:95 ms 
[2026-07-26T01:44:09.172] [DEBUG] debug-file - Configuration task cost before running: 105 ms 
[2026-07-26T01:44:09.175] [DEBUG] debug-file - Executing task :entry:default@PreBuild
[2026-07-26T01:44:09.177] [DEBUG] debug-file - Task 'entry:default@PreBuild' cost while wrapping incremental declarations: 1 ms 
[2026-07-26T01:44:09.183] [DEBUG] debug-file - Incremental task entry:default@PreBuild pre-execution cost: 5 ms .
[2026-07-26T01:44:09.183] [DEBUG] debug-file - entry : default@PreBuild cost memory 0.63812255859375
[2026-07-26T01:44:09.185] [INFO] debug-file - UP-TO-DATE :entry:default@PreBuild...  
[2026-07-26T01:44:09.186] [DEBUG] debug-file - Executing task :entry:default@CreateModuleInfo
[2026-07-26T01:44:09.186] [DEBUG] debug-file - Task 'entry:default@CreateModuleInfo' cost while wrapping incremental declarations: 1 ms 
[2026-07-26T01:44:09.186] [DEBUG] debug-file - entry : default@CreateModuleInfo cost memory 0.0468292236328125
[2026-07-26T01:44:09.186] [DEBUG] debug-file - runTaskFromQueue task cost before running: 119 ms 
[2026-07-26T01:44:09.187] [INFO] debug-file - Finished :entry:default@CreateModuleInfo... after 1 ms 
[2026-07-26T01:44:09.189] [DEBUG] debug-file - Executing task :entry:default@GenerateMetadata
[2026-07-26T01:44:09.189] [DEBUG] debug-file - Task 'entry:default@GenerateMetadata' cost while wrapping incremental declarations: 1 ms 
[2026-07-26T01:44:09.190] [DEBUG] debug-file - Incremental task entry:default@GenerateMetadata pre-execution cost: 1 ms .
[2026-07-26T01:44:09.190] [DEBUG] debug-file - entry : default@GenerateMetadata cost memory 0.0889892578125
[2026-07-26T01:44:09.190] [INFO] debug-file - UP-TO-DATE :entry:default@GenerateMetadata...  
[2026-07-26T01:44:09.191] [DEBUG] debug-file - Executing task :entry:default@ConfigureCmake
[2026-07-26T01:44:09.191] [DEBUG] debug-file - entry : default@ConfigureCmake cost memory 0.0144805908203125
[2026-07-26T01:44:09.191] [DEBUG] debug-file - runTaskFromQueue task cost before running: 124 ms 
[2026-07-26T01:44:09.191] [INFO] debug-file - Finished :entry:default@ConfigureCmake... after 1 ms 
[2026-07-26T01:44:09.192] [DEBUG] debug-file - Executing task :entry:default@MergeProfile
[2026-07-26T01:44:09.192] [DEBUG] debug-file - Task 'entry:default@MergeProfile' cost while wrapping incremental declarations: 1 ms 
[2026-07-26T01:44:09.193] [DEBUG] debug-file - Incremental task entry:default@MergeProfile pre-execution cost: 2 ms .
[2026-07-26T01:44:09.193] [DEBUG] debug-file - entry : default@MergeProfile cost memory 0.13333892822265625
[2026-07-26T01:44:09.193] [INFO] debug-file - UP-TO-DATE :entry:default@MergeProfile...  
[2026-07-26T01:44:09.194] [DEBUG] debug-file - Executing task :entry:default@CreateBuildProfile
[2026-07-26T01:44:09.194] [DEBUG] debug-file - Task 'entry:default@CreateBuildProfile' cost while wrapping incremental declarations: 1 ms 
[2026-07-26T01:44:09.196] [DEBUG] debug-file - Incremental task entry:default@CreateBuildProfile pre-execution cost: 1 ms .
[2026-07-26T01:44:09.196] [DEBUG] debug-file - entry : default@CreateBuildProfile cost memory -1.5619049072265625
[2026-07-26T01:44:09.196] [INFO] debug-file - UP-TO-DATE :entry:default@CreateBuildProfile...  
[2026-07-26T01:44:09.196] [DEBUG] debug-file - Executing task :entry:default@PreCheckSyscap
[2026-07-26T01:44:09.196] [DEBUG] debug-file - entry : default@PreCheckSyscap cost memory 0.01470184326171875
[2026-07-26T01:44:09.197] [DEBUG] debug-file - runTaskFromQueue task cost before running: 129 ms 
[2026-07-26T01:44:09.197] [INFO] debug-file - Finished :entry:default@PreCheckSyscap... after 1 ms 
[2026-07-26T01:44:09.197] [DEBUG] debug-file - Executing task :entry:default@GeneratePkgContextInfo
[2026-07-26T01:44:09.200] [DEBUG] debug-file - Task 'entry:default@GeneratePkgContextInfo' cost while wrapping incremental declarations: 1 ms 
[2026-07-26T01:44:09.201] [DEBUG] debug-file - Incremental task entry:default@GeneratePkgContextInfo pre-execution cost: 1 ms .
[2026-07-26T01:44:09.201] [DEBUG] debug-file - entry : default@GeneratePkgContextInfo cost memory 0.251861572265625
[2026-07-26T01:44:09.201] [INFO] debug-file - UP-TO-DATE :entry:default@GeneratePkgContextInfo...  
[2026-07-26T01:44:09.201] [DEBUG] debug-file - Executing task :entry:default@GeneratePkgSdkInfo
[2026-07-26T01:44:09.203] [DEBUG] debug-file - Task 'entry:default@GeneratePkgSdkInfo' cost while wrapping incremental declarations: 1 ms 
[2026-07-26T01:44:09.203] [DEBUG] debug-file - entry : default@GeneratePkgSdkInfo cost memory 0.13899993896484375
[2026-07-26T01:44:09.204] [DEBUG] debug-file - runTaskFromQueue task cost before running: 136 ms 
[2026-07-26T01:44:09.204] [INFO] debug-file - Finished :entry:default@GeneratePkgSdkInfo... after 3 ms 
[2026-07-26T01:44:09.207] [DEBUG] debug-file - Executing task :entry:default@ProcessIntegratedHsp
[2026-07-26T01:44:09.207] [DEBUG] debug-file - entry:default@ProcessIntegratedHsp is not up-to-date, since the output file 'C:\Users\H1314\Desktop\foodkeeper\Foodkeeper-v1.0\build\cache\default\integrated_hsp\integratedHspCache.json' does not exist.
[2026-07-26T01:44:09.207] [DEBUG] debug-file - Incremental task entry:default@ProcessIntegratedHsp pre-execution cost: 1 ms .
[2026-07-26T01:44:09.207] [DEBUG] debug-file - entry : default@ProcessIntegratedHsp cost memory 0.05976104736328125
[2026-07-26T01:44:09.208] [DEBUG] debug-file - runTaskFromQueue task cost before running: 140 ms 
[2026-07-26T01:44:09.208] [INFO] debug-file - Finished :entry:default@ProcessIntegratedHsp... after 1 ms 
[2026-07-26T01:44:09.209] [DEBUG] debug-file - Executing task :entry:default@BuildNativeWithCmake
[2026-07-26T01:44:09.209] [DEBUG] debug-file - entry : default@BuildNativeWithCmake cost memory 0.0144805908203125
[2026-07-26T01:44:09.209] [DEBUG] debug-file - runTaskFromQueue task cost before running: 141 ms 
[2026-07-26T01:44:09.209] [INFO] debug-file - Finished :entry:default@BuildNativeWithCmake... after 1 ms 
[2026-07-26T01:44:09.210] [DEBUG] debug-file - Executing task :entry:default@MakePackInfo
[2026-07-26T01:44:09.212] [DEBUG] debug-file - Incremental task entry:default@MakePackInfo pre-execution cost: 2 ms .
[2026-07-26T01:44:09.212] [DEBUG] debug-file - entry : default@MakePackInfo cost memory 0.1452789306640625
[2026-07-26T01:44:09.212] [INFO] debug-file - UP-TO-DATE :entry:default@MakePackInfo...  
[2026-07-26T01:44:09.213] [DEBUG] debug-file - Executing task :entry:default@SyscapTransform
[2026-07-26T01:44:09.213] [DEBUG] debug-file - File: 'C:\Users\H1314\Desktop\foodkeeper\Foodkeeper-v1.0\entry\src\main\syscap.json' from 'sysCapJsonPath' is not exists, just ignore.
[2026-07-26T01:44:09.214] [DEBUG] debug-file - Task 'entry:default@SyscapTransform' cost while wrapping incremental declarations: 1 ms 
[2026-07-26T01:44:09.215] [DEBUG] debug-file - entry:default@SyscapTransform is not up-to-date, since the output file 'C:\Users\H1314\Desktop\foodkeeper\Foodkeeper-v1.0\entry\build\default\intermediates\syscap\default\rpcid.sc' does not exist.
[2026-07-26T01:44:09.216] [DEBUG] debug-file - Incremental task entry:default@SyscapTransform pre-execution cost: 2 ms .
[2026-07-26T01:44:09.216] [DEBUG] debug-file - entry : default@SyscapTransform cost memory 0.1617431640625
[2026-07-26T01:44:09.216] [DEBUG] debug-file - runTaskFromQueue task cost before running: 148 ms 
[2026-07-26T01:44:09.216] [INFO] debug-file - Finished :entry:default@SyscapTransform... after 3 ms 
[2026-07-26T01:44:09.217] [DEBUG] debug-file - Executing task :entry:default@ProcessProfile
[2026-07-26T01:44:09.218] [DEBUG] debug-file - Task 'entry:default@ProcessProfile' cost while wrapping incremental declarations: 1 ms 
[2026-07-26T01:44:09.219] [DEBUG] debug-file - Incremental task entry:default@ProcessProfile pre-execution cost: 1 ms .
[2026-07-26T01:44:09.219] [DEBUG] debug-file - entry : default@ProcessProfile cost memory 0.3752288818359375
[2026-07-26T01:44:09.220] [INFO] debug-file - UP-TO-DATE :entry:default@ProcessProfile...  
[2026-07-26T01:44:09.220] [DEBUG] debug-file - Executing task :entry:default@ProcessRouterMap
[2026-07-26T01:44:09.223] [DEBUG] debug-file - Incremental task entry:default@ProcessRouterMap pre-execution cost: 2 ms .
[2026-07-26T01:44:09.223] [DEBUG] debug-file - entry : default@ProcessRouterMap cost memory 0.18013763427734375
[2026-07-26T01:44:09.223] [INFO] debug-file - UP-TO-DATE :entry:default@ProcessRouterMap...  
[2026-07-26T01:44:09.224] [DEBUG] debug-file - Executing task :entry:default@ProcessShareConfig
[2026-07-26T01:44:09.226] [DEBUG] debug-file - Incremental task entry:default@ProcessShareConfig pre-execution cost: 2 ms .
[2026-07-26T01:44:09.226] [DEBUG] debug-file - entry : default@ProcessShareConfig cost memory 0.1534423828125
[2026-07-26T01:44:09.226] [INFO] debug-file - UP-TO-DATE :entry:default@ProcessShareConfig...  
[2026-07-26T01:44:09.227] [DEBUG] debug-file - Executing task :entry:default@ProcessStartupConfig
[2026-07-26T01:44:09.227] [DEBUG] debug-file - Task 'entry:default@ProcessStartupConfig' cost while wrapping incremental declarations: 1 ms 
[2026-07-26T01:44:09.228] [DEBUG] debug-file - entry:default@ProcessStartupConfig is not up-to-date, since the output file 'C:\Users\H1314\Desktop\foodkeeper\Foodkeeper-v1.0\entry\build\default\intermediates\startup\default\startup_config.json' does not exist.
[2026-07-26T01:44:09.228] [DEBUG] debug-file - Incremental task entry:default@ProcessStartupConfig pre-execution cost: 1 ms .
[2026-07-26T01:44:09.228] [DEBUG] debug-file - entry : default@ProcessStartupConfig cost memory 0.1505126953125
[2026-07-26T01:44:09.228] [DEBUG] debug-file - runTaskFromQueue task cost before running: 161 ms 
[2026-07-26T01:44:09.228] [INFO] debug-file - Finished :entry:default@ProcessStartupConfig... after 2 ms 
[2026-07-26T01:44:09.229] [DEBUG] debug-file - Executing task :entry:default@BuildNativeWithNinja
[2026-07-26T01:44:09.229] [DEBUG] debug-file - entry : default@BuildNativeWithNinja cost memory 0.02497100830078125
[2026-07-26T01:44:09.230] [DEBUG] debug-file - runTaskFromQueue task cost before running: 162 ms 
[2026-07-26T01:44:09.230] [INFO] debug-file - Finished :entry:default@BuildNativeWithNinja... after 1 ms 
[2026-07-26T01:44:09.231] [DEBUG] debug-file - restool module names: entry; moduleName=entry, taskName=default@ProcessResource
[2026-07-26T01:44:09.232] [DEBUG] debug-file - Executing task :entry:default@ProcessResource
[2026-07-26T01:44:09.232] [DEBUG] debug-file - Task 'entry:default@ProcessResource' cost while wrapping incremental declarations: 1 ms 
[2026-07-26T01:44:09.233] [DEBUG] debug-file - Incremental task entry:default@ProcessResource pre-execution cost: 1 ms .
[2026-07-26T01:44:09.233] [DEBUG] debug-file - entry : default@ProcessResource cost memory 0.1519622802734375
[2026-07-26T01:44:09.235] [INFO] debug-file - UP-TO-DATE :entry:default@ProcessResource...  
[2026-07-26T01:44:09.237] [DEBUG] debug-file - Executing task :entry:default@GenerateLoaderJson
[2026-07-26T01:44:09.238] [DEBUG] debug-file - Task 'entry:default@GenerateLoaderJson' cost while wrapping incremental declarations: 1 ms 
[2026-07-26T01:44:09.245] [DEBUG] debug-file - Incremental task entry:default@GenerateLoaderJson pre-execution cost: 5 ms .
[2026-07-26T01:44:09.245] [DEBUG] debug-file - entry : default@GenerateLoaderJson cost memory 0.5839385986328125
[2026-07-26T01:44:09.247] [INFO] debug-file - UP-TO-DATE :entry:default@GenerateLoaderJson...  
[2026-07-26T01:44:09.248] [DEBUG] debug-file - Executing task :entry:default@ProcessLibs
[2026-07-26T01:44:09.250] [DEBUG] debug-file - Incremental task entry:default@ProcessLibs pre-execution cost: 2 ms .
[2026-07-26T01:44:09.250] [DEBUG] debug-file - entry : default@ProcessLibs cost memory 0.11283111572265625
[2026-07-26T01:44:09.251] [INFO] debug-file - UP-TO-DATE :entry:default@ProcessLibs...  
[2026-07-26T01:44:09.252] [DEBUG] debug-file - restool module names: entry; moduleName=entry, taskName=default@CompileResource
[2026-07-26T01:44:09.253] [DEBUG] debug-file - Executing task :entry:default@CompileResource
[2026-07-26T01:44:09.258] [DEBUG] debug-file - entry:default@CompileResource is not up-to-date, since the input file 'C:\Users\H1314\Desktop\foodkeeper\Foodkeeper-v1.0\entry\src\main\resources' has been changed.
[2026-07-26T01:44:09.258] [DEBUG] debug-file - Incremental task entry:default@CompileResource pre-execution cost: 5 ms .
[2026-07-26T01:44:09.260] [DEBUG] debug-file - Use tool [D:\Soft\DevEco\devecostudio-windows-6.1.1.290\DevEco Studio\sdk\default\openharmony\toolchains\restool.exe]
 [
  'D:\\Soft\\DevEco\\devecostudio-windows-6.1.1.290\\DevEco Studio\\sdk\\default\\openharmony\\toolchains\\restool.exe',
  '-l',
  'C:\\Users\\H1314\\Desktop\\foodkeeper\\Foodkeeper-v1.0\\entry\\build\\default\\intermediates\\res\\default\\resConfig.json'
]
[2026-07-26T01:44:09.261] [DEBUG] debug-file - current process  memoryUsage: {
  rss: 524648448,
  heapTotal: 125087744,
  heapUsed: 113944824,
  external: 3139928,
  arrayBuffers: 112361
} os memoryUsage :21.466407775878906
[2026-07-26T01:44:09.404] [DEBUG] debug-file - Info: Pack: normal pack mode

[2026-07-26T01:44:09.459] [DEBUG] debug-file - Info: hardware concurrency count is : 16
Info: thread count is : 16

[2026-07-26T01:44:09.459] [DEBUG] debug-file - Info: thread pool is started

[2026-07-26T01:44:09.461] [DEBUG] debug-file - Info: GenericCompiler::CompileFiles

[2026-07-26T01:44:09.467] [DEBUG] debug-file - Info: GenericCompiler::CompileFiles

[2026-07-26T01:44:09.468] [DEBUG] debug-file - Warning: 'C:\Users\H1314\Desktop\foodkeeper\Foodkeeper-v1.0\entry\src\main\resources\base\media\background.png' is defined repeatedly.
Warning: 'C:\Users\H1314\Desktop\foodkeeper\Foodkeeper-v1.0\entry\src\main\resources\base\media\foreground.png' is defined repeatedly.
Warning: 'C:\Users\H1314\Desktop\foodkeeper\Foodkeeper-v1.0\entry\src\main\resources\base\media\layered_image.json' is defined repeatedly.

[2026-07-26T01:44:09.469] [DEBUG] debug-file - Info: GenericCompiler::CompileFiles

[2026-07-26T01:44:09.475] [DEBUG] debug-file - 07-26 01:44:09.475 27656 34140 E C01400/ImageTranscoderUtils: DecodeToRGBA IN
07-26 01:44:09.475 27656 34140 E C01400/ImageTranscoderUtils: ImageFilter IN C:\Users\H1314\Desktop\foodkeeper\Foodkeeper-v1.0\AppScope\resources\base\media\background.png

[2026-07-26T01:44:09.504] [DEBUG] debug-file - 07-26 01:44:09.504 27656 34140 E C01400/ImageTranscoderUtils: DecodeToRGBA IN
07-26 01:44:09.504 27656 34140 E C01400/ImageTranscoderUtils: ImageFilter IN C:\Users\H1314\Desktop\foodkeeper\Foodkeeper-v1.0\AppScope\resources\base\media\foreground.png

[2026-07-26T01:44:09.547] [DEBUG] debug-file - Info: can't scale media json file.

[2026-07-26T01:44:09.547] [DEBUG] debug-file - Warning: The width or height of the png file referenced by the icon exceeds the limit (41 pixels)
at C:\Users\H1314\Desktop\foodkeeper\Foodkeeper-v1.0\AppScope\resources\base\media\background.png
Warning: The width or height of the png file referenced by the icon exceeds the limit (41 pixels)
at C:\Users\H1314\Desktop\foodkeeper\Foodkeeper-v1.0\AppScope\resources\base\media\foreground.png
Warning: C:\Users\H1314\Desktop\foodkeeper\Foodkeeper-v1.0\AppScope\resources\base\media\layered_image.json is not png format

[2026-07-26T01:44:09.556] [DEBUG] debug-file - Info: restool resources compile success.

[2026-07-26T01:44:09.556] [DEBUG] debug-file - Info: thread pool is stopped

[2026-07-26T01:44:09.617] [DEBUG] debug-file - entry : default@CompileResource cost memory -0.5241012573242188
[2026-07-26T01:44:09.617] [DEBUG] debug-file - runTaskFromQueue task cost before running: 549 ms 
[2026-07-26T01:44:09.618] [INFO] debug-file - Finished :entry:default@CompileResource... after 365 ms 
[2026-07-26T01:44:09.620] [DEBUG] debug-file - Executing task :entry:default@DoNativeStrip
[2026-07-26T01:44:09.620] [DEBUG] debug-file - File: 'C:\Users\H1314\Desktop\foodkeeper\Foodkeeper-v1.0\entry\build\default\intermediates\binxo\default' from 'doBinxoNativeLibs' is not exists, just ignore.
[2026-07-26T01:44:09.620] [DEBUG] debug-file - Task 'entry:default@DoNativeStrip' cost while wrapping incremental declarations: 1 ms 
[2026-07-26T01:44:09.621] [DEBUG] debug-file - Incremental task entry:default@DoNativeStrip pre-execution cost: 1 ms .
[2026-07-26T01:44:09.621] [DEBUG] debug-file - entry : default@DoNativeStrip cost memory 0.0966339111328125
[2026-07-26T01:44:09.621] [INFO] debug-file - UP-TO-DATE :entry:default@DoNativeStrip...  
[2026-07-26T01:44:09.623] [DEBUG] debug-file - Executing task :entry:default@CompileArkTS
[2026-07-26T01:44:09.623] [DEBUG] debug-file - obfuscationOptions: undefined
[2026-07-26T01:44:09.624] [DEBUG] debug-file - Task 'entry:default@CompileArkTS' cost while wrapping incremental declarations: 1 ms 
[2026-07-26T01:44:09.631] [DEBUG] debug-file - entry:default@CompileArkTS is not up-to-date, since the input file 'C:\Users\H1314\Desktop\foodkeeper\Foodkeeper-v1.0\entry\build\default\intermediates\res\default\ResourceTable.txt' has been changed.
[2026-07-26T01:44:09.631] [DEBUG] debug-file - Incremental task entry:default@CompileArkTS pre-execution cost: 6 ms .
[2026-07-26T01:44:09.648] [DEBUG] debug-file - build config:
[2026-07-26T01:44:09.648] [DEBUG] debug-file - {
  moduleType: 'entry',
  perf: 0,
  targetName: '.default',
  packageManagerType: 'ohpm',
  localPropertiesPath: 'C:\\Users\\H1314\\Desktop\\foodkeeper\\Foodkeeper-v1.0\\local.properties',
  isPreview: false,
  isOhosTest: false,
  isLocalTest: false,
  buildMode: 'Debug',
  hotReloadBuild: undefined,
  watchMode: 'false',
  aceProfilePath: 'C:\\Users\\H1314\\Desktop\\foodkeeper\\Foodkeeper-v1.0\\entry\\build\\default\\intermediates\\res\\default\\resources\\base\\profile',
  etsLoaderPath: 'D:\\Soft\\DevEco\\devecostudio-windows-6.1.1.290\\DevEco Studio\\sdk\\default\\openharmony\\ets\\build-tools\\ets-loader',
  modulePath: 'C:\\Users\\H1314\\Desktop\\foodkeeper\\Foodkeeper-v1.0\\entry',
  testFrameworkPar: {
    testMode: undefined,
    coveragePathFilter: undefined,
    coverageMode: undefined
  },
  needCoverageInsert: false,
  debugLine: false,
  projectTopDir: 'C:\\Users\\H1314\\Desktop\\foodkeeper\\Foodkeeper-v1.0',
  compileSdkVersion: 24,
  compatibleSdkVersion: 20,
  originCompatibleSdkVersion: '6.0.0(20)',
  compatibleSdkVersionStage: undefined,
  bundleName: 'c***r',
  etsLoaderVersion: '6.1.1.125',
  etsLoaderReleaseType: 'Release',
  aotCompileMode: 'type',
  apPath: 'C:\\Users\\H1314\\Desktop\\foodkeeper\\Foodkeeper-v1.0\\entry\\modules.ap',
  entryModuleName: 'entry',
  entryModuleVersion: '1.0.0',
  entryPackageName: 'entry',
  allModuleNameHash: '5a8e40311c990954e1242db61f4ac16a53f6772c738d7b9e71c868f46c672df2',
  externalApiPaths: [
    'D:\\Soft\\DevEco\\devecostudio-windows-6.1.1.290\\DevEco Studio\\sdk\\default\\hms\\ets'
  ],
  compilerTypes: [],
  isCrossplatform: false,
  hvigorPluginFile: undefined,
  compilePluginPath: undefined,
  buildGeneratedProfilePath: 'C:\\Users\\H1314\\Desktop\\foodkeeper\\Foodkeeper-v1.0\\entry\\build\\default\\generated\\profile\\default',
  bundleType: 'app',
  arkTSVersion: undefined,
  apiVersion: 24,
  needCompleteSourcesMap: false,
  isFaMode: false,
  buildDir: 'C:\\Users\\H1314\\Desktop\\foodkeeper\\Foodkeeper-v1.0\\entry\\build',
  deviceTypes: [ 'phone' ],
  pkgContextInfo: {
    '@ohos/hypium': {
      packageName: '@ohos/hypium',
      bundleName: '*****',
      moduleName: '',
      version: '1.0.21',
      entryPath: 'index.js',
      isSO: false,
      dependencyAlias: ''
    },
    '@ohos/hamock': {
      packageName: '@ohos/hamock',
      bundleName: '*****',
      moduleName: '',
      version: '1.0.0',
      entryPath: 'index.ets',
      isSO: false,
      dependencyAlias: ''
    },
    entry: {
      packageName: 'entry',
      bundleName: '*****',
      moduleName: '',
      version: '',
      entryPath: 'src/main/',
      isSO: false,
      dependencyAlias: ''
    }
  },
  ohPackagePathMap: {},
  dependencyAliasMap: {},
  permission: { requestPermissions: undefined, definePermissions: undefined },
  useGetCurrentBundleName: false,
  projectArkOption: undefined,
  sourceMapDir: undefined,
  branchElimination: false,
  transformLib: undefined,
  tsImportSendable: false,
  resolveConflictMode: true,
  depName2RootPath: {},
  depName2DepInfo: {},
  depName2OhExports: {},
  rootPathSet: [ 'C:\\Users\\H1314\\Desktop\\foodkeeper\\Foodkeeper-v1.0' ],
  useNativeResolver: true,
  shouldEmitJs: true,
  useTscResolve: false,
  singleFileEmit: false,
  userProjectConfig: {
    autoLazyImport: false,
    allowEmptyBundleName: false,
    reExportCheckMode: 'noCheck',
    executionMode: 'memory',
    usePathPlaceholder: false,
    writeRollupCache: true,
    isExpandImportEnabled: false,
    expandImportExclude: '',
    lazyImportExclude: '',
    lazyImportInclude: '',
    ignoreCrossplatformCheck: false,
    isHarDeduplicateEnabled: false,
    skipOhModulesLint: false,
    enableStrictCheckOHModule: false,
    disableSendableCheckRules: [],
    useDeclarationFileSignature: false,
    customizedOptions: undefined,
    integratedHsp: false,
    isPreloadSoEnabled: false
  },
  executionMode: 'memory',
  arkCompileCachePath: 'C:\\Users\\H1314\\Desktop\\foodkeeper\\Foodkeeper-v1.0\\entry\\build\\default\\cache\\default\\default@CompileArkTS\\esmodule',
  autoLazyFilter: undefined,
  isHarDeduplicateEnabled: false,
  intermediateHarDuplicateDirPath: 'C:\\Users\\H1314\\Desktop\\foodkeeper\\Foodkeeper-v1.0\\entry\\build\\default\\intermediates\\har_duplicate\\default',
  autoLazyImport: false,
  allowEmptyBundleName: false,
  reExportCheckMode: 'noCheck',
  usePathPlaceholder: false,
  writeRollupCache: true,
  isExpandImportEnabled: false,
  expandImportExclude: '',
  lazyImportExclude: '',
  lazyImportInclude: '',
  ignoreCrossplatformCheck: false,
  skipOhModulesLint: false,
  enableStrictCheckOHModule: false,
  disableSendableCheckRules: [],
  useDeclarationFileSignature: false,
  customizedOptions: undefined,
  integratedHsp: false,
  isPreloadSoEnabled: false,
  strictMode: {
    caseSensitiveCheck: true,
    useNormalizedOHMUrl: true,
    noExternalImportByPath: true
  },
  useNormalizedOHMUrl: true,
  caseSensitiveCheck: true,
  strictCheckerOnly: false,
  aceModuleJsonPath: 'C:\\Users\\H1314\\Desktop\\foodkeeper\\Foodkeeper-v1.0\\entry\\build\\default\\intermediates\\res\\default\\ark_module.json',
  appResource: 'C:\\Users\\H1314\\Desktop\\foodkeeper\\Foodkeeper-v1.0\\entry\\build\\default\\intermediates\\res\\default\\ResourceTable.txt',
  rawFileResource: 'C:\\Users\\H1314\\Desktop\\foodkeeper\\Foodkeeper-v1.0\\entry\\build\\default\\intermediates\\res\\default\\resources\\rawfile',
  resourceTableHash: 'd81a83941c07883d4327563ba2cfe0ac7f68042912820a1577b99d29cbd144cc',
  runtimeOS: 'HarmonyOS',
  sdkInfo: 'false:24:6.1.1.125:Release',
  aceModuleRoot: 'C:\\Users\\H1314\\Desktop\\foodkeeper\\Foodkeeper-v1.0\\entry\\src\\main\\ets',
  compileMode: 'esmodule',
  aceSuperVisualPath: 'C:\\Users\\H1314\\Desktop\\foodkeeper\\Foodkeeper-v1.0\\entry\\src\\main\\supervisual',
  aceBuildJson: 'C:\\Users\\H1314\\Desktop\\foodkeeper\\Foodkeeper-v1.0\\entry\\build\\default\\intermediates\\loader\\default\\loader.json',
  cachePath: 'C:\\Users\\H1314\\Desktop\\foodkeeper\\Foodkeeper-v1.0\\entry\\build\\default\\cache\\default\\default@CompileArkTS\\esmodule\\debug',
  aceModuleBuild: 'C:\\Users\\H1314\\Desktop\\foodkeeper\\Foodkeeper-v1.0\\entry\\build\\default\\intermediates\\loader_out\\default\\ets',
  supportChunks: true,
  declaredFilesPath: undefined,
  shouldCollectDirectImportees: false,
  isByteCodeHarOptimize: false,
  expandImportPath: undefined,
  resourceTableTs: 'C:\\Users\\H1314\\Desktop\\foodkeeper\\Foodkeeper-v1.0\\entry\\build\\default\\generated\\r\\default\\ResourceTable.ts',
  moduleMetaInfoFiles: [
    {
      filePath: 'C:\\Users\\H1314\\Desktop\\foodkeeper\\Foodkeeper-v1.0\\entry\\build\\default\\generated\\r\\default\\ResourceTable.ts',
      ohmurl: '&entry/build/generated/r/ResourceTable&'
    }
  ],
  pkgNameToPkgBriefInfo: {
    entry: {
      pkgRoot: 'C:\\Users\\H1314\\Desktop\\foodkeeper\\Foodkeeper-v1.0\\entry',
      originalSourceRoots: undefined,
      sourceRoots: [Array],
      pkgName: 'entry'
    }
  },
  projectModel: {
    'C:\\Users\\H1314\\Desktop\\foodkeeper\\Foodkeeper-v1.0\\entry\\src\\main': {
      moduleName: 'entry',
      modulePkgPath: 'C:\\Users\\H1314\\Desktop\\foodkeeper\\Foodkeeper-v1.0\\entry',
      belongProjectPath: 'C:\\Users\\H1314\\Desktop\\foodkeeper\\Foodkeeper-v1.0'
    },
    'C:\\Users\\H1314\\Desktop\\foodkeeper\\Foodkeeper-v1.0\\entry\\.test\\default\\intermediates\\src\\ohosTest\\ets': {
      moduleName: 'entry_test',
      modulePkgPath: 'C:\\Users\\H1314\\Desktop\\foodkeeper\\Foodkeeper-v1.0\\entry',
      belongProjectPath: 'C:\\Users\\H1314\\Desktop\\foodkeeper\\Foodkeeper-v1.0'
    },
    'C:\\Users\\H1314\\Desktop\\foodkeeper\\Foodkeeper-v1.0\\entry\\src\\ohosTest': {
      moduleName: 'entry_test',
      modulePkgPath: 'C:\\Users\\H1314\\Desktop\\foodkeeper\\Foodkeeper-v1.0\\entry',
      belongProjectPath: 'C:\\Users\\H1314\\Desktop\\foodkeeper\\Foodkeeper-v1.0'
    },
    'C:\\Users\\H1314\\Desktop\\foodkeeper\\Foodkeeper-v1.0\\entry': {
      moduleName: 'entry',
      modulePkgPath: 'C:\\Users\\H1314\\Desktop\\foodkeeper\\Foodkeeper-v1.0\\entry',
      belongProjectPath: 'C:\\Users\\H1314\\Desktop\\foodkeeper\\Foodkeeper-v1.0'
    },
    'C:\\Users\\H1314\\Desktop\\foodkeeper\\Foodkeeper-v1.0': {
      moduleName: 'Foodkeeper-v1.0',
      modulePkgPath: 'C:\\Users\\H1314\\Desktop\\foodkeeper\\Foodkeeper-v1.0',
      belongProjectPath: 'C:\\Users\\H1314\\Desktop\\foodkeeper\\Foodkeeper-v1.0'
    }
  },
  pkgJsonFileHash: '7c73f54ab7f6179c8b46a9f252100c68cf10ae6dd80f95f858f353cadb446f0e',
  allModulePaths: [ 'C:\\Users\\H1314\\Desktop\\foodkeeper\\Foodkeeper-v1.0\\entry' ],
  routerMap: {},
  obfuscationOptions: undefined,
  byteCodeHarToDependencyKeys: undefined,
  compileBlockPkg: [],
  mockParams: {
    decorator: '@MockSetup',
    packageName: '@ohos/hamock',
    etsSourceRootPath: 'src/main/ets',
    mockConfigPath: 'C:\\Users\\H1314\\Desktop\\foodkeeper\\Foodkeeper-v1.0\\entry\\src\\mock\\mock-config.json5',
    mockConfigKey2ModuleInfo: {},
    source2ModuleIdMap: {}
  },
  copyCodeResourceEnable: false,
  copyCodeResourceExcludes: [],
  copyCodeResourceIncludes: undefined,
  uiTransformOptimization: false,
  sdkPath: 'D:/Soft/DevEco/devecostudio-windows-6.1.1.290/DevEco Studio/sdk',
  needPreloadSoFileSet: {},
  preloadSoFilePath: 'C:\\Users\\H1314\\Desktop\\foodkeeper\\Foodkeeper-v1.0\\entry\\build\\default\\intermediates\\preload\\default\\preload.json',
  useSourceHash: false,
  localModuleParamMap: {},
  otherPaths: {
    'entry/*': [
      '..\\*',
      '..\\..\\..\\build\\default\\generated\\profile\\default\\*'
    ]
  },
  collectImportersConfig: undefined
}
[2026-07-26T01:44:09.649] [DEBUG] debug-file - Compile arkts with external api path: D:\Soft\DevEco\devecostudio-windows-6.1.1.290\DevEco Studio\sdk\default\hms\ets
[2026-07-26T01:44:09.650] [DEBUG] debug-file - default@CompileArkTS work[4] is submitted.
[2026-07-26T01:44:09.650] [DEBUG] debug-file - default@CompileArkTS work[4] is pushed to ready queue.
[2026-07-26T01:44:09.650] [DEBUG] debug-file - A work dispatched to worker[15] failed because unable to get work from ready queue.
[2026-07-26T01:44:09.650] [DEBUG] debug-file - A work dispatched to worker[14] failed because unable to get work from ready queue.
[2026-07-26T01:44:09.650] [DEBUG] debug-file - A work dispatched to worker[13] failed because unable to get work from ready queue.
[2026-07-26T01:44:09.651] [DEBUG] debug-file - A work dispatched to worker[12] failed because unable to get work from ready queue.
[2026-07-26T01:44:09.651] [DEBUG] debug-file - A work dispatched to worker[11] failed because unable to get work from ready queue.
[2026-07-26T01:44:09.651] [DEBUG] debug-file - A work dispatched to worker[10] failed because unable to get work from ready queue.
[2026-07-26T01:44:09.651] [DEBUG] debug-file - A work dispatched to worker[9] failed because unable to get work from ready queue.
[2026-07-26T01:44:09.651] [DEBUG] debug-file - A work dispatched to worker[8] failed because unable to get work from ready queue.
[2026-07-26T01:44:09.651] [DEBUG] debug-file - A work dispatched to worker[7] failed because unable to get work from ready queue.
[2026-07-26T01:44:09.651] [DEBUG] debug-file - A work dispatched to worker[6] failed because unable to get work from ready queue.
[2026-07-26T01:44:09.651] [DEBUG] debug-file - A work dispatched to worker[5] failed because unable to get work from ready queue.
[2026-07-26T01:44:09.651] [DEBUG] debug-file - default@CompileArkTS work[4] has been dispatched to worker[4].
[2026-07-26T01:44:09.651] [DEBUG] debug-file - default@CompileArkTS work[4] is dispatched.
[2026-07-26T01:44:09.651] [DEBUG] debug-file - entry : default@CompileArkTS cost memory -0.2716217041015625
[2026-07-26T01:44:09.653] [DEBUG] debug-file - Executing task :entry:default@BuildJS
[2026-07-26T01:44:09.653] [DEBUG] debug-file - Task 'entry:default@BuildJS' cost while wrapping incremental declarations: 1 ms 
[2026-07-26T01:44:09.656] [DEBUG] debug-file - entry : default@BuildJS cost memory 0.17301177978515625
[2026-07-26T01:44:09.657] [DEBUG] debug-file - runTaskFromQueue task cost before running: 589 ms 
[2026-07-26T01:44:09.657] [INFO] debug-file - Finished :entry:default@BuildJS... after 4 ms 
[2026-07-26T01:44:09.658] [DEBUG] debug-file - Executing task :entry:default@CacheNativeLibs
[2026-07-26T01:44:09.659] [DEBUG] debug-file - File: 'C:\Users\H1314\Desktop\foodkeeper\Foodkeeper-v1.0\entry\build\default\intermediates\binxo\default' from 'cacheBinxoNativeLibs' is not exists, just ignore.
[2026-07-26T01:44:09.659] [DEBUG] debug-file - Task 'entry:default@CacheNativeLibs' cost while wrapping incremental declarations: 1 ms 
[2026-07-26T01:44:09.661] [DEBUG] debug-file - Incremental task entry:default@CacheNativeLibs pre-execution cost: 2 ms .
[2026-07-26T01:44:09.661] [DEBUG] debug-file - entry : default@CacheNativeLibs cost memory 0.127960205078125
[2026-07-26T01:44:09.661] [INFO] debug-file - UP-TO-DATE :entry:default@CacheNativeLibs...  
[2026-07-26T01:44:10.439] [WARN] debug-file - [33mWARN: [33m[33mArkTS:WARN File: C:/Users/H1314/Desktop/foodkeeper/Foodkeeper-v1.0/entry/src/main/ets/store/InventoryStore.ets:264:24
 Function may throw exceptions. Special handling is required.
[39m[39m
[33mWARN: [33m[33mArkTS:WARN File: C:/Users/H1314/Desktop/foodkeeper/Foodkeeper-v1.0/entry/src/main/ets/store/InventoryStore.ets:285:24
 Function may throw exceptions. Special handling is required.
[39m[39m
[33mWARN: [33m[33mArkTS:WARN File: C:/Users/H1314/Desktop/foodkeeper/Foodkeeper-v1.0/entry/src/main/ets/store/InventoryStore.ets:343:11
 Function may throw exceptions. Special handling is required.
[39m[39m
[33mWARN: [33m[33mArkTS:WARN File: C:/Users/H1314/Desktop/foodkeeper/Foodkeeper-v1.0/entry/src/main/ets/store/InventoryStore.ets:344:11
 Function may throw exceptions. Special handling is required.
[39m[39m
[33mWARN: [33m[33mArkTS:WARN File: C:/Users/H1314/Desktop/foodkeeper/Foodkeeper-v1.0/entry/src/main/ets/pages/HomePage.ets:34:42
 'matchMediaSync' has been deprecated.
[39m[39m
[33mWARN: [33m[33mArkTS:WARN File: C:/Users/H1314/Desktop/foodkeeper/Foodkeeper-v1.0/entry/src/main/ets/pages/HomePage.ets:113:5
 Function may throw exceptions. Special handling is required.
[39m[39m
[33mWARN: [33m[33mArkTS:WARN File: C:/Users/H1314/Desktop/foodkeeper/Foodkeeper-v1.0/entry/src/main/ets/pages/HomePage.ets:113:12
 'pushUrl' has been deprecated.
[39m[39m
[33mWARN: [33m[33mArkTS:WARN File: C:/Users/H1314/Desktop/foodkeeper/Foodkeeper-v1.0/entry/src/main/ets/pages/HomePage.ets:118:5
 Function may throw exceptions. Special handling is required.
[39m[39m
[33mWARN: [33m[33mArkTS:WARN File: C:/Users/H1314/Desktop/foodkeeper/Foodkeeper-v1.0/entry/src/main/ets/pages/HomePage.ets:118:12
 'pushUrl' has been deprecated.
[39m[39m
[33mWARN: [33m[33mArkTS:WARN File: C:/Users/H1314/Desktop/foodkeeper/Foodkeeper-v1.0/entry/src/main/ets/pages/HomePage.ets:128:5
 Function may throw exceptions. Special handling is required.
[39m[39m
[33mWARN: [33m[33mArkTS:WARN File: C:/Users/H1314/Desktop/foodkeeper/Foodkeeper-v1.0/entry/src/main/ets/pages/HomePage.ets:128:18
 'showToast' has been deprecated.
[39m[39m
[33mWARN: [33m[33mArkTS:WARN File: C:/Users/H1314/Desktop/foodkeeper/Foodkeeper-v1.0/entry/src/main/ets/pages/InventoryPage.ets:132:5
 Function may throw exceptions. Special handling is required.
[39m[39m
[33mWARN: [33m[33mArkTS:WARN File: C:/Users/H1314/Desktop/foodkeeper/Foodkeeper-v1.0/entry/src/main/ets/pages/InventoryPage.ets:132:12
 'pushUrl' has been deprecated.
[39m[39m
[33mWARN: [33m[33mArkTS:WARN File: C:/Users/H1314/Desktop/foodkeeper/Foodkeeper-v1.0/entry/src/main/ets/pages/InventoryPage.ets:136:5
 Function may throw exceptions. Special handling is required.
[39m[39m
[33mWARN: [33m[33mArkTS:WARN File: C:/Users/H1314/Desktop/foodkeeper/Foodkeeper-v1.0/entry/src/main/ets/pages/InventoryPage.ets:136:12
 'pushUrl' has been deprecated.
[39m[39m
[33mWARN: [33m[33mArkTS:WARN File: C:/Users/H1314/Desktop/foodkeeper/Foodkeeper-v1.0/entry/src/main/ets/pages/RecipePage.ets:173:7
 Function may throw exceptions. Special handling is required.
[39m[39m
[33mWARN: [33m[33mArkTS:WARN File: C:/Users/H1314/Desktop/foodkeeper/Foodkeeper-v1.0/entry/src/main/ets/pages/RecipePage.ets:173:20
 'showToast' has been deprecated.
[39m[39m
[33mWARN: [33m[33mArkTS:WARN File: C:/Users/H1314/Desktop/foodkeeper/Foodkeeper-v1.0/entry/src/main/ets/pages/RecipePage.ets:180:5
 Function may throw exceptions. Special handling is required.
[39m[39m
[33mWARN: [33m[33mArkTS:WARN File: C:/Users/H1314/Desktop/foodkeeper/Foodkeeper-v1.0/entry/src/main/ets/pages/RecipePage.ets:180:12
 'pushUrl' has been deprecated.
[39m[39m
[33mWARN: [33m[33mArkTS:WARN File: C:/Users/H1314/Desktop/foodkeeper/Foodkeeper-v1.0/entry/src/main/ets/pages/SettingsPage.ets:35:18
 'showDialog' has been deprecated.
[39m[39m
[33mWARN: [33m[33mArkTS:WARN File: C:/Users/H1314/Desktop/foodkeeper/Foodkeeper-v1.0/entry/src/main/ets/pages/SettingsPage.ets:48:20
 'showToast' has been deprecated.
[39m[39m
[33mWARN: [33m[33mArkTS:WARN File: C:/Users/H1314/Desktop/foodkeeper/Foodkeeper-v1.0/entry/src/main/ets/pages/SettingsPage.ets:60:22
 'showToast' has been deprecated.
[39m[39m
[33mWARN: [33m[33mArkTS:WARN File: C:/Users/H1314/Desktop/foodkeeper/Foodkeeper-v1.0/entry/src/main/ets/pages/SettingsPage.ets:66:22
 'showToast' has been deprecated.
[39m[39m
[33mWARN: [33m[33mArkTS:WARN File: C:/Users/H1314/Desktop/foodkeeper/Foodkeeper-v1.0/entry/src/main/ets/pages/SettingsPage.ets:70:7
 Function may throw exceptions. Special handling is required.
[39m[39m
[33mWARN: [33m[33mArkTS:WARN File: C:/Users/H1314/Desktop/foodkeeper/Foodkeeper-v1.0/entry/src/main/ets/pages/SettingsPage.ets:70:20
 'showToast' has been deprecated.
[39m[39m
[33mWARN: [33m[33mArkTS:WARN File: C:/Users/H1314/Desktop/foodkeeper/Foodkeeper-v1.0/entry/src/main/ets/pages/AddFoodPage.ets:34:27
 'getParams' has been deprecated.
[39m[39m
[33mWARN: [33m[33mArkTS:WARN File: C:/Users/H1314/Desktop/foodkeeper/Foodkeeper-v1.0/entry/src/main/ets/pages/AddFoodPage.ets:144:7
 Function may throw exceptions. Special handling is required.
[39m[39m
[33mWARN: [33m[33mArkTS:WARN File: C:/Users/H1314/Desktop/foodkeeper/Foodkeeper-v1.0/entry/src/main/ets/pages/AddFoodPage.ets:144:20
 'showToast' has been deprecated.
[39m[39m
[33mWARN: [33m[33mArkTS:WARN File: C:/Users/H1314/Desktop/foodkeeper/Foodkeeper-v1.0/entry/src/main/ets/pages/AddFoodPage.ets:149:7
 Function may throw exceptions. Special handling is required.
[39m[39m
[33mWARN: [33m[33mArkTS:WARN File: C:/Users/H1314/Desktop/foodkeeper/Foodkeeper-v1.0/entry/src/main/ets/pages/AddFoodPage.ets:149:20
 'showToast' has been deprecated.
[39m[39m
[33mWARN: [33m[33mArkTS:WARN File: C:/Users/H1314/Desktop/foodkeeper/Foodkeeper-v1.0/entry/src/main/ets/pages/AddFoodPage.ets:169:7
 Function may throw exceptions. Special handling is required.
[39m[39m
[33mWARN: [33m[33mArkTS:WARN File: C:/Users/H1314/Desktop/foodkeeper/Foodkeeper-v1.0/entry/src/main/ets/pages/AddFoodPage.ets:169:20
 'showToast' has been deprecated.
[39m[39m
[33mWARN: [33m[33mArkTS:WARN File: C:/Users/H1314/Desktop/foodkeeper/Foodkeeper-v1.0/entry/src/main/ets/pages/AddFoodPage.ets:184:9
 Function may throw exceptions. Special handling is required.
[39m[39m
[33mWARN: [33m[33mArkTS:WARN File: C:/Users/H1314/Desktop/foodkeeper/Foodkeeper-v1.0/entry/src/main/ets/pages/AddFoodPage.ets:184:22
 'showToast' has been deprecated.
[39m[39m
[33mWARN: [33m[33mArkTS:WARN File: C:/Users/H1314/Desktop/foodkeeper/Foodkeeper-v1.0/entry/src/main/ets/pages/AddFoodPage.ets:186:9
 Function may throw exceptions. Special handling is required.
[39m[39m
[33mWARN: [33m[33mArkTS:WARN File: C:/Users/H1314/Desktop/foodkeeper/Foodkeeper-v1.0/entry/src/main/ets/pages/AddFoodPage.ets:186:22
 'showToast' has been deprecated.
[39m[39m
[33mWARN: [33m[33mArkTS:WARN File: C:/Users/H1314/Desktop/foodkeeper/Foodkeeper-v1.0/entry/src/main/ets/pages/AddFoodPage.ets:190:29
 'back' has been deprecated.
[39m[39m
[33mWARN: [33m[33mArkTS:WARN File: C:/Users/H1314/Desktop/foodkeeper/Foodkeeper-v1.0/entry/src/main/ets/pages/AddFoodPage.ets:196:5
 Function may throw exceptions. Special handling is required.
[39m[39m
[33mWARN: [33m[33mArkTS:WARN File: C:/Users/H1314/Desktop/foodkeeper/Foodkeeper-v1.0/entry/src/main/ets/pages/AddFoodPage.ets:196:18
 'showToast' has been deprecated.
[39m[39m
[33mWARN: [33m[33mArkTS:WARN File: C:/Users/H1314/Desktop/foodkeeper/Foodkeeper-v1.0/entry/src/main/ets/pages/AddFoodPage.ets:197:29
 'back' has been deprecated.
[39m[39m
[33mWARN: [33m[33mArkTS:WARN File: C:/Users/H1314/Desktop/foodkeeper/Foodkeeper-v1.0/entry/src/main/ets/pages/AddFoodPage.ets:207:33
 'back' has been deprecated.
[39m[39m
[33mWARN: [33m[33mArkTS:WARN File: C:/Users/H1314/Desktop/foodkeeper/Foodkeeper-v1.0/entry/src/main/ets/pages/AddFoodPage.ets:481:22
 'show' has been deprecated.
[39m[39m
[33mWARN: [33m[33mArkTS:WARN File: C:/Users/H1314/Desktop/foodkeeper/Foodkeeper-v1.0/entry/src/main/ets/pages/RecipeDetailPage.ets:36:7
 Function may throw exceptions. Special handling is required.
[39m[39m
[33mWARN: [33m[33mArkTS:WARN File: C:/Users/H1314/Desktop/foodkeeper/Foodkeeper-v1.0/entry/src/main/ets/pages/RecipeDetailPage.ets:36:20
 'showToast' has been deprecated.
[39m[39m
[33mWARN: [33m[33mArkTS:WARN File: C:/Users/H1314/Desktop/foodkeeper/Foodkeeper-v1.0/entry/src/main/ets/pages/RecipeDetailPage.ets:37:33
 'back' has been deprecated.
[39m[39m
[33mWARN: [33m[33mArkTS:WARN File: C:/Users/H1314/Desktop/foodkeeper/Foodkeeper-v1.0/entry/src/main/ets/pages/RecipeDetailPage.ets:49:7
 Function may throw exceptions. Special handling is required.
[39m[39m
[33mWARN: [33m[33mArkTS:WARN File: C:/Users/H1314/Desktop/foodkeeper/Foodkeeper-v1.0/entry/src/main/ets/pages/RecipeDetailPage.ets:49:20
 'showToast' has been deprecated.
[39m[39m
[33mWARN: [33m[33mArkTS:WARN File: C:/Users/H1314/Desktop/foodkeeper/Foodkeeper-v1.0/entry/src/main/ets/pages/RecipeDetailPage.ets:71:22
 'showToast' has been deprecated.
[39m[39m
[33mWARN: [33m[33mArkTS:WARN File: C:/Users/H1314/Desktop/foodkeeper/Foodkeeper-v1.0/entry/src/main/ets/pages/RecipeDetailPage.ets:75:22
 'showToast' has been deprecated.
[39m[39m
[33mWARN: [33m[33mArkTS:WARN File: C:/Users/H1314/Desktop/foodkeeper/Foodkeeper-v1.0/entry/src/main/ets/pages/RecipeDetailPage.ets:78:7
 Function may throw exceptions. Special handling is required.
[39m[39m
[33mWARN: [33m[33mArkTS:WARN File: C:/Users/H1314/Desktop/foodkeeper/Foodkeeper-v1.0/entry/src/main/ets/pages/RecipeDetailPage.ets:78:20
 'showToast' has been deprecated.
[39m[39m
[33mWARN: [33m[33mArkTS:WARN File: C:/Users/H1314/Desktop/foodkeeper/Foodkeeper-v1.0/entry/src/main/ets/pages/RecipeDetailPage.ets:86:12
 'back' has been deprecated.
[39m[39m

[2026-07-26T01:44:10.439] [DEBUG] debug-file - Ark compile task finished.finished time is 211023524114200
[2026-07-26T01:44:10.440] [DEBUG] debug-file - worker[4] has one work done.
[2026-07-26T01:44:10.441] [DEBUG] debug-file - default@CompileArkTS work[4] done.
[2026-07-26T01:44:10.444] [INFO] debug-file - Finished :entry:default@CompileArkTS... after 817 ms 
[2026-07-26T01:44:10.445] [DEBUG] debug-file - Executing task :entry:default@GeneratePkgModuleJson
[2026-07-26T01:44:10.445] [DEBUG] debug-file - File: 'C:\Users\H1314\Desktop\foodkeeper\Foodkeeper-v1.0\entry\build\default\intermediates\preload\default\preload.json' from 'preloadSoJsonPath' is not exists, just ignore.
[2026-07-26T01:44:10.445] [DEBUG] debug-file - Error occurs while handling @Input 'shouldDeduplicateHar': The "data" argument must be of type string or an instance of Buffer, TypedArray, or DataView. Received undefined
[2026-07-26T01:44:10.445] [DEBUG] debug-file - Task 'entry:default@GeneratePkgModuleJson' cost while wrapping incremental declarations: 1 ms 
[2026-07-26T01:44:10.446] [DEBUG] debug-file - entry:default@GeneratePkgModuleJson is not up-to-date, since the input file 'C:\Users\H1314\Desktop\foodkeeper\Foodkeeper-v1.0\entry\build\default\intermediates\res\default\module.json' has been changed.
[2026-07-26T01:44:10.446] [DEBUG] debug-file - Incremental task entry:default@GeneratePkgModuleJson pre-execution cost: 1 ms .
[2026-07-26T01:44:10.448] [DEBUG] debug-file - entry : default@GeneratePkgModuleJson cost memory 0.18955230712890625
[2026-07-26T01:44:10.448] [DEBUG] debug-file - runTaskFromQueue task cost before running: 1 s 380 ms 
[2026-07-26T01:44:10.448] [INFO] debug-file - Finished :entry:default@GeneratePkgModuleJson... after 4 ms 
[2026-07-26T01:44:10.449] [DEBUG] debug-file - Executing task :entry:default@ProcessCompiledResources
[2026-07-26T01:44:10.449] [DEBUG] debug-file - File: 'C:\Users\H1314\Desktop\foodkeeper\Foodkeeper-v1.0\entry\build\default\intermediates\preload\default\preload.json' from 'preloadSoJsonPath' is not exists, just ignore.
[2026-07-26T01:44:10.449] [DEBUG] debug-file - Task 'entry:default@ProcessCompiledResources' cost while wrapping incremental declarations: 1 ms 
[2026-07-26T01:44:10.450] [DEBUG] debug-file - entry : default@ProcessCompiledResources cost memory 0.061187744140625
[2026-07-26T01:44:10.450] [DEBUG] debug-file - runTaskFromQueue task cost before running: 1 s 382 ms 
[2026-07-26T01:44:10.450] [INFO] debug-file - Finished :entry:default@ProcessCompiledResources... after 1 ms 
[2026-07-26T01:44:10.453] [DEBUG] debug-file - Executing task :entry:default@PackageHap
[2026-07-26T01:44:10.458] [DEBUG] debug-file - entry:default@PackageHap is not up-to-date, since the input file 'C:\Users\H1314\Desktop\foodkeeper\Foodkeeper-v1.0\entry\build\default\intermediates\res\default\module.json' has been changed.
[2026-07-26T01:44:10.458] [DEBUG] debug-file - Incremental task entry:default@PackageHap pre-execution cost: 3 ms .
[2026-07-26T01:44:10.459] [DEBUG] debug-file - Use tool [D:\Soft\DevEco\devecostudio-windows-6.1.1.290\DevEco Studio\sdk\default\openharmony\toolchains\lib\app_packing_tool.jar]
 [
  'java',
  '-Dfile.encoding=GBK',
  '-jar',
  'D:\\Soft\\DevEco\\devecostudio-windows-6.1.1.290\\DevEco Studio\\sdk\\default\\openharmony\\toolchains\\lib\\app_packing_tool.jar',
  '--mode',
  'hap',
  '--force',
  'true',
  '--lib-path',
  'C:\\Users\\H1314\\Desktop\\foodkeeper\\Foodkeeper-v1.0\\entry\\build\\default\\intermediates\\stripped_native_libs\\default',
  '--json-path',
  'C:\\Users\\H1314\\Desktop\\foodkeeper\\Foodkeeper-v1.0\\entry\\build\\default\\intermediates\\package\\default\\module.json',
  '--resources-path',
  'C:\\Users\\H1314\\Desktop\\foodkeeper\\Foodkeeper-v1.0\\entry\\build\\default\\intermediates\\res\\default\\resources',
  '--index-path',
  'C:\\Users\\H1314\\Desktop\\foodkeeper\\Foodkeeper-v1.0\\entry\\build\\default\\intermediates\\res\\default\\resources.index',
  '--pack-info-path',
  'C:\\Users\\H1314\\Desktop\\foodkeeper\\Foodkeeper-v1.0\\entry\\build\\default\\outputs\\default\\pack.info',
  '--out-path',
  'C:\\Users\\H1314\\Desktop\\foodkeeper\\Foodkeeper-v1.0\\entry\\build\\default\\outputs\\default\\entry-default-unsigned.hap',
  '--ets-path',
  'C:\\Users\\H1314\\Desktop\\foodkeeper\\Foodkeeper-v1.0\\entry\\build\\default\\intermediates\\loader_out\\default\\ets',
  '--pkg-context-path',
  'C:\\Users\\H1314\\Desktop\\foodkeeper\\Foodkeeper-v1.0\\entry\\build\\default\\intermediates\\loader\\default\\pkgContextInfo.json'
]
[2026-07-26T01:44:10.459] [DEBUG] debug-file - default@PackageHap work[5] is submitted.
[2026-07-26T01:44:10.459] [DEBUG] debug-file - default@PackageHap work[5] is pushed to ready queue.
[2026-07-26T01:44:10.460] [DEBUG] debug-file - default@PackageHap work[5] is not dispatched.
[2026-07-26T01:44:10.463] [DEBUG] debug-file - entry : default@PackageHap cost memory 0.4529266357421875
[2026-07-26T01:44:10.561] [DEBUG] debug-file - A work dispatched to worker[15] failed because unable to get work from ready queue.
[2026-07-26T01:44:10.561] [DEBUG] debug-file - Create  resident worker with id: 14.
[2026-07-26T01:44:10.563] [DEBUG] debug-file - default@PackageHap work[5] has been dispatched to worker[14].
[2026-07-26T01:44:12.060] [DEBUG] debug-file - current process  memoryUsage: {
  rss: 603471872,
  heapTotal: 81297408,
  heapUsed: 55610656,
  external: 2474793,
  arrayBuffers: 233116
} os memoryUsage :21.593490600585938
[2026-07-26T01:44:13.089] [DEBUG] debug-file - worker[14] has one work done.
[2026-07-26T01:44:13.090] [DEBUG] debug-file - default@PackageHap work[5] done.
[2026-07-26T01:44:13.090] [DEBUG] debug-file - A work dispatched to worker[14] failed because unable to get work from ready queue.
[2026-07-26T01:44:13.091] [INFO] debug-file - Finished :entry:default@PackageHap... after 1 s 43 ms 
[2026-07-26T01:44:13.092] [DEBUG] debug-file - Executing task :entry:default@PackingCheck
[2026-07-26T01:44:13.097] [DEBUG] debug-file - entry : default@PackingCheck cost memory 0.3844451904296875
[2026-07-26T01:44:13.097] [DEBUG] debug-file - runTaskFromQueue task cost before running: 4 s 30 ms 
[2026-07-26T01:44:13.097] [INFO] debug-file - Finished :entry:default@PackingCheck... after 6 ms 
[2026-07-26T01:44:13.099] [DEBUG] debug-file - Executing task :entry:default@SignHap
[2026-07-26T01:44:13.101] [DEBUG] debug-file - entry:default@SignHap is not up-to-date, since the input file 'C:\Users\H1314\Desktop\foodkeeper\Foodkeeper-v1.0\entry\build\default\outputs\default\entry-default-unsigned.hap' has been changed.
[2026-07-26T01:44:13.101] [DEBUG] debug-file - Incremental task entry:default@SignHap pre-execution cost: 2 ms .
[2026-07-26T01:44:13.146] [DEBUG] debug-file - java daemon socket received message:{"code":0,"message":"verify profile success"}
[2026-07-26T01:44:13.153] [DEBUG] debug-file - java daemon socket close code:1000 reason:close by user
[2026-07-26T01:44:13.274] [DEBUG] debug-file - java daemon socket received message:{"code":0,"message":"sign app success"}
[2026-07-26T01:44:13.275] [DEBUG] debug-file - entry : default@SignHap cost memory -0.9468231201171875
[2026-07-26T01:44:13.275] [DEBUG] debug-file - runTaskFromQueue task cost before running: 4 s 208 ms 
[2026-07-26T01:44:13.276] [INFO] debug-file - Finished :entry:default@SignHap... after 177 ms 
[2026-07-26T01:44:13.277] [DEBUG] debug-file - Executing task :entry:default@CollectDebugSymbol
[2026-07-26T01:44:13.278] [DEBUG] debug-file - entry : default@CollectDebugSymbol cost memory 0.1035308837890625
[2026-07-26T01:44:13.279] [DEBUG] debug-file - runTaskFromQueue task cost before running: 4 s 211 ms 
[2026-07-26T01:44:13.279] [INFO] debug-file - Finished :entry:default@CollectDebugSymbol... after 2 ms 
[2026-07-26T01:44:13.279] [DEBUG] debug-file - Executing task :entry:assembleHap
[2026-07-26T01:44:13.279] [DEBUG] debug-file - entry : assembleHap cost memory 0.012725830078125
[2026-07-26T01:44:13.279] [DEBUG] debug-file - runTaskFromQueue task cost before running: 4 s 212 ms 
[2026-07-26T01:44:13.279] [INFO] debug-file - Finished :entry:assembleHap... after 1 ms 
[2026-07-26T01:44:13.295] [INFO] debug-file - BUILD SUCCESSFUL in 4 s 227 ms 
[2026-07-26T01:44:13.295] [DEBUG] debug-file - There is no need to refresh cache, since the incremental task entry:default@PreBuild is up-to-date.
[2026-07-26T01:44:13.295] [DEBUG] debug-file - Update task entry:default@CreateModuleInfo output file:C:\Users\H1314\Desktop\foodkeeper\Foodkeeper-v1.0\entry\build\default\generated\profile\default\ModuleInfo.ts cache.
[2026-07-26T01:44:13.295] [DEBUG] debug-file - Incremental task entry:default@CreateModuleInfo post-execution cost:1 ms .
[2026-07-26T01:44:13.296] [DEBUG] debug-file - There is no need to refresh cache, since the incremental task entry:default@GenerateMetadata is up-to-date.
[2026-07-26T01:44:13.296] [DEBUG] debug-file - There is no need to refresh cache, since the incremental task entry:default@MergeProfile is up-to-date.
[2026-07-26T01:44:13.296] [DEBUG] debug-file - There is no need to refresh cache, since the incremental task entry:default@CreateBuildProfile is up-to-date.
[2026-07-26T01:44:13.296] [DEBUG] debug-file - There is no need to refresh cache, since the incremental task entry:default@GeneratePkgContextInfo is up-to-date.
[2026-07-26T01:44:13.296] [DEBUG] debug-file - Update task entry:default@GeneratePkgSdkInfo output file:C:\Users\H1314\Desktop\foodkeeper\Foodkeeper-v1.0\entry\build\default\intermediates\loader\default\pkgSdkInfo.json cache.
[2026-07-26T01:44:13.296] [DEBUG] debug-file - Incremental task entry:default@GeneratePkgSdkInfo post-execution cost:1 ms .
[2026-07-26T01:44:13.296] [DEBUG] debug-file - Update task entry:default@ProcessIntegratedHsp output file:C:\Users\H1314\Desktop\foodkeeper\Foodkeeper-v1.0\build\cache\default\integrated_hsp\integratedHspCache.json cache.
[2026-07-26T01:44:13.296] [DEBUG] debug-file - Incremental task entry:default@ProcessIntegratedHsp post-execution cost:1 ms .
[2026-07-26T01:44:13.296] [DEBUG] debug-file - There is no need to refresh cache, since the incremental task entry:default@MakePackInfo is up-to-date.
[2026-07-26T01:44:13.296] [DEBUG] debug-file - Update task entry:default@SyscapTransform input file:D:\Soft\DevEco\devecostudio-windows-6.1.1.290\DevEco Studio\sdk\default\openharmony\toolchains\syscap_tool.exe cache by regenerate.
[2026-07-26T01:44:13.297] [DEBUG] debug-file - Update task entry:default@SyscapTransform input file:D:\Soft\DevEco\devecostudio-windows-6.1.1.290\DevEco Studio\sdk\default\openharmony\ets\api\device-define cache by regenerate.
[2026-07-26T01:44:13.299] [DEBUG] debug-file - Update task entry:default@SyscapTransform output file:C:\Users\H1314\Desktop\foodkeeper\Foodkeeper-v1.0\entry\build\default\intermediates\syscap\default\rpcid.sc cache.
[2026-07-26T01:44:13.299] [DEBUG] debug-file - Incremental task entry:default@SyscapTransform post-execution cost:3 ms .
[2026-07-26T01:44:13.299] [DEBUG] debug-file - There is no need to refresh cache, since the incremental task entry:default@ProcessProfile is up-to-date.
[2026-07-26T01:44:13.299] [DEBUG] debug-file - There is no need to refresh cache, since the incremental task entry:default@ProcessRouterMap is up-to-date.
[2026-07-26T01:44:13.299] [DEBUG] debug-file - There is no need to refresh cache, since the incremental task entry:default@ProcessShareConfig is up-to-date.
[2026-07-26T01:44:13.299] [DEBUG] debug-file - Update task entry:default@ProcessStartupConfig input file:C:\Users\H1314\Desktop\foodkeeper\Foodkeeper-v1.0\entry\build\default\intermediates\loader\default\pkgContextInfo.json cache by regenerate.
[2026-07-26T01:44:13.300] [DEBUG] debug-file - Update task entry:default@ProcessStartupConfig output file:C:\Users\H1314\Desktop\foodkeeper\Foodkeeper-v1.0\entry\build\default\intermediates\startup\default\startup_config.json cache.
[2026-07-26T01:44:13.300] [DEBUG] debug-file - Incremental task entry:default@ProcessStartupConfig post-execution cost:1 ms .
[2026-07-26T01:44:13.300] [DEBUG] debug-file - There is no need to refresh cache, since the incremental task entry:default@ProcessResource is up-to-date.
[2026-07-26T01:44:13.300] [DEBUG] debug-file - There is no need to refresh cache, since the incremental task entry:default@GenerateLoaderJson is up-to-date.
[2026-07-26T01:44:13.300] [DEBUG] debug-file - There is no need to refresh cache, since the incremental task entry:default@ProcessLibs is up-to-date.
[2026-07-26T01:44:13.301] [DEBUG] debug-file - Update task entry:default@CompileResource input file:C:\Users\H1314\Desktop\foodkeeper\Foodkeeper-v1.0\entry\src\main\resources cache from map.
[2026-07-26T01:44:13.301] [DEBUG] debug-file - Update task entry:default@CompileResource input file:C:\Users\H1314\Desktop\foodkeeper\Foodkeeper-v1.0\AppScope\resources cache by regenerate.
[2026-07-26T01:44:13.303] [DEBUG] debug-file - Update task entry:default@CompileResource input file:C:\Users\H1314\Desktop\foodkeeper\Foodkeeper-v1.0\entry\build\default\intermediates\process_profile\default\module.json cache by regenerate.
[2026-07-26T01:44:13.303] [DEBUG] debug-file - Update task entry:default@CompileResource input file:C:\Users\H1314\Desktop\foodkeeper\Foodkeeper-v1.0\entry\build\default\intermediates\res\default\resConfig.json cache by regenerate.
[2026-07-26T01:44:13.303] [DEBUG] debug-file - Update task entry:default@CompileResource output file:C:\Users\H1314\Desktop\foodkeeper\Foodkeeper-v1.0\entry\build\default\intermediates\res\default cache.
[2026-07-26T01:44:13.308] [DEBUG] debug-file - Update task entry:default@CompileResource output file:C:\Users\H1314\Desktop\foodkeeper\Foodkeeper-v1.0\entry\build\default\generated\r\default\ResourceTable.h cache.
[2026-07-26T01:44:13.308] [DEBUG] debug-file - Update task entry:default@CompileResource output file:C:\Users\H1314\Desktop\foodkeeper\Foodkeeper-v1.0\entry\build\default\generated\r\default\ResourceTable.ts cache.
[2026-07-26T01:44:13.309] [DEBUG] debug-file - Update task entry:default@CompileResource output file:C:\Users\H1314\Desktop\foodkeeper\Foodkeeper-v1.0\entry\build\default\generated\r\default cache.
[2026-07-26T01:44:13.309] [DEBUG] debug-file - Incremental task entry:default@CompileResource post-execution cost:10 ms .
[2026-07-26T01:44:13.309] [DEBUG] debug-file - There is no need to refresh cache, since the incremental task entry:default@DoNativeStrip is up-to-date.
[2026-07-26T01:44:13.311] [DEBUG] debug-file - Update task entry:default@CompileArkTS input file:C:\Users\H1314\Desktop\foodkeeper\Foodkeeper-v1.0\entry\build\default\intermediates\loader\default cache by regenerate.
[2026-07-26T01:44:13.312] [DEBUG] debug-file - Update task entry:default@CompileArkTS input file:C:\Users\H1314\Desktop\foodkeeper\Foodkeeper-v1.0\entry\build\default\intermediates\res\default\resources\rawfile cache by regenerate.
[2026-07-26T01:44:13.312] [DEBUG] debug-file - Update task entry:default@CompileArkTS input file:C:\Users\H1314\Desktop\foodkeeper\Foodkeeper-v1.0\entry\build\default\intermediates\res\default\ResourceTable.txt cache from map.
[2026-07-26T01:44:13.312] [DEBUG] debug-file - Update task entry:default@CompileArkTS input file:C:\Users\H1314\Desktop\foodkeeper\Foodkeeper-v1.0\entry\build\default\intermediates\res\default\ark_module.json cache by regenerate.
[2026-07-26T01:44:13.314] [DEBUG] debug-file - Update task entry:default@CompileArkTS input file:C:\Users\H1314\Desktop\foodkeeper\Foodkeeper-v1.0\entry\build\default\intermediates\res\default\resources\base\profile cache by regenerate.
[2026-07-26T01:44:13.315] [DEBUG] debug-file - Update task entry:default@CompileArkTS input file:C:\Users\H1314\Desktop\foodkeeper\Foodkeeper-v1.0\entry\src\main\ets cache by regenerate.
[2026-07-26T01:44:13.319] [DEBUG] debug-file - Update task entry:default@CompileArkTS input file:C:\Users\H1314\Desktop\foodkeeper\Foodkeeper-v1.0\entry\build\default\intermediates\loader\default\pkgContextInfo.json cache by regenerate.
[2026-07-26T01:44:13.320] [DEBUG] debug-file - Update task entry:default@CompileArkTS input file:C:\Users\H1314\Desktop\foodkeeper\Foodkeeper-v1.0\entry\build\default\generated\profile\default\BuildProfile.ets cache by regenerate.
[2026-07-26T01:44:13.320] [DEBUG] debug-file - Update task entry:default@CompileArkTS input file:C:\Users\H1314\Desktop\foodkeeper\Foodkeeper-v1.0\entry\src\mock\mock-config.json5 cache by regenerate.
[2026-07-26T01:44:13.320] [DEBUG] debug-file - Update task entry:default@CompileArkTS output file:C:\Users\H1314\Desktop\foodkeeper\Foodkeeper-v1.0\entry\build\default\intermediates\loader_out\default\ets cache.
[2026-07-26T01:44:13.321] [DEBUG] debug-file - Incremental task entry:default@CompileArkTS post-execution cost:12 ms .
[2026-07-26T01:44:13.323] [DEBUG] debug-file - Update task entry:default@BuildJS input file:C:\Users\H1314\Desktop\foodkeeper\Foodkeeper-v1.0\entry\build\default\intermediates\loader\default cache by regenerate.
[2026-07-26T01:44:13.323] [DEBUG] debug-file - Update task entry:default@BuildJS input file:C:\Users\H1314\Desktop\foodkeeper\Foodkeeper-v1.0\entry\build\default\intermediates\res\default\resources\rawfile cache by regenerate.
[2026-07-26T01:44:13.324] [DEBUG] debug-file - Update task entry:default@BuildJS input file:C:\Users\H1314\Desktop\foodkeeper\Foodkeeper-v1.0\entry\build\default\intermediates\res\default\ResourceTable.txt cache by regenerate.
[2026-07-26T01:44:13.324] [DEBUG] debug-file - Update task entry:default@BuildJS input file:C:\Users\H1314\Desktop\foodkeeper\Foodkeeper-v1.0\entry\build\default\intermediates\res\default\ark_module.json cache by regenerate.
[2026-07-26T01:44:13.324] [DEBUG] debug-file - Update task entry:default@BuildJS input file:C:\Users\H1314\Desktop\foodkeeper\Foodkeeper-v1.0\entry\build\default\intermediates\res\default\resources\base\profile cache by regenerate.
[2026-07-26T01:44:13.325] [DEBUG] debug-file - Update task entry:default@BuildJS input file:C:\Users\H1314\Desktop\foodkeeper\Foodkeeper-v1.0\entry\build\default\intermediates\loader\default\pkgContextInfo.json cache by regenerate.
[2026-07-26T01:44:13.326] [DEBUG] debug-file - Update task entry:default@BuildJS output file:C:\Users\H1314\Desktop\foodkeeper\Foodkeeper-v1.0\entry\build\default\intermediates\loader_out\default\js cache.
[2026-07-26T01:44:13.326] [DEBUG] debug-file - Incremental task entry:default@BuildJS post-execution cost:5 ms .
[2026-07-26T01:44:13.326] [DEBUG] debug-file - There is no need to refresh cache, since the incremental task entry:default@CacheNativeLibs is up-to-date.
[2026-07-26T01:44:13.326] [DEBUG] debug-file - Update task entry:default@GeneratePkgModuleJson input file:C:\Users\H1314\Desktop\foodkeeper\Foodkeeper-v1.0\entry\build\default\intermediates\res\default\module.json cache from map.
[2026-07-26T01:44:13.326] [DEBUG] debug-file - Update task entry:default@GeneratePkgModuleJson output file:C:\Users\H1314\Desktop\foodkeeper\Foodkeeper-v1.0\entry\build\default\intermediates\package\default\module.json cache.
[2026-07-26T01:44:13.326] [DEBUG] debug-file - Incremental task entry:default@GeneratePkgModuleJson post-execution cost:1 ms .
[2026-07-26T01:44:13.326] [DEBUG] debug-file - Incremental task entry:default@ProcessCompiledResources post-execution cost:1 ms .
[2026-07-26T01:44:13.327] [DEBUG] debug-file - Update task entry:default@PackageHap input file:C:\Users\H1314\Desktop\foodkeeper\Foodkeeper-v1.0\entry\build\default\intermediates\stripped_native_libs\default cache by regenerate.
[2026-07-26T01:44:13.328] [DEBUG] debug-file - Update task entry:default@PackageHap input file:C:\Users\H1314\Desktop\foodkeeper\Foodkeeper-v1.0\entry\build\default\intermediates\res\default\module.json cache from map.
[2026-07-26T01:44:13.328] [DEBUG] debug-file - Update task entry:default@PackageHap input file:C:\Users\H1314\Desktop\foodkeeper\Foodkeeper-v1.0\entry\build\default\intermediates\res\default\resources cache by regenerate.
[2026-07-26T01:44:13.330] [DEBUG] debug-file - Update task entry:default@PackageHap input file:C:\Users\H1314\Desktop\foodkeeper\Foodkeeper-v1.0\entry\build\default\intermediates\res\default\resources.index cache by regenerate.
[2026-07-26T01:44:13.331] [DEBUG] debug-file - Update task entry:default@PackageHap input file:C:\Users\H1314\Desktop\foodkeeper\Foodkeeper-v1.0\entry\build\default\outputs\default\pack.info cache by regenerate.
[2026-07-26T01:44:13.331] [DEBUG] debug-file - Update task entry:default@PackageHap input file:C:\Users\H1314\Desktop\foodkeeper\Foodkeeper-v1.0\entry\build\default\intermediates\loader_out\default\ets cache by regenerate.
[2026-07-26T01:44:13.332] [DEBUG] debug-file - Update task entry:default@PackageHap input file:C:\Users\H1314\Desktop\foodkeeper\Foodkeeper-v1.0\entry\build\default\intermediates\loader\default\pkgContextInfo.json cache by regenerate.
[2026-07-26T01:44:13.332] [DEBUG] debug-file - Update task entry:default@PackageHap input file:C:\Users\H1314\Desktop\foodkeeper\Foodkeeper-v1.0\entry\build\default\intermediates\loader_out\default\ets\sourceMaps.map cache by regenerate.
[2026-07-26T01:44:13.332] [DEBUG] debug-file - Update task entry:default@PackageHap input file:C:\Users\H1314\Desktop\foodkeeper\Foodkeeper-v1.0\entry\build\default\generated\profile\default\BuildProfile.ets cache by regenerate.
[2026-07-26T01:44:13.333] [DEBUG] debug-file - Update task entry:default@PackageHap output file:C:\Users\H1314\Desktop\foodkeeper\Foodkeeper-v1.0\entry\build\default\outputs\default\entry-default-unsigned.hap cache.
[2026-07-26T01:44:13.333] [DEBUG] debug-file - Update task entry:default@PackageHap output file:C:\Users\H1314\Desktop\foodkeeper\Foodkeeper-v1.0\entry\build\default\intermediates\source_map\default\sourceMaps.map cache.
[2026-07-26T01:44:13.333] [DEBUG] debug-file - Update task entry:default@PackageHap output file:C:\Users\H1314\Desktop\foodkeeper\Foodkeeper-v1.0\entry\build\default\outputs\default\mapping\sourceMaps.map cache.
[2026-07-26T01:44:13.333] [DEBUG] debug-file - Incremental task entry:default@PackageHap post-execution cost:7 ms .
[2026-07-26T01:44:13.334] [DEBUG] debug-file - Update task entry:default@SignHap input file:C:\Users\H1314\.ohos\config\default_Foodkeeper_KwM1xmT7eCaoGu1P7v-j5W5OtfbSqbdMeQP9Gmso0uM=.cer cache by regenerate.
[2026-07-26T01:44:13.334] [DEBUG] debug-file - Update task entry:default@SignHap input file:C:\Users\H1314\.ohos\config\default_Foodkeeper_KwM1xmT7eCaoGu1P7v-j5W5OtfbSqbdMeQP9Gmso0uM=.p7b cache by regenerate.
[2026-07-26T01:44:13.334] [DEBUG] debug-file - Update task entry:default@SignHap input file:C:\Users\H1314\.ohos\config\default_Foodkeeper_KwM1xmT7eCaoGu1P7v-j5W5OtfbSqbdMeQP9Gmso0uM=.p12 cache by regenerate.
[2026-07-26T01:44:13.335] [DEBUG] debug-file - Update task entry:default@SignHap input file:C:\Users\H1314\Desktop\foodkeeper\Foodkeeper-v1.0\entry\build\default\outputs\default\entry-default-unsigned.hap cache from map.
[2026-07-26T01:44:13.335] [DEBUG] debug-file - Update task entry:default@SignHap output file:C:\Users\H1314\Desktop\foodkeeper\Foodkeeper-v1.0\entry\build\default\outputs\default\entry-default-signed.hap cache.
[2026-07-26T01:44:13.335] [DEBUG] debug-file - Incremental task entry:default@SignHap post-execution cost:2 ms .
[2026-07-26T01:44:13.336] [DEBUG] debug-file - Update task entry:default@CollectDebugSymbol input file:C:\Users\H1314\Desktop\foodkeeper\Foodkeeper-v1.0\entry\build\default\intermediates\loader_out\default\ets\sourceMaps.map cache by regenerate.
[2026-07-26T01:44:13.336] [DEBUG] debug-file - Update task entry:default@CollectDebugSymbol input file:C:\Users\H1314\Desktop\foodkeeper\Foodkeeper-v1.0\entry\build\default\intermediates\libs\default cache by regenerate.
[2026-07-26T01:44:13.336] [DEBUG] debug-file - Update task entry:default@CollectDebugSymbol output file:C:\Users\H1314\Desktop\foodkeeper\Foodkeeper-v1.0\entry\build\default\outputs\default\symbol cache.
[2026-07-26T01:44:13.337] [DEBUG] debug-file - Incremental task entry:default@CollectDebugSymbol post-execution cost:2 ms .
[2026-07-26T01:44:13.370] [DEBUG] debug-file - Cleanup worker 14.
[2026-07-26T01:44:13.370] [DEBUG] debug-file - Worker 14 has been cleaned up.
[2026-07-26T01:44:13.370] [DEBUG] debug-file - Current idle worker size: 1.
[2026-07-26T01:44:13.370] [DEBUG] debug-file - Current resident worker size: 2.
[2026-07-26T01:44:13.371] [DEBUG] debug-file - hvigor build process will be closed.
[2026-07-26T01:44:13.372] [DEBUG] debug-file - java daemon socket close code:1000 reason:close by user
[2026-07-26T01:44:13.376] [DEBUG] debug-file - session manager: send message to worker process.
[2026-07-26T01:44:13.376] [DEBUG] debug-file - session manager: send message to worker process.
[2026-07-26T01:44:13.379] [DEBUG] debug-file - watch worker: worker id should be larger than 0. Nothing will be sent to any worker thread.
[2026-07-26T01:44:13.380] [DEBUG] debug-file - watch worker: worker id should be larger than 0. Nothing will be sent to any worker thread.
[2026-07-26T01:44:13.380] [DEBUG] debug-file - worker[14] exits with exit code 1.
[2026-07-26T01:46:16.658] [DEBUG] debug-file - session manager: set active socket. socketId=1Wn8VGqqVXG2-zLYAAAH
[2026-07-26T01:46:16.678] [DEBUG] debug-file - watch worker: worker id should be larger than 0. Nothing will be sent to any worker thread.
[2026-07-26T01:46:16.681] [DEBUG] debug-file - Workers' log level updated to INFO
[2026-07-26T01:46:16.684] [DEBUG] debug-file - Hvigor init with startParameters:{
  hvigorfileTypeCheck: false,
  parallelExecution: true,
  incrementalExecution: true,
  printStackTrace: false,
  daemon: true,
  analyze: 0,
  logLevel: Level { level: 20000, levelStr: 'INFO', colour: 'green' },
  optimizationStrategy: 'memory',
  hotCompile: undefined,
  hotReloadBuild: undefined,
  customizedParam: undefined
}
[2026-07-26T01:46:16.688] [DEBUG] debug-file - Cache service initialization finished in 5 ms 
[2026-07-26T01:46:16.689] [DEBUG] debug-file - hvigorfile, resolving C:\Users\H1314\Desktop\foodkeeper\Foodkeeper-v1.0\hvigorfile.ts
[2026-07-26T01:46:16.692] [DEBUG] debug-file - hvigorfile, require result:  { default: { plugins: [] } }
[2026-07-26T01:46:16.693] [DEBUG] debug-file - hvigorfile, binding system plugins null
[2026-07-26T01:46:16.693] [DEBUG] debug-file - Starting plugin build process
[2026-07-26T01:46:16.693] [DEBUG] debug-file - App plugin prepare start...
[2026-07-26T01:46:16.693] [DEBUG] debug-file - App plugin prepare end...
[2026-07-26T01:46:16.693] [DEBUG] debug-file - App plugin creating...
[2026-07-26T01:46:16.698] [DEBUG] debug-file - App plugin register hook start...
[2026-07-26T01:46:16.698] [DEBUG] debug-file - App plugin register hook end...
[2026-07-26T01:46:16.698] [DEBUG] debug-file - Plugin build process completed
[2026-07-26T01:46:16.698] [DEBUG] debug-file - Start initialize project's product build option map with build mode debug.
[2026-07-26T01:46:16.698] [DEBUG] debug-file - Picking option from product 'default' with build mode 'debug'.
[2026-07-26T01:46:16.698] [DEBUG] debug-file - Product 'default' build option initialized
[2026-07-26T01:46:16.698] [DEBUG] debug-file - End initialize project's product build option map with build mode 'debug'.
[2026-07-26T01:46:16.699] [DEBUG] debug-file - Obtain build option for product 'default'in this build.
[2026-07-26T01:46:16.701] [DEBUG] debug-file - C:\Users\H1314\Desktop\foodkeeper\Foodkeeper-v1.0\build\cache\default\remote_hsp\remoteHspCache.json not exists.
[2026-07-26T01:46:16.704] [DEBUG] debug-file - Start recording SDK configuration permission data.
[2026-07-26T01:46:16.727] [DEBUG] debug-file - Sdk init in 26 ms 
[2026-07-26T01:46:16.730] [DEBUG] debug-file - Project task initialization takes 3 ms 
[2026-07-26T01:46:16.730] [DEBUG] debug-file - hvigorfile, begin to bind custom plugins...
[2026-07-26T01:46:16.730] [DEBUG] debug-file - hvigorfile, no custom plugins were found in C:\Users\H1314\Desktop\foodkeeper\Foodkeeper-v1.0\hvigorfile.ts
[2026-07-26T01:46:16.730] [DEBUG] debug-file - hvigorfile, resolve finished C:\Users\H1314\Desktop\foodkeeper\Foodkeeper-v1.0\hvigorfile.ts
[2026-07-26T01:46:16.730] [DEBUG] debug-file - hvigorfile, resolving C:\Users\H1314\Desktop\foodkeeper\Foodkeeper-v1.0\entry\hvigorfile.ts
[2026-07-26T01:46:16.734] [DEBUG] debug-file - hvigorfile, require result:  { default: { plugins: [] } }
[2026-07-26T01:46:16.734] [DEBUG] debug-file - hvigorfile, binding system plugins null
[2026-07-26T01:46:16.734] [DEBUG] debug-file - Starting plugin build process
[2026-07-26T01:46:16.735] [DEBUG] debug-file - Hap plugin creating...
[2026-07-26T01:46:16.736] [DEBUG] debug-file - failed to load cangjie to dynamically generate schemas: Error: Cannot find module '@ohos/cangjie-build-support/index'
Require stack:
- D:\Soft\DevEco\devecostudio-windows-6.1.1.290\DevEco Studio\tools\hvigor\hvigor-ohos-plugin\src\plugin\hooks\cangjie-register.js
- D:\Soft\DevEco\devecostudio-windows-6.1.1.290\DevEco Studio\tools\hvigor\hvigor-ohos-plugin\src\plugin\strategy\stage-init-strategy.js
- D:\Soft\DevEco\devecostudio-windows-6.1.1.290\DevEco Studio\tools\hvigor\hvigor-ohos-plugin\src\plugin\builder\abstract-plugin-builder.js
- D:\Soft\DevEco\devecostudio-windows-6.1.1.290\DevEco Studio\tools\hvigor\hvigor-ohos-plugin\src\plugin\builder\app-plugin-builder.js
- D:\Soft\DevEco\devecostudio-windows-6.1.1.290\DevEco Studio\tools\hvigor\hvigor-ohos-plugin\src\plugin\factory\plugin-factory.js
- D:\Soft\DevEco\devecostudio-windows-6.1.1.290\DevEco Studio\tools\hvigor\hvigor-ohos-plugin\index.js
- C:\Users\H1314\Desktop\foodkeeper\Foodkeeper-v1.0\hvigorfile.ts
- D:\Soft\DevEco\devecostudio-windows-6.1.1.290\DevEco Studio\tools\hvigor\hvigor\src\base\internal\lifecycle\configuration.js
- D:\Soft\DevEco\devecostudio-windows-6.1.1.290\DevEco Studio\tools\hvigor\hvigor\src\base\boot\index.js
- D:\Soft\DevEco\devecostudio-windows-6.1.1.290\DevEco Studio\tools\hvigor\hvigor\src\base\daemon\cluster\worker-process-lifecycle.js
- D:\Soft\DevEco\devecostudio-windows-6.1.1.290\DevEco Studio\tools\hvigor\hvigor\src\base\daemon\process\daemon-process-boot-script.js
[2026-07-26T01:46:16.738] [DEBUG] debug-file - Start initialize module-target build option map, moduleName=entry, buildMode=debug
[2026-07-26T01:46:16.738] [DEBUG] debug-file - Target 'default' config initialized
[2026-07-26T01:46:16.739] [DEBUG] debug-file - Target 'ohosTest' config initialized
[2026-07-26T01:46:16.739] [DEBUG] debug-file - Module 'entry' target 'default' build option initialized
[2026-07-26T01:46:16.739] [DEBUG] debug-file - Module 'entry' target 'ohosTest' build option initialized
[2026-07-26T01:46:16.739] [DEBUG] debug-file - End initialize module-target build option map, moduleName=entry
[2026-07-26T01:46:16.740] [DEBUG] debug-file - Start initialize module-target build option map, moduleName=entry, buildMode=release
[2026-07-26T01:46:16.740] [DEBUG] debug-file - Target 'default' config initialized
[2026-07-26T01:46:16.740] [DEBUG] debug-file - Target 'ohosTest' config initialized
[2026-07-26T01:46:16.740] [DEBUG] debug-file - Module 'entry' target 'default' build option initialized
[2026-07-26T01:46:16.740] [DEBUG] debug-file - Module 'entry' target 'ohosTest' build option initialized
[2026-07-26T01:46:16.740] [DEBUG] debug-file - End initialize module-target build option map, moduleName=entry
[2026-07-26T01:46:16.740] [DEBUG] debug-file - Start initialize module-target build option map, moduleName=entry, buildMode=debug
[2026-07-26T01:46:16.740] [DEBUG] debug-file - Target 'default' config initialized
[2026-07-26T01:46:16.740] [DEBUG] debug-file - Target 'ohosTest' config initialized
[2026-07-26T01:46:16.740] [DEBUG] debug-file - Module 'entry' target 'default' build option initialized
[2026-07-26T01:46:16.740] [DEBUG] debug-file - Module 'entry' target 'ohosTest' build option initialized
[2026-07-26T01:46:16.740] [DEBUG] debug-file - End initialize module-target build option map, moduleName=entry
[2026-07-26T01:46:16.740] [DEBUG] debug-file - Obtain build option for module 'entry' target 'default'in this build.
[2026-07-26T01:46:16.741] [DEBUG] debug-file - Module entry task initialization takes 1 ms 
[2026-07-26T01:46:16.741] [DEBUG] debug-file - Hap plugin register hook start...
[2026-07-26T01:46:16.741] [DEBUG] debug-file - Hap plugin register hook end...
[2026-07-26T01:46:16.741] [DEBUG] debug-file - Plugin build process completed
[2026-07-26T01:46:16.742] [DEBUG] debug-file - hvigorfile, begin to bind custom plugins...
[2026-07-26T01:46:16.742] [DEBUG] debug-file - hvigorfile, no custom plugins were found in C:\Users\H1314\Desktop\foodkeeper\Foodkeeper-v1.0\entry\hvigorfile.ts
[2026-07-26T01:46:16.742] [DEBUG] debug-file - hvigorfile, resolve finished C:\Users\H1314\Desktop\foodkeeper\Foodkeeper-v1.0\entry\hvigorfile.ts
[2026-07-26T01:46:16.756] [DEBUG] debug-file - hvigorfile, resolve hvigorfile dependencies in 14 ms 
[2026-07-26T01:46:16.756] [DEBUG] debug-file - project has submodules:entry
[2026-07-26T01:46:16.757] [DEBUG] debug-file - start to load updatedOhPackageInfo to the disk
[2026-07-26T01:46:16.760] [DEBUG] debug-file - load to the disk finished
[2026-07-26T01:46:16.761] [DEBUG] debug-file - Start to initialize dependency information.
[2026-07-26T01:46:16.766] [DEBUG] debug-file - Module Foodkeeper-v1.0 Collected Dependency: 
[2026-07-26T01:46:16.766] [DEBUG] debug-file - Module Foodkeeper-v1.0's total dependency: 0
[2026-07-26T01:46:16.767] [DEBUG] debug-file - Start to initialize dependency information.
[2026-07-26T01:46:16.770] [DEBUG] debug-file - Module entry Collected Dependency: 
[2026-07-26T01:46:16.770] [DEBUG] debug-file - Module entry's total dependency: 0
[2026-07-26T01:46:16.771] [DEBUG] debug-file - Configuration phase cost:84 ms 
[2026-07-26T01:46:16.772] [DEBUG] debug-file - Configuration task cost before running: 91 ms 
[2026-07-26T01:46:16.775] [DEBUG] debug-file - Executing task :entry:default@PreBuild
[2026-07-26T01:46:16.778] [DEBUG] debug-file - Task 'entry:default@PreBuild' cost while wrapping incremental declarations: 1 ms 
[2026-07-26T01:46:16.785] [DEBUG] debug-file - Incremental task entry:default@PreBuild pre-execution cost: 6 ms .
[2026-07-26T01:46:16.785] [DEBUG] debug-file - entry : default@PreBuild cost memory -1.16265869140625
[2026-07-26T01:46:16.787] [INFO] debug-file - UP-TO-DATE :entry:default@PreBuild...  
[2026-07-26T01:46:16.788] [DEBUG] debug-file - Executing task :entry:default@CreateModuleInfo
[2026-07-26T01:46:16.788] [DEBUG] debug-file - Task 'entry:default@CreateModuleInfo' cost while wrapping incremental declarations: 1 ms 
[2026-07-26T01:46:16.788] [DEBUG] debug-file - entry : default@CreateModuleInfo cost memory 0.04189300537109375
[2026-07-26T01:46:16.788] [DEBUG] debug-file - runTaskFromQueue task cost before running: 107 ms 
[2026-07-26T01:46:16.789] [INFO] debug-file - Finished :entry:default@CreateModuleInfo... after 1 ms 
[2026-07-26T01:46:16.791] [DEBUG] debug-file - Executing task :entry:default@GenerateMetadata
[2026-07-26T01:46:16.792] [DEBUG] debug-file - Task 'entry:default@GenerateMetadata' cost while wrapping incremental declarations: 1 ms 
[2026-07-26T01:46:16.792] [DEBUG] debug-file - Incremental task entry:default@GenerateMetadata pre-execution cost: 1 ms .
[2026-07-26T01:46:16.792] [DEBUG] debug-file - entry : default@GenerateMetadata cost memory 0.08713531494140625
[2026-07-26T01:46:16.793] [INFO] debug-file - UP-TO-DATE :entry:default@GenerateMetadata...  
[2026-07-26T01:46:16.793] [DEBUG] debug-file - Executing task :entry:default@ConfigureCmake
[2026-07-26T01:46:16.793] [DEBUG] debug-file - entry : default@ConfigureCmake cost memory 0.0144805908203125
[2026-07-26T01:46:16.793] [DEBUG] debug-file - runTaskFromQueue task cost before running: 112 ms 
[2026-07-26T01:46:16.793] [INFO] debug-file - Finished :entry:default@ConfigureCmake... after 1 ms 
[2026-07-26T01:46:16.794] [DEBUG] debug-file - Executing task :entry:default@MergeProfile
[2026-07-26T01:46:16.794] [DEBUG] debug-file - Task 'entry:default@MergeProfile' cost while wrapping incremental declarations: 1 ms 
[2026-07-26T01:46:16.796] [DEBUG] debug-file - Incremental task entry:default@MergeProfile pre-execution cost: 2 ms .
[2026-07-26T01:46:16.796] [DEBUG] debug-file - entry : default@MergeProfile cost memory 0.1264495849609375
[2026-07-26T01:46:16.796] [INFO] debug-file - UP-TO-DATE :entry:default@MergeProfile...  
[2026-07-26T01:46:16.797] [DEBUG] debug-file - Executing task :entry:default@CreateBuildProfile
[2026-07-26T01:46:16.797] [DEBUG] debug-file - Task 'entry:default@CreateBuildProfile' cost while wrapping incremental declarations: 1 ms 
[2026-07-26T01:46:16.798] [DEBUG] debug-file - Incremental task entry:default@CreateBuildProfile pre-execution cost: 1 ms .
[2026-07-26T01:46:16.798] [DEBUG] debug-file - entry : default@CreateBuildProfile cost memory 0.10527801513671875
[2026-07-26T01:46:16.798] [INFO] debug-file - UP-TO-DATE :entry:default@CreateBuildProfile...  
[2026-07-26T01:46:16.799] [DEBUG] debug-file - Executing task :entry:default@PreCheckSyscap
[2026-07-26T01:46:16.799] [DEBUG] debug-file - entry : default@PreCheckSyscap cost memory 0.01470184326171875
[2026-07-26T01:46:16.799] [DEBUG] debug-file - runTaskFromQueue task cost before running: 118 ms 
[2026-07-26T01:46:16.799] [INFO] debug-file - Finished :entry:default@PreCheckSyscap... after 1 ms 
[2026-07-26T01:46:16.801] [DEBUG] debug-file - Executing task :entry:default@GeneratePkgContextInfo
[2026-07-26T01:46:16.804] [DEBUG] debug-file - Task 'entry:default@GeneratePkgContextInfo' cost while wrapping incremental declarations: 1 ms 
[2026-07-26T01:46:16.804] [DEBUG] debug-file - Incremental task entry:default@GeneratePkgContextInfo pre-execution cost: 1 ms .
[2026-07-26T01:46:16.804] [DEBUG] debug-file - entry : default@GeneratePkgContextInfo cost memory 0.23183441162109375
[2026-07-26T01:46:16.804] [INFO] debug-file - UP-TO-DATE :entry:default@GeneratePkgContextInfo...  
[2026-07-26T01:46:16.805] [DEBUG] debug-file - Executing task :entry:default@GeneratePkgSdkInfo
[2026-07-26T01:46:16.807] [DEBUG] debug-file - Task 'entry:default@GeneratePkgSdkInfo' cost while wrapping incremental declarations: 1 ms 
[2026-07-26T01:46:16.807] [DEBUG] debug-file - entry : default@GeneratePkgSdkInfo cost memory 0.1394195556640625
[2026-07-26T01:46:16.807] [DEBUG] debug-file - runTaskFromQueue task cost before running: 126 ms 
[2026-07-26T01:46:16.807] [INFO] debug-file - Finished :entry:default@GeneratePkgSdkInfo... after 3 ms 
[2026-07-26T01:46:16.811] [DEBUG] debug-file - Executing task :entry:default@ProcessIntegratedHsp
[2026-07-26T01:46:16.811] [DEBUG] debug-file - entry:default@ProcessIntegratedHsp is not up-to-date, since the output file 'C:\Users\H1314\Desktop\foodkeeper\Foodkeeper-v1.0\build\cache\default\integrated_hsp\integratedHspCache.json' does not exist.
[2026-07-26T01:46:16.811] [DEBUG] debug-file - Incremental task entry:default@ProcessIntegratedHsp pre-execution cost: 1 ms .
[2026-07-26T01:46:16.811] [DEBUG] debug-file - entry : default@ProcessIntegratedHsp cost memory 0.0595855712890625
[2026-07-26T01:46:16.811] [DEBUG] debug-file - runTaskFromQueue task cost before running: 130 ms 
[2026-07-26T01:46:16.811] [INFO] debug-file - Finished :entry:default@ProcessIntegratedHsp... after 1 ms 
[2026-07-26T01:46:16.812] [DEBUG] debug-file - Executing task :entry:default@BuildNativeWithCmake
[2026-07-26T01:46:16.813] [DEBUG] debug-file - entry : default@BuildNativeWithCmake cost memory 0.0144805908203125
[2026-07-26T01:46:16.813] [DEBUG] debug-file - runTaskFromQueue task cost before running: 132 ms 
[2026-07-26T01:46:16.813] [INFO] debug-file - Finished :entry:default@BuildNativeWithCmake... after 1 ms 
[2026-07-26T01:46:16.814] [DEBUG] debug-file - Executing task :entry:default@MakePackInfo
[2026-07-26T01:46:16.816] [DEBUG] debug-file - Incremental task entry:default@MakePackInfo pre-execution cost: 2 ms .
[2026-07-26T01:46:16.816] [DEBUG] debug-file - entry : default@MakePackInfo cost memory 0.13620758056640625
[2026-07-26T01:46:16.817] [INFO] debug-file - UP-TO-DATE :entry:default@MakePackInfo...  
[2026-07-26T01:46:16.818] [DEBUG] debug-file - Executing task :entry:default@SyscapTransform
[2026-07-26T01:46:16.818] [DEBUG] debug-file - File: 'C:\Users\H1314\Desktop\foodkeeper\Foodkeeper-v1.0\entry\src\main\syscap.json' from 'sysCapJsonPath' is not exists, just ignore.
[2026-07-26T01:46:16.819] [DEBUG] debug-file - Task 'entry:default@SyscapTransform' cost while wrapping incremental declarations: 1 ms 
[2026-07-26T01:46:16.821] [DEBUG] debug-file - entry:default@SyscapTransform is not up-to-date, since the output file 'C:\Users\H1314\Desktop\foodkeeper\Foodkeeper-v1.0\entry\build\default\intermediates\syscap\default\rpcid.sc' does not exist.
[2026-07-26T01:46:16.821] [DEBUG] debug-file - Incremental task entry:default@SyscapTransform pre-execution cost: 2 ms .
[2026-07-26T01:46:16.821] [DEBUG] debug-file - entry : default@SyscapTransform cost memory 0.15406036376953125
[2026-07-26T01:46:16.821] [DEBUG] debug-file - runTaskFromQueue task cost before running: 140 ms 
[2026-07-26T01:46:16.821] [INFO] debug-file - Finished :entry:default@SyscapTransform... after 4 ms 
[2026-07-26T01:46:16.822] [DEBUG] debug-file - Executing task :entry:default@ProcessProfile
[2026-07-26T01:46:16.822] [DEBUG] debug-file - Task 'entry:default@ProcessProfile' cost while wrapping incremental declarations: 1 ms 
[2026-07-26T01:46:16.823] [DEBUG] debug-file - Incremental task entry:default@ProcessProfile pre-execution cost: 1 ms .
[2026-07-26T01:46:16.823] [DEBUG] debug-file - entry : default@ProcessProfile cost memory 0.13066864013671875
[2026-07-26T01:46:16.823] [INFO] debug-file - UP-TO-DATE :entry:default@ProcessProfile...  
[2026-07-26T01:46:16.824] [DEBUG] debug-file - Executing task :entry:default@ProcessRouterMap
[2026-07-26T01:46:16.826] [DEBUG] debug-file - Incremental task entry:default@ProcessRouterMap pre-execution cost: 2 ms .
[2026-07-26T01:46:16.827] [DEBUG] debug-file - entry : default@ProcessRouterMap cost memory 0.17299652099609375
[2026-07-26T01:46:16.827] [INFO] debug-file - UP-TO-DATE :entry:default@ProcessRouterMap...  
[2026-07-26T01:46:16.828] [DEBUG] debug-file - Executing task :entry:default@ProcessShareConfig
[2026-07-26T01:46:16.830] [DEBUG] debug-file - Incremental task entry:default@ProcessShareConfig pre-execution cost: 2 ms .
[2026-07-26T01:46:16.830] [DEBUG] debug-file - entry : default@ProcessShareConfig cost memory 0.14886474609375
[2026-07-26T01:46:16.830] [INFO] debug-file - UP-TO-DATE :entry:default@ProcessShareConfig...  
[2026-07-26T01:46:16.832] [DEBUG] debug-file - Executing task :entry:default@ProcessStartupConfig
[2026-07-26T01:46:16.832] [DEBUG] debug-file - Task 'entry:default@ProcessStartupConfig' cost while wrapping incremental declarations: 1 ms 
[2026-07-26T01:46:16.833] [DEBUG] debug-file - entry:default@ProcessStartupConfig is not up-to-date, since the output file 'C:\Users\H1314\Desktop\foodkeeper\Foodkeeper-v1.0\entry\build\default\intermediates\startup\default\startup_config.json' does not exist.
[2026-07-26T01:46:16.833] [DEBUG] debug-file - Incremental task entry:default@ProcessStartupConfig pre-execution cost: 1 ms .
[2026-07-26T01:46:16.834] [DEBUG] debug-file - entry : default@ProcessStartupConfig cost memory 0.14760589599609375
[2026-07-26T01:46:16.834] [DEBUG] debug-file - runTaskFromQueue task cost before running: 153 ms 
[2026-07-26T01:46:16.834] [INFO] debug-file - Finished :entry:default@ProcessStartupConfig... after 2 ms 
[2026-07-26T01:46:16.835] [DEBUG] debug-file - Executing task :entry:default@BuildNativeWithNinja
[2026-07-26T01:46:16.836] [DEBUG] debug-file - entry : default@BuildNativeWithNinja cost memory 0.02213287353515625
[2026-07-26T01:46:16.836] [DEBUG] debug-file - runTaskFromQueue task cost before running: 155 ms 
[2026-07-26T01:46:16.836] [INFO] debug-file - Finished :entry:default@BuildNativeWithNinja... after 1 ms 
[2026-07-26T01:46:16.837] [DEBUG] debug-file - restool module names: entry; moduleName=entry, taskName=default@ProcessResource
[2026-07-26T01:46:16.838] [DEBUG] debug-file - Executing task :entry:default@ProcessResource
[2026-07-26T01:46:16.839] [DEBUG] debug-file - Task 'entry:default@ProcessResource' cost while wrapping incremental declarations: 1 ms 
[2026-07-26T01:46:16.840] [DEBUG] debug-file - Incremental task entry:default@ProcessResource pre-execution cost: 1 ms .
[2026-07-26T01:46:16.840] [DEBUG] debug-file - entry : default@ProcessResource cost memory 0.15012359619140625
[2026-07-26T01:46:16.841] [INFO] debug-file - UP-TO-DATE :entry:default@ProcessResource...  
[2026-07-26T01:46:16.843] [DEBUG] debug-file - Executing task :entry:default@GenerateLoaderJson
[2026-07-26T01:46:16.843] [DEBUG] debug-file - Task 'entry:default@GenerateLoaderJson' cost while wrapping incremental declarations: 1 ms 
[2026-07-26T01:46:16.851] [DEBUG] debug-file - Incremental task entry:default@GenerateLoaderJson pre-execution cost: 4 ms .
[2026-07-26T01:46:16.851] [DEBUG] debug-file - entry : default@GenerateLoaderJson cost memory 0.5697021484375
[2026-07-26T01:46:16.854] [INFO] debug-file - UP-TO-DATE :entry:default@GenerateLoaderJson...  
[2026-07-26T01:46:16.855] [DEBUG] debug-file - Executing task :entry:default@ProcessLibs
[2026-07-26T01:46:16.857] [DEBUG] debug-file - Incremental task entry:default@ProcessLibs pre-execution cost: 2 ms .
[2026-07-26T01:46:16.857] [DEBUG] debug-file - entry : default@ProcessLibs cost memory 0.11000823974609375
[2026-07-26T01:46:16.857] [INFO] debug-file - UP-TO-DATE :entry:default@ProcessLibs...  
[2026-07-26T01:46:16.858] [DEBUG] debug-file - restool module names: entry; moduleName=entry, taskName=default@CompileResource
[2026-07-26T01:46:16.859] [DEBUG] debug-file - Executing task :entry:default@CompileResource
[2026-07-26T01:46:16.864] [DEBUG] debug-file - entry:default@CompileResource is not up-to-date, since the input file 'C:\Users\H1314\Desktop\foodkeeper\Foodkeeper-v1.0\entry\src\main\resources' has been changed.
[2026-07-26T01:46:16.864] [DEBUG] debug-file - Incremental task entry:default@CompileResource pre-execution cost: 5 ms .
[2026-07-26T01:46:16.865] [DEBUG] debug-file - Use tool [D:\Soft\DevEco\devecostudio-windows-6.1.1.290\DevEco Studio\sdk\default\openharmony\toolchains\restool.exe]
 [
  'D:\\Soft\\DevEco\\devecostudio-windows-6.1.1.290\\DevEco Studio\\sdk\\default\\openharmony\\toolchains\\restool.exe',
  '-l',
  'C:\\Users\\H1314\\Desktop\\foodkeeper\\Foodkeeper-v1.0\\entry\\build\\default\\intermediates\\res\\default\\resConfig.json'
]
[2026-07-26T01:46:16.866] [DEBUG] debug-file - current process  memoryUsage: {
  rss: 523513856,
  heapTotal: 127078400,
  heapUsed: 119202768,
  external: 3165390,
  arrayBuffers: 137823
} os memoryUsage :21.49004364013672
[2026-07-26T01:46:16.992] [DEBUG] debug-file - Info: Pack: normal pack mode

[2026-07-26T01:46:17.048] [DEBUG] debug-file - Info: hardware concurrency count is : 16
Info: thread count is : 16

[2026-07-26T01:46:17.048] [DEBUG] debug-file - Info: thread pool is started

[2026-07-26T01:46:17.049] [DEBUG] debug-file - Info: GenericCompiler::CompileFiles

[2026-07-26T01:46:17.055] [DEBUG] debug-file - Info: GenericCompiler::CompileFiles
Warning: 'C:\Users\H1314\Desktop\foodkeeper\Foodkeeper-v1.0\entry\src\main\resources\base\media\background.png' is defined repeatedly.

[2026-07-26T01:46:17.056] [DEBUG] debug-file - Warning: 'C:\Users\H1314\Desktop\foodkeeper\Foodkeeper-v1.0\entry\src\main\resources\base\media\foreground.png' is defined repeatedly.
Warning: 'C:\Users\H1314\Desktop\foodkeeper\Foodkeeper-v1.0\entry\src\main\resources\base\media\layered_image.json' is defined repeatedly.

[2026-07-26T01:46:17.058] [DEBUG] debug-file - Info: GenericCompiler::CompileFiles

[2026-07-26T01:46:17.063] [DEBUG] debug-file - 07-26 01:46:17.064 22236 38464 E C01400/ImageTranscoderUtils: DecodeToRGBA IN
07-26 01:46:17.064 22236 38464 E C01400/ImageTranscoderUtils: ImageFilter IN C:\Users\H1314\Desktop\foodkeeper\Foodkeeper-v1.0\AppScope\resources\base\media\background.png

[2026-07-26T01:46:17.092] [DEBUG] debug-file - 07-26 01:46:17.093 22236 38464 E C01400/ImageTranscoderUtils: DecodeToRGBA IN
07-26 01:46:17.093 22236 38464 E C01400/ImageTranscoderUtils: ImageFilter IN C:\Users\H1314\Desktop\foodkeeper\Foodkeeper-v1.0\AppScope\resources\base\media\foreground.png

[2026-07-26T01:46:17.137] [DEBUG] debug-file - Info: can't scale media json file.

[2026-07-26T01:46:17.137] [DEBUG] debug-file - Warning: The width or height of the png file referenced by the icon exceeds the limit (41 pixels)
at C:\Users\H1314\Desktop\foodkeeper\Foodkeeper-v1.0\AppScope\resources\base\media\background.png
Warning: The width or height of the png file referenced by the icon exceeds the limit (41 pixels)
at C:\Users\H1314\Desktop\foodkeeper\Foodkeeper-v1.0\AppScope\resources\base\media\foreground.png
Warning: C:\Users\H1314\Desktop\foodkeeper\Foodkeeper-v1.0\AppScope\resources\base\media\layered_image.json is not png format

[2026-07-26T01:46:17.146] [DEBUG] debug-file - Info: restool resources compile success.

[2026-07-26T01:46:17.146] [DEBUG] debug-file - Info: thread pool is stopped

[2026-07-26T01:46:17.206] [DEBUG] debug-file - entry : default@CompileResource cost memory 0.7244338989257812
[2026-07-26T01:46:17.206] [DEBUG] debug-file - runTaskFromQueue task cost before running: 525 ms 
[2026-07-26T01:46:17.207] [INFO] debug-file - Finished :entry:default@CompileResource... after 348 ms 
[2026-07-26T01:46:17.208] [DEBUG] debug-file - Executing task :entry:default@DoNativeStrip
[2026-07-26T01:46:17.208] [DEBUG] debug-file - File: 'C:\Users\H1314\Desktop\foodkeeper\Foodkeeper-v1.0\entry\build\default\intermediates\binxo\default' from 'doBinxoNativeLibs' is not exists, just ignore.
[2026-07-26T01:46:17.209] [DEBUG] debug-file - Task 'entry:default@DoNativeStrip' cost while wrapping incremental declarations: 1 ms 
[2026-07-26T01:46:17.210] [DEBUG] debug-file - Incremental task entry:default@DoNativeStrip pre-execution cost: 1 ms .
[2026-07-26T01:46:17.210] [DEBUG] debug-file - entry : default@DoNativeStrip cost memory 0.09488677978515625
[2026-07-26T01:46:17.210] [INFO] debug-file - UP-TO-DATE :entry:default@DoNativeStrip...  
[2026-07-26T01:46:17.211] [DEBUG] debug-file - Executing task :entry:default@CompileArkTS
[2026-07-26T01:46:17.211] [DEBUG] debug-file - obfuscationOptions: undefined
[2026-07-26T01:46:17.212] [DEBUG] debug-file - Task 'entry:default@CompileArkTS' cost while wrapping incremental declarations: 1 ms 
[2026-07-26T01:46:17.217] [DEBUG] debug-file - entry:default@CompileArkTS is not up-to-date, since the input file 'C:\Users\H1314\Desktop\foodkeeper\Foodkeeper-v1.0\entry\build\default\intermediates\res\default\ResourceTable.txt' has been changed.
[2026-07-26T01:46:17.218] [DEBUG] debug-file - Incremental task entry:default@CompileArkTS pre-execution cost: 4 ms .
[2026-07-26T01:46:17.228] [DEBUG] debug-file - build config:
[2026-07-26T01:46:17.229] [DEBUG] debug-file - {
  moduleType: 'entry',
  perf: 0,
  targetName: '.default',
  packageManagerType: 'ohpm',
  localPropertiesPath: 'C:\\Users\\H1314\\Desktop\\foodkeeper\\Foodkeeper-v1.0\\local.properties',
  isPreview: false,
  isOhosTest: false,
  isLocalTest: false,
  buildMode: 'Debug',
  hotReloadBuild: undefined,
  watchMode: 'false',
  aceProfilePath: 'C:\\Users\\H1314\\Desktop\\foodkeeper\\Foodkeeper-v1.0\\entry\\build\\default\\intermediates\\res\\default\\resources\\base\\profile',
  etsLoaderPath: 'D:\\Soft\\DevEco\\devecostudio-windows-6.1.1.290\\DevEco Studio\\sdk\\default\\openharmony\\ets\\build-tools\\ets-loader',
  modulePath: 'C:\\Users\\H1314\\Desktop\\foodkeeper\\Foodkeeper-v1.0\\entry',
  testFrameworkPar: {
    testMode: undefined,
    coveragePathFilter: undefined,
    coverageMode: undefined
  },
  needCoverageInsert: false,
  debugLine: false,
  projectTopDir: 'C:\\Users\\H1314\\Desktop\\foodkeeper\\Foodkeeper-v1.0',
  compileSdkVersion: 24,
  compatibleSdkVersion: 20,
  originCompatibleSdkVersion: '6.0.0(20)',
  compatibleSdkVersionStage: undefined,
  bundleName: 'c***r',
  etsLoaderVersion: '6.1.1.125',
  etsLoaderReleaseType: 'Release',
  aotCompileMode: 'type',
  apPath: 'C:\\Users\\H1314\\Desktop\\foodkeeper\\Foodkeeper-v1.0\\entry\\modules.ap',
  entryModuleName: 'entry',
  entryModuleVersion: '1.0.0',
  entryPackageName: 'entry',
  allModuleNameHash: '5a8e40311c990954e1242db61f4ac16a53f6772c738d7b9e71c868f46c672df2',
  externalApiPaths: [
    'D:\\Soft\\DevEco\\devecostudio-windows-6.1.1.290\\DevEco Studio\\sdk\\default\\hms\\ets'
  ],
  compilerTypes: [],
  isCrossplatform: false,
  hvigorPluginFile: undefined,
  compilePluginPath: undefined,
  buildGeneratedProfilePath: 'C:\\Users\\H1314\\Desktop\\foodkeeper\\Foodkeeper-v1.0\\entry\\build\\default\\generated\\profile\\default',
  bundleType: 'app',
  arkTSVersion: undefined,
  apiVersion: 24,
  needCompleteSourcesMap: false,
  isFaMode: false,
  buildDir: 'C:\\Users\\H1314\\Desktop\\foodkeeper\\Foodkeeper-v1.0\\entry\\build',
  deviceTypes: [ 'phone' ],
  pkgContextInfo: {
    '@ohos/hypium': {
      packageName: '@ohos/hypium',
      bundleName: '*****',
      moduleName: '',
      version: '1.0.21',
      entryPath: 'index.js',
      isSO: false,
      dependencyAlias: ''
    },
    '@ohos/hamock': {
      packageName: '@ohos/hamock',
      bundleName: '*****',
      moduleName: '',
      version: '1.0.0',
      entryPath: 'index.ets',
      isSO: false,
      dependencyAlias: ''
    },
    entry: {
      packageName: 'entry',
      bundleName: '*****',
      moduleName: '',
      version: '',
      entryPath: 'src/main/',
      isSO: false,
      dependencyAlias: ''
    }
  },
  ohPackagePathMap: {},
  dependencyAliasMap: {},
  permission: { requestPermissions: undefined, definePermissions: undefined },
  useGetCurrentBundleName: false,
  projectArkOption: undefined,
  sourceMapDir: undefined,
  branchElimination: false,
  transformLib: undefined,
  tsImportSendable: false,
  resolveConflictMode: true,
  depName2RootPath: {},
  depName2DepInfo: {},
  depName2OhExports: {},
  rootPathSet: [ 'C:\\Users\\H1314\\Desktop\\foodkeeper\\Foodkeeper-v1.0' ],
  useNativeResolver: true,
  shouldEmitJs: true,
  useTscResolve: false,
  singleFileEmit: false,
  userProjectConfig: {
    autoLazyImport: false,
    allowEmptyBundleName: false,
    reExportCheckMode: 'noCheck',
    executionMode: 'memory',
    usePathPlaceholder: false,
    writeRollupCache: true,
    isExpandImportEnabled: false,
    expandImportExclude: '',
    lazyImportExclude: '',
    lazyImportInclude: '',
    ignoreCrossplatformCheck: false,
    isHarDeduplicateEnabled: false,
    skipOhModulesLint: false,
    enableStrictCheckOHModule: false,
    disableSendableCheckRules: [],
    useDeclarationFileSignature: false,
    customizedOptions: undefined,
    integratedHsp: false,
    isPreloadSoEnabled: false
  },
  executionMode: 'memory',
  arkCompileCachePath: 'C:\\Users\\H1314\\Desktop\\foodkeeper\\Foodkeeper-v1.0\\entry\\build\\default\\cache\\default\\default@CompileArkTS\\esmodule',
  autoLazyFilter: undefined,
  isHarDeduplicateEnabled: false,
  intermediateHarDuplicateDirPath: 'C:\\Users\\H1314\\Desktop\\foodkeeper\\Foodkeeper-v1.0\\entry\\build\\default\\intermediates\\har_duplicate\\default',
  autoLazyImport: false,
  allowEmptyBundleName: false,
  reExportCheckMode: 'noCheck',
  usePathPlaceholder: false,
  writeRollupCache: true,
  isExpandImportEnabled: false,
  expandImportExclude: '',
  lazyImportExclude: '',
  lazyImportInclude: '',
  ignoreCrossplatformCheck: false,
  skipOhModulesLint: false,
  enableStrictCheckOHModule: false,
  disableSendableCheckRules: [],
  useDeclarationFileSignature: false,
  customizedOptions: undefined,
  integratedHsp: false,
  isPreloadSoEnabled: false,
  strictMode: {
    caseSensitiveCheck: true,
    useNormalizedOHMUrl: true,
    noExternalImportByPath: true
  },
  useNormalizedOHMUrl: true,
  caseSensitiveCheck: true,
  strictCheckerOnly: false,
  aceModuleJsonPath: 'C:\\Users\\H1314\\Desktop\\foodkeeper\\Foodkeeper-v1.0\\entry\\build\\default\\intermediates\\res\\default\\ark_module.json',
  appResource: 'C:\\Users\\H1314\\Desktop\\foodkeeper\\Foodkeeper-v1.0\\entry\\build\\default\\intermediates\\res\\default\\ResourceTable.txt',
  rawFileResource: 'C:\\Users\\H1314\\Desktop\\foodkeeper\\Foodkeeper-v1.0\\entry\\build\\default\\intermediates\\res\\default\\resources\\rawfile',
  resourceTableHash: 'd81a83941c07883d4327563ba2cfe0ac7f68042912820a1577b99d29cbd144cc',
  runtimeOS: 'HarmonyOS',
  sdkInfo: 'false:24:6.1.1.125:Release',
  aceModuleRoot: 'C:\\Users\\H1314\\Desktop\\foodkeeper\\Foodkeeper-v1.0\\entry\\src\\main\\ets',
  compileMode: 'esmodule',
  aceSuperVisualPath: 'C:\\Users\\H1314\\Desktop\\foodkeeper\\Foodkeeper-v1.0\\entry\\src\\main\\supervisual',
  aceBuildJson: 'C:\\Users\\H1314\\Desktop\\foodkeeper\\Foodkeeper-v1.0\\entry\\build\\default\\intermediates\\loader\\default\\loader.json',
  cachePath: 'C:\\Users\\H1314\\Desktop\\foodkeeper\\Foodkeeper-v1.0\\entry\\build\\default\\cache\\default\\default@CompileArkTS\\esmodule\\debug',
  aceModuleBuild: 'C:\\Users\\H1314\\Desktop\\foodkeeper\\Foodkeeper-v1.0\\entry\\build\\default\\intermediates\\loader_out\\default\\ets',
  supportChunks: true,
  declaredFilesPath: undefined,
  shouldCollectDirectImportees: false,
  isByteCodeHarOptimize: false,
  expandImportPath: undefined,
  resourceTableTs: 'C:\\Users\\H1314\\Desktop\\foodkeeper\\Foodkeeper-v1.0\\entry\\build\\default\\generated\\r\\default\\ResourceTable.ts',
  moduleMetaInfoFiles: [
    {
      filePath: 'C:\\Users\\H1314\\Desktop\\foodkeeper\\Foodkeeper-v1.0\\entry\\build\\default\\generated\\r\\default\\ResourceTable.ts',
      ohmurl: '&entry/build/generated/r/ResourceTable&'
    }
  ],
  pkgNameToPkgBriefInfo: {
    entry: {
      pkgRoot: 'C:\\Users\\H1314\\Desktop\\foodkeeper\\Foodkeeper-v1.0\\entry',
      originalSourceRoots: undefined,
      sourceRoots: [Array],
      pkgName: 'entry'
    }
  },
  projectModel: {
    'C:\\Users\\H1314\\Desktop\\foodkeeper\\Foodkeeper-v1.0\\entry\\src\\main': {
      moduleName: 'entry',
      modulePkgPath: 'C:\\Users\\H1314\\Desktop\\foodkeeper\\Foodkeeper-v1.0\\entry',
      belongProjectPath: 'C:\\Users\\H1314\\Desktop\\foodkeeper\\Foodkeeper-v1.0'
    },
    'C:\\Users\\H1314\\Desktop\\foodkeeper\\Foodkeeper-v1.0\\entry\\.test\\default\\intermediates\\src\\ohosTest\\ets': {
      moduleName: 'entry_test',
      modulePkgPath: 'C:\\Users\\H1314\\Desktop\\foodkeeper\\Foodkeeper-v1.0\\entry',
      belongProjectPath: 'C:\\Users\\H1314\\Desktop\\foodkeeper\\Foodkeeper-v1.0'
    },
    'C:\\Users\\H1314\\Desktop\\foodkeeper\\Foodkeeper-v1.0\\entry\\src\\ohosTest': {
      moduleName: 'entry_test',
      modulePkgPath: 'C:\\Users\\H1314\\Desktop\\foodkeeper\\Foodkeeper-v1.0\\entry',
      belongProjectPath: 'C:\\Users\\H1314\\Desktop\\foodkeeper\\Foodkeeper-v1.0'
    },
    'C:\\Users\\H1314\\Desktop\\foodkeeper\\Foodkeeper-v1.0\\entry': {
      moduleName: 'entry',
      modulePkgPath: 'C:\\Users\\H1314\\Desktop\\foodkeeper\\Foodkeeper-v1.0\\entry',
      belongProjectPath: 'C:\\Users\\H1314\\Desktop\\foodkeeper\\Foodkeeper-v1.0'
    },
    'C:\\Users\\H1314\\Desktop\\foodkeeper\\Foodkeeper-v1.0': {
      moduleName: 'Foodkeeper-v1.0',
      modulePkgPath: 'C:\\Users\\H1314\\Desktop\\foodkeeper\\Foodkeeper-v1.0',
      belongProjectPath: 'C:\\Users\\H1314\\Desktop\\foodkeeper\\Foodkeeper-v1.0'
    }
  },
  pkgJsonFileHash: '7c73f54ab7f6179c8b46a9f252100c68cf10ae6dd80f95f858f353cadb446f0e',
  allModulePaths: [ 'C:\\Users\\H1314\\Desktop\\foodkeeper\\Foodkeeper-v1.0\\entry' ],
  routerMap: {},
  obfuscationOptions: undefined,
  byteCodeHarToDependencyKeys: undefined,
  compileBlockPkg: [],
  mockParams: {
    decorator: '@MockSetup',
    packageName: '@ohos/hamock',
    etsSourceRootPath: 'src/main/ets',
    mockConfigPath: 'C:\\Users\\H1314\\Desktop\\foodkeeper\\Foodkeeper-v1.0\\entry\\src\\mock\\mock-config.json5',
    mockConfigKey2ModuleInfo: {},
    source2ModuleIdMap: {}
  },
  copyCodeResourceEnable: false,
  copyCodeResourceExcludes: [],
  copyCodeResourceIncludes: undefined,
  uiTransformOptimization: false,
  sdkPath: 'D:/Soft/DevEco/devecostudio-windows-6.1.1.290/DevEco Studio/sdk',
  needPreloadSoFileSet: {},
  preloadSoFilePath: 'C:\\Users\\H1314\\Desktop\\foodkeeper\\Foodkeeper-v1.0\\entry\\build\\default\\intermediates\\preload\\default\\preload.json',
  useSourceHash: false,
  localModuleParamMap: {},
  otherPaths: {
    'entry/*': [
      '..\\*',
      '..\\..\\..\\build\\default\\generated\\profile\\default\\*'
    ]
  },
  collectImportersConfig: undefined
}
[2026-07-26T01:46:17.229] [DEBUG] debug-file - Compile arkts with external api path: D:\Soft\DevEco\devecostudio-windows-6.1.1.290\DevEco Studio\sdk\default\hms\ets
[2026-07-26T01:46:17.230] [DEBUG] debug-file - default@CompileArkTS work[6] is submitted.
[2026-07-26T01:46:17.230] [DEBUG] debug-file - default@CompileArkTS work[6] is pushed to ready queue.
[2026-07-26T01:46:17.230] [DEBUG] debug-file - A work dispatched to worker[15] failed because unable to get work from ready queue.
[2026-07-26T01:46:17.230] [DEBUG] debug-file - A work dispatched to worker[14] failed because unable to get work from ready queue.
[2026-07-26T01:46:17.230] [DEBUG] debug-file - A work dispatched to worker[13] failed because unable to get work from ready queue.
[2026-07-26T01:46:17.230] [DEBUG] debug-file - A work dispatched to worker[12] failed because unable to get work from ready queue.
[2026-07-26T01:46:17.230] [DEBUG] debug-file - A work dispatched to worker[11] failed because unable to get work from ready queue.
[2026-07-26T01:46:17.230] [DEBUG] debug-file - A work dispatched to worker[10] failed because unable to get work from ready queue.
[2026-07-26T01:46:17.230] [DEBUG] debug-file - A work dispatched to worker[9] failed because unable to get work from ready queue.
[2026-07-26T01:46:17.230] [DEBUG] debug-file - A work dispatched to worker[8] failed because unable to get work from ready queue.
[2026-07-26T01:46:17.230] [DEBUG] debug-file - A work dispatched to worker[7] failed because unable to get work from ready queue.
[2026-07-26T01:46:17.230] [DEBUG] debug-file - A work dispatched to worker[6] failed because unable to get work from ready queue.
[2026-07-26T01:46:17.230] [DEBUG] debug-file - A work dispatched to worker[5] failed because unable to get work from ready queue.
[2026-07-26T01:46:17.231] [DEBUG] debug-file - default@CompileArkTS work[6] has been dispatched to worker[4].
[2026-07-26T01:46:17.231] [DEBUG] debug-file - default@CompileArkTS work[6] is dispatched.
[2026-07-26T01:46:17.231] [DEBUG] debug-file - entry : default@CompileArkTS cost memory -0.28379058837890625
[2026-07-26T01:46:17.232] [DEBUG] debug-file - Executing task :entry:default@BuildJS
[2026-07-26T01:46:17.232] [DEBUG] debug-file - Task 'entry:default@BuildJS' cost while wrapping incremental declarations: 1 ms 
[2026-07-26T01:46:17.234] [DEBUG] debug-file - entry : default@BuildJS cost memory 0.17287445068359375
[2026-07-26T01:46:17.234] [DEBUG] debug-file - runTaskFromQueue task cost before running: 554 ms 
[2026-07-26T01:46:17.235] [INFO] debug-file - Finished :entry:default@BuildJS... after 3 ms 
[2026-07-26T01:46:17.236] [DEBUG] debug-file - Executing task :entry:default@CacheNativeLibs
[2026-07-26T01:46:17.236] [DEBUG] debug-file - File: 'C:\Users\H1314\Desktop\foodkeeper\Foodkeeper-v1.0\entry\build\default\intermediates\binxo\default' from 'cacheBinxoNativeLibs' is not exists, just ignore.
[2026-07-26T01:46:17.237] [DEBUG] debug-file - Task 'entry:default@CacheNativeLibs' cost while wrapping incremental declarations: 1 ms 
[2026-07-26T01:46:17.238] [DEBUG] debug-file - Incremental task entry:default@CacheNativeLibs pre-execution cost: 2 ms .
[2026-07-26T01:46:17.238] [DEBUG] debug-file - entry : default@CacheNativeLibs cost memory 0.12456512451171875
[2026-07-26T01:46:17.238] [INFO] debug-file - UP-TO-DATE :entry:default@CacheNativeLibs...  
[2026-07-26T01:46:17.951] [WARN] debug-file - [33mWARN: [33m[33mArkTS:WARN File: C:/Users/H1314/Desktop/foodkeeper/Foodkeeper-v1.0/entry/src/main/ets/store/InventoryStore.ets:264:24
 Function may throw exceptions. Special handling is required.
[39m[39m
[33mWARN: [33m[33mArkTS:WARN File: C:/Users/H1314/Desktop/foodkeeper/Foodkeeper-v1.0/entry/src/main/ets/store/InventoryStore.ets:285:24
 Function may throw exceptions. Special handling is required.
[39m[39m
[33mWARN: [33m[33mArkTS:WARN File: C:/Users/H1314/Desktop/foodkeeper/Foodkeeper-v1.0/entry/src/main/ets/store/InventoryStore.ets:343:11
 Function may throw exceptions. Special handling is required.
[39m[39m
[33mWARN: [33m[33mArkTS:WARN File: C:/Users/H1314/Desktop/foodkeeper/Foodkeeper-v1.0/entry/src/main/ets/store/InventoryStore.ets:344:11
 Function may throw exceptions. Special handling is required.
[39m[39m
[33mWARN: [33m[33mArkTS:WARN File: C:/Users/H1314/Desktop/foodkeeper/Foodkeeper-v1.0/entry/src/main/ets/pages/HomePage.ets:34:42
 'matchMediaSync' has been deprecated.
[39m[39m
[33mWARN: [33m[33mArkTS:WARN File: C:/Users/H1314/Desktop/foodkeeper/Foodkeeper-v1.0/entry/src/main/ets/pages/HomePage.ets:113:5
 Function may throw exceptions. Special handling is required.
[39m[39m
[33mWARN: [33m[33mArkTS:WARN File: C:/Users/H1314/Desktop/foodkeeper/Foodkeeper-v1.0/entry/src/main/ets/pages/HomePage.ets:113:12
 'pushUrl' has been deprecated.
[39m[39m
[33mWARN: [33m[33mArkTS:WARN File: C:/Users/H1314/Desktop/foodkeeper/Foodkeeper-v1.0/entry/src/main/ets/pages/HomePage.ets:118:5
 Function may throw exceptions. Special handling is required.
[39m[39m
[33mWARN: [33m[33mArkTS:WARN File: C:/Users/H1314/Desktop/foodkeeper/Foodkeeper-v1.0/entry/src/main/ets/pages/HomePage.ets:118:12
 'pushUrl' has been deprecated.
[39m[39m
[33mWARN: [33m[33mArkTS:WARN File: C:/Users/H1314/Desktop/foodkeeper/Foodkeeper-v1.0/entry/src/main/ets/pages/HomePage.ets:128:5
 Function may throw exceptions. Special handling is required.
[39m[39m
[33mWARN: [33m[33mArkTS:WARN File: C:/Users/H1314/Desktop/foodkeeper/Foodkeeper-v1.0/entry/src/main/ets/pages/HomePage.ets:128:18
 'showToast' has been deprecated.
[39m[39m
[33mWARN: [33m[33mArkTS:WARN File: C:/Users/H1314/Desktop/foodkeeper/Foodkeeper-v1.0/entry/src/main/ets/pages/InventoryPage.ets:132:5
 Function may throw exceptions. Special handling is required.
[39m[39m
[33mWARN: [33m[33mArkTS:WARN File: C:/Users/H1314/Desktop/foodkeeper/Foodkeeper-v1.0/entry/src/main/ets/pages/InventoryPage.ets:132:12
 'pushUrl' has been deprecated.
[39m[39m
[33mWARN: [33m[33mArkTS:WARN File: C:/Users/H1314/Desktop/foodkeeper/Foodkeeper-v1.0/entry/src/main/ets/pages/InventoryPage.ets:136:5
 Function may throw exceptions. Special handling is required.
[39m[39m
[33mWARN: [33m[33mArkTS:WARN File: C:/Users/H1314/Desktop/foodkeeper/Foodkeeper-v1.0/entry/src/main/ets/pages/InventoryPage.ets:136:12
 'pushUrl' has been deprecated.
[39m[39m
[33mWARN: [33m[33mArkTS:WARN File: C:/Users/H1314/Desktop/foodkeeper/Foodkeeper-v1.0/entry/src/main/ets/pages/RecipePage.ets:173:7
 Function may throw exceptions. Special handling is required.
[39m[39m
[33mWARN: [33m[33mArkTS:WARN File: C:/Users/H1314/Desktop/foodkeeper/Foodkeeper-v1.0/entry/src/main/ets/pages/RecipePage.ets:173:20
 'showToast' has been deprecated.
[39m[39m
[33mWARN: [33m[33mArkTS:WARN File: C:/Users/H1314/Desktop/foodkeeper/Foodkeeper-v1.0/entry/src/main/ets/pages/RecipePage.ets:180:5
 Function may throw exceptions. Special handling is required.
[39m[39m
[33mWARN: [33m[33mArkTS:WARN File: C:/Users/H1314/Desktop/foodkeeper/Foodkeeper-v1.0/entry/src/main/ets/pages/RecipePage.ets:180:12
 'pushUrl' has been deprecated.
[39m[39m
[33mWARN: [33m[33mArkTS:WARN File: C:/Users/H1314/Desktop/foodkeeper/Foodkeeper-v1.0/entry/src/main/ets/pages/SettingsPage.ets:35:18
 'showDialog' has been deprecated.
[39m[39m
[33mWARN: [33m[33mArkTS:WARN File: C:/Users/H1314/Desktop/foodkeeper/Foodkeeper-v1.0/entry/src/main/ets/pages/SettingsPage.ets:48:20
 'showToast' has been deprecated.
[39m[39m
[33mWARN: [33m[33mArkTS:WARN File: C:/Users/H1314/Desktop/foodkeeper/Foodkeeper-v1.0/entry/src/main/ets/pages/SettingsPage.ets:60:22
 'showToast' has been deprecated.
[39m[39m
[33mWARN: [33m[33mArkTS:WARN File: C:/Users/H1314/Desktop/foodkeeper/Foodkeeper-v1.0/entry/src/main/ets/pages/SettingsPage.ets:66:22
 'showToast' has been deprecated.
[39m[39m
[33mWARN: [33m[33mArkTS:WARN File: C:/Users/H1314/Desktop/foodkeeper/Foodkeeper-v1.0/entry/src/main/ets/pages/SettingsPage.ets:70:7
 Function may throw exceptions. Special handling is required.
[39m[39m
[33mWARN: [33m[33mArkTS:WARN File: C:/Users/H1314/Desktop/foodkeeper/Foodkeeper-v1.0/entry/src/main/ets/pages/SettingsPage.ets:70:20
 'showToast' has been deprecated.
[39m[39m
[33mWARN: [33m[33mArkTS:WARN File: C:/Users/H1314/Desktop/foodkeeper/Foodkeeper-v1.0/entry/src/main/ets/pages/AddFoodPage.ets:34:27
 'getParams' has been deprecated.
[39m[39m
[33mWARN: [33m[33mArkTS:WARN File: C:/Users/H1314/Desktop/foodkeeper/Foodkeeper-v1.0/entry/src/main/ets/pages/AddFoodPage.ets:144:7
 Function may throw exceptions. Special handling is required.
[39m[39m
[33mWARN: [33m[33mArkTS:WARN File: C:/Users/H1314/Desktop/foodkeeper/Foodkeeper-v1.0/entry/src/main/ets/pages/AddFoodPage.ets:144:20
 'showToast' has been deprecated.
[39m[39m
[33mWARN: [33m[33mArkTS:WARN File: C:/Users/H1314/Desktop/foodkeeper/Foodkeeper-v1.0/entry/src/main/ets/pages/AddFoodPage.ets:149:7
 Function may throw exceptions. Special handling is required.
[39m[39m
[33mWARN: [33m[33mArkTS:WARN File: C:/Users/H1314/Desktop/foodkeeper/Foodkeeper-v1.0/entry/src/main/ets/pages/AddFoodPage.ets:149:20
 'showToast' has been deprecated.
[39m[39m
[33mWARN: [33m[33mArkTS:WARN File: C:/Users/H1314/Desktop/foodkeeper/Foodkeeper-v1.0/entry/src/main/ets/pages/AddFoodPage.ets:169:7
 Function may throw exceptions. Special handling is required.
[39m[39m
[33mWARN: [33m[33mArkTS:WARN File: C:/Users/H1314/Desktop/foodkeeper/Foodkeeper-v1.0/entry/src/main/ets/pages/AddFoodPage.ets:169:20
 'showToast' has been deprecated.
[39m[39m
[33mWARN: [33m[33mArkTS:WARN File: C:/Users/H1314/Desktop/foodkeeper/Foodkeeper-v1.0/entry/src/main/ets/pages/AddFoodPage.ets:184:9
 Function may throw exceptions. Special handling is required.
[39m[39m
[33mWARN: [33m[33mArkTS:WARN File: C:/Users/H1314/Desktop/foodkeeper/Foodkeeper-v1.0/entry/src/main/ets/pages/AddFoodPage.ets:184:22
 'showToast' has been deprecated.
[39m[39m
[33mWARN: [33m[33mArkTS:WARN File: C:/Users/H1314/Desktop/foodkeeper/Foodkeeper-v1.0/entry/src/main/ets/pages/AddFoodPage.ets:186:9
 Function may throw exceptions. Special handling is required.
[39m[39m
[33mWARN: [33m[33mArkTS:WARN File: C:/Users/H1314/Desktop/foodkeeper/Foodkeeper-v1.0/entry/src/main/ets/pages/AddFoodPage.ets:186:22
 'showToast' has been deprecated.
[39m[39m
[33mWARN: [33m[33mArkTS:WARN File: C:/Users/H1314/Desktop/foodkeeper/Foodkeeper-v1.0/entry/src/main/ets/pages/AddFoodPage.ets:190:29
 'back' has been deprecated.
[39m[39m
[33mWARN: [33m[33mArkTS:WARN File: C:/Users/H1314/Desktop/foodkeeper/Foodkeeper-v1.0/entry/src/main/ets/pages/AddFoodPage.ets:196:5
 Function may throw exceptions. Special handling is required.
[39m[39m
[33mWARN: [33m[33mArkTS:WARN File: C:/Users/H1314/Desktop/foodkeeper/Foodkeeper-v1.0/entry/src/main/ets/pages/AddFoodPage.ets:196:18
 'showToast' has been deprecated.
[39m[39m
[33mWARN: [33m[33mArkTS:WARN File: C:/Users/H1314/Desktop/foodkeeper/Foodkeeper-v1.0/entry/src/main/ets/pages/AddFoodPage.ets:197:29
 'back' has been deprecated.
[39m[39m
[33mWARN: [33m[33mArkTS:WARN File: C:/Users/H1314/Desktop/foodkeeper/Foodkeeper-v1.0/entry/src/main/ets/pages/AddFoodPage.ets:207:33
 'back' has been deprecated.
[39m[39m
[33mWARN: [33m[33mArkTS:WARN File: C:/Users/H1314/Desktop/foodkeeper/Foodkeeper-v1.0/entry/src/main/ets/pages/AddFoodPage.ets:481:22
 'show' has been deprecated.
[39m[39m
[33mWARN: [33m[33mArkTS:WARN File: C:/Users/H1314/Desktop/foodkeeper/Foodkeeper-v1.0/entry/src/main/ets/pages/RecipeDetailPage.ets:36:7
 Function may throw exceptions. Special handling is required.
[39m[39m
[33mWARN: [33m[33mArkTS:WARN File: C:/Users/H1314/Desktop/foodkeeper/Foodkeeper-v1.0/entry/src/main/ets/pages/RecipeDetailPage.ets:36:20
 'showToast' has been deprecated.
[39m[39m
[33mWARN: [33m[33mArkTS:WARN File: C:/Users/H1314/Desktop/foodkeeper/Foodkeeper-v1.0/entry/src/main/ets/pages/RecipeDetailPage.ets:37:33
 'back' has been deprecated.
[39m[39m
[33mWARN: [33m[33mArkTS:WARN File: C:/Users/H1314/Desktop/foodkeeper/Foodkeeper-v1.0/entry/src/main/ets/pages/RecipeDetailPage.ets:49:7
 Function may throw exceptions. Special handling is required.
[39m[39m
[33mWARN: [33m[33mArkTS:WARN File: C:/Users/H1314/Desktop/foodkeeper/Foodkeeper-v1.0/entry/src/main/ets/pages/RecipeDetailPage.ets:49:20
 'showToast' has been deprecated.
[39m[39m
[33mWARN: [33m[33mArkTS:WARN File: C:/Users/H1314/Desktop/foodkeeper/Foodkeeper-v1.0/entry/src/main/ets/pages/RecipeDetailPage.ets:71:22
 'showToast' has been deprecated.
[39m[39m
[33mWARN: [33m[33mArkTS:WARN File: C:/Users/H1314/Desktop/foodkeeper/Foodkeeper-v1.0/entry/src/main/ets/pages/RecipeDetailPage.ets:75:22
 'showToast' has been deprecated.
[39m[39m
[33mWARN: [33m[33mArkTS:WARN File: C:/Users/H1314/Desktop/foodkeeper/Foodkeeper-v1.0/entry/src/main/ets/pages/RecipeDetailPage.ets:78:7
 Function may throw exceptions. Special handling is required.
[39m[39m
[33mWARN: [33m[33mArkTS:WARN File: C:/Users/H1314/Desktop/foodkeeper/Foodkeeper-v1.0/entry/src/main/ets/pages/RecipeDetailPage.ets:78:20
 'showToast' has been deprecated.
[39m[39m
[33mWARN: [33m[33mArkTS:WARN File: C:/Users/H1314/Desktop/foodkeeper/Foodkeeper-v1.0/entry/src/main/ets/pages/RecipeDetailPage.ets:86:12
 'back' has been deprecated.
[39m[39m

[2026-07-26T01:46:17.952] [DEBUG] debug-file - Ark compile task finished.finished time is 211151028512700
[2026-07-26T01:46:17.952] [DEBUG] debug-file - worker[4] has one work done.
[2026-07-26T01:46:17.953] [DEBUG] debug-file - default@CompileArkTS work[6] done.
[2026-07-26T01:46:17.956] [INFO] debug-file - Finished :entry:default@CompileArkTS... after 741 ms 
[2026-07-26T01:46:17.957] [DEBUG] debug-file - Executing task :entry:default@GeneratePkgModuleJson
[2026-07-26T01:46:17.958] [DEBUG] debug-file - File: 'C:\Users\H1314\Desktop\foodkeeper\Foodkeeper-v1.0\entry\build\default\intermediates\preload\default\preload.json' from 'preloadSoJsonPath' is not exists, just ignore.
[2026-07-26T01:46:17.958] [DEBUG] debug-file - Error occurs while handling @Input 'shouldDeduplicateHar': The "data" argument must be of type string or an instance of Buffer, TypedArray, or DataView. Received undefined
[2026-07-26T01:46:17.958] [DEBUG] debug-file - Task 'entry:default@GeneratePkgModuleJson' cost while wrapping incremental declarations: 1 ms 
[2026-07-26T01:46:17.959] [DEBUG] debug-file - entry:default@GeneratePkgModuleJson is not up-to-date, since the input file 'C:\Users\H1314\Desktop\foodkeeper\Foodkeeper-v1.0\entry\build\default\intermediates\res\default\module.json' has been changed.
[2026-07-26T01:46:17.959] [DEBUG] debug-file - Incremental task entry:default@GeneratePkgModuleJson pre-execution cost: 1 ms .
[2026-07-26T01:46:17.960] [DEBUG] debug-file - entry : default@GeneratePkgModuleJson cost memory 0.18387603759765625
[2026-07-26T01:46:17.960] [DEBUG] debug-file - runTaskFromQueue task cost before running: 1 s 280 ms 
[2026-07-26T01:46:17.961] [INFO] debug-file - Finished :entry:default@GeneratePkgModuleJson... after 4 ms 
[2026-07-26T01:46:17.962] [DEBUG] debug-file - Executing task :entry:default@ProcessCompiledResources
[2026-07-26T01:46:17.962] [DEBUG] debug-file - File: 'C:\Users\H1314\Desktop\foodkeeper\Foodkeeper-v1.0\entry\build\default\intermediates\preload\default\preload.json' from 'preloadSoJsonPath' is not exists, just ignore.
[2026-07-26T01:46:17.962] [DEBUG] debug-file - Task 'entry:default@ProcessCompiledResources' cost while wrapping incremental declarations: 1 ms 
[2026-07-26T01:46:17.962] [DEBUG] debug-file - entry : default@ProcessCompiledResources cost memory 0.061279296875
[2026-07-26T01:46:17.962] [DEBUG] debug-file - runTaskFromQueue task cost before running: 1 s 282 ms 
[2026-07-26T01:46:17.963] [INFO] debug-file - Finished :entry:default@ProcessCompiledResources... after 1 ms 
[2026-07-26T01:46:17.964] [DEBUG] debug-file - Executing task :entry:default@PackageHap
[2026-07-26T01:46:17.968] [DEBUG] debug-file - entry:default@PackageHap is not up-to-date, since the input file 'C:\Users\H1314\Desktop\foodkeeper\Foodkeeper-v1.0\entry\build\default\intermediates\res\default\module.json' has been changed.
[2026-07-26T01:46:17.968] [DEBUG] debug-file - Incremental task entry:default@PackageHap pre-execution cost: 3 ms .
[2026-07-26T01:46:17.970] [DEBUG] debug-file - Use tool [D:\Soft\DevEco\devecostudio-windows-6.1.1.290\DevEco Studio\sdk\default\openharmony\toolchains\lib\app_packing_tool.jar]
 [
  'java',
  '-Dfile.encoding=GBK',
  '-jar',
  'D:\\Soft\\DevEco\\devecostudio-windows-6.1.1.290\\DevEco Studio\\sdk\\default\\openharmony\\toolchains\\lib\\app_packing_tool.jar',
  '--mode',
  'hap',
  '--force',
  'true',
  '--lib-path',
  'C:\\Users\\H1314\\Desktop\\foodkeeper\\Foodkeeper-v1.0\\entry\\build\\default\\intermediates\\stripped_native_libs\\default',
  '--json-path',
  'C:\\Users\\H1314\\Desktop\\foodkeeper\\Foodkeeper-v1.0\\entry\\build\\default\\intermediates\\package\\default\\module.json',
  '--resources-path',
  'C:\\Users\\H1314\\Desktop\\foodkeeper\\Foodkeeper-v1.0\\entry\\build\\default\\intermediates\\res\\default\\resources',
  '--index-path',
  'C:\\Users\\H1314\\Desktop\\foodkeeper\\Foodkeeper-v1.0\\entry\\build\\default\\intermediates\\res\\default\\resources.index',
  '--pack-info-path',
  'C:\\Users\\H1314\\Desktop\\foodkeeper\\Foodkeeper-v1.0\\entry\\build\\default\\outputs\\default\\pack.info',
  '--out-path',
  'C:\\Users\\H1314\\Desktop\\foodkeeper\\Foodkeeper-v1.0\\entry\\build\\default\\outputs\\default\\entry-default-unsigned.hap',
  '--ets-path',
  'C:\\Users\\H1314\\Desktop\\foodkeeper\\Foodkeeper-v1.0\\entry\\build\\default\\intermediates\\loader_out\\default\\ets',
  '--pkg-context-path',
  'C:\\Users\\H1314\\Desktop\\foodkeeper\\Foodkeeper-v1.0\\entry\\build\\default\\intermediates\\loader\\default\\pkgContextInfo.json'
]
[2026-07-26T01:46:17.970] [DEBUG] debug-file - default@PackageHap work[7] is submitted.
[2026-07-26T01:46:17.971] [DEBUG] debug-file - default@PackageHap work[7] is pushed to ready queue.
[2026-07-26T01:46:17.971] [DEBUG] debug-file - A work dispatched to worker[15] failed because unable to get work from ready queue.
[2026-07-26T01:46:17.971] [DEBUG] debug-file - Create  resident worker with id: 14.
[2026-07-26T01:46:17.972] [DEBUG] debug-file - default@PackageHap work[7] has been dispatched to worker[14].
[2026-07-26T01:46:17.972] [DEBUG] debug-file - default@PackageHap work[7] is dispatched.
[2026-07-26T01:46:17.975] [DEBUG] debug-file - entry : default@PackageHap cost memory 0.5333786010742188
[2026-07-26T01:46:19.466] [DEBUG] debug-file - current process  memoryUsage: {
  rss: 601010176,
  heapTotal: 81559552,
  heapUsed: 55468736,
  external: 2480640,
  arrayBuffers: 238963
} os memoryUsage :21.622150421142578
[2026-07-26T01:46:20.465] [DEBUG] debug-file - worker[14] has one work done.
[2026-07-26T01:46:20.465] [DEBUG] debug-file - default@PackageHap work[7] done.
[2026-07-26T01:46:20.465] [DEBUG] debug-file - A work dispatched to worker[14] failed because unable to get work from ready queue.
[2026-07-26T01:46:20.467] [INFO] debug-file - Finished :entry:default@PackageHap... after 1 s 12 ms 
[2026-07-26T01:46:20.470] [DEBUG] debug-file - Executing task :entry:default@PackingCheck
[2026-07-26T01:46:20.478] [DEBUG] debug-file - entry : default@PackingCheck cost memory 0.36312103271484375
[2026-07-26T01:46:20.478] [DEBUG] debug-file - runTaskFromQueue task cost before running: 3 s 797 ms 
[2026-07-26T01:46:20.479] [INFO] debug-file - Finished :entry:default@PackingCheck... after 9 ms 
[2026-07-26T01:46:20.481] [DEBUG] debug-file - Executing task :entry:default@SignHap
[2026-07-26T01:46:20.484] [DEBUG] debug-file - entry:default@SignHap is not up-to-date, since the input file 'C:\Users\H1314\Desktop\foodkeeper\Foodkeeper-v1.0\entry\build\default\outputs\default\entry-default-unsigned.hap' has been changed.
[2026-07-26T01:46:20.484] [DEBUG] debug-file - Incremental task entry:default@SignHap pre-execution cost: 3 ms .
[2026-07-26T01:46:20.552] [DEBUG] debug-file - java daemon socket received message:{"code":0,"message":"verify profile success"}
[2026-07-26T01:46:20.559] [DEBUG] debug-file - java daemon socket close code:1000 reason:close by user
[2026-07-26T01:46:20.683] [DEBUG] debug-file - java daemon socket received message:{"code":0,"message":"sign app success"}
[2026-07-26T01:46:20.684] [DEBUG] debug-file - entry : default@SignHap cost memory 0.5222091674804688
[2026-07-26T01:46:20.684] [DEBUG] debug-file - runTaskFromQueue task cost before running: 4 s 3 ms 
[2026-07-26T01:46:20.684] [INFO] debug-file - Finished :entry:default@SignHap... after 204 ms 
[2026-07-26T01:46:20.686] [DEBUG] debug-file - Executing task :entry:default@CollectDebugSymbol
[2026-07-26T01:46:20.686] [DEBUG] debug-file - entry : default@CollectDebugSymbol cost memory 0.103546142578125
[2026-07-26T01:46:20.687] [DEBUG] debug-file - runTaskFromQueue task cost before running: 4 s 6 ms 
[2026-07-26T01:46:20.687] [INFO] debug-file - Finished :entry:default@CollectDebugSymbol... after 1 ms 
[2026-07-26T01:46:20.687] [DEBUG] debug-file - Executing task :entry:assembleHap
[2026-07-26T01:46:20.687] [DEBUG] debug-file - entry : assembleHap cost memory 0.0126800537109375
[2026-07-26T01:46:20.687] [DEBUG] debug-file - runTaskFromQueue task cost before running: 4 s 6 ms 
[2026-07-26T01:46:20.687] [INFO] debug-file - Finished :entry:assembleHap... after 1 ms 
[2026-07-26T01:46:20.700] [INFO] debug-file - BUILD SUCCESSFUL in 4 s 19 ms 
[2026-07-26T01:46:20.700] [DEBUG] debug-file - There is no need to refresh cache, since the incremental task entry:default@PreBuild is up-to-date.
[2026-07-26T01:46:20.700] [DEBUG] debug-file - Update task entry:default@CreateModuleInfo output file:C:\Users\H1314\Desktop\foodkeeper\Foodkeeper-v1.0\entry\build\default\generated\profile\default\ModuleInfo.ts cache.
[2026-07-26T01:46:20.701] [DEBUG] debug-file - Incremental task entry:default@CreateModuleInfo post-execution cost:1 ms .
[2026-07-26T01:46:20.701] [DEBUG] debug-file - There is no need to refresh cache, since the incremental task entry:default@GenerateMetadata is up-to-date.
[2026-07-26T01:46:20.701] [DEBUG] debug-file - There is no need to refresh cache, since the incremental task entry:default@MergeProfile is up-to-date.
[2026-07-26T01:46:20.701] [DEBUG] debug-file - There is no need to refresh cache, since the incremental task entry:default@CreateBuildProfile is up-to-date.
[2026-07-26T01:46:20.701] [DEBUG] debug-file - There is no need to refresh cache, since the incremental task entry:default@GeneratePkgContextInfo is up-to-date.
[2026-07-26T01:46:20.701] [DEBUG] debug-file - Update task entry:default@GeneratePkgSdkInfo output file:C:\Users\H1314\Desktop\foodkeeper\Foodkeeper-v1.0\entry\build\default\intermediates\loader\default\pkgSdkInfo.json cache.
[2026-07-26T01:46:20.701] [DEBUG] debug-file - Incremental task entry:default@GeneratePkgSdkInfo post-execution cost:1 ms .
[2026-07-26T01:46:20.701] [DEBUG] debug-file - Update task entry:default@ProcessIntegratedHsp output file:C:\Users\H1314\Desktop\foodkeeper\Foodkeeper-v1.0\build\cache\default\integrated_hsp\integratedHspCache.json cache.
[2026-07-26T01:46:20.701] [DEBUG] debug-file - Incremental task entry:default@ProcessIntegratedHsp post-execution cost:1 ms .
[2026-07-26T01:46:20.701] [DEBUG] debug-file - There is no need to refresh cache, since the incremental task entry:default@MakePackInfo is up-to-date.
[2026-07-26T01:46:20.702] [DEBUG] debug-file - Update task entry:default@SyscapTransform input file:D:\Soft\DevEco\devecostudio-windows-6.1.1.290\DevEco Studio\sdk\default\openharmony\toolchains\syscap_tool.exe cache by regenerate.
[2026-07-26T01:46:20.702] [DEBUG] debug-file - Update task entry:default@SyscapTransform input file:D:\Soft\DevEco\devecostudio-windows-6.1.1.290\DevEco Studio\sdk\default\openharmony\ets\api\device-define cache by regenerate.
[2026-07-26T01:46:20.703] [DEBUG] debug-file - Update task entry:default@SyscapTransform output file:C:\Users\H1314\Desktop\foodkeeper\Foodkeeper-v1.0\entry\build\default\intermediates\syscap\default\rpcid.sc cache.
[2026-07-26T01:46:20.704] [DEBUG] debug-file - Incremental task entry:default@SyscapTransform post-execution cost:3 ms .
[2026-07-26T01:46:20.704] [DEBUG] debug-file - There is no need to refresh cache, since the incremental task entry:default@ProcessProfile is up-to-date.
[2026-07-26T01:46:20.704] [DEBUG] debug-file - There is no need to refresh cache, since the incremental task entry:default@ProcessRouterMap is up-to-date.
[2026-07-26T01:46:20.704] [DEBUG] debug-file - There is no need to refresh cache, since the incremental task entry:default@ProcessShareConfig is up-to-date.
[2026-07-26T01:46:20.704] [DEBUG] debug-file - Update task entry:default@ProcessStartupConfig input file:C:\Users\H1314\Desktop\foodkeeper\Foodkeeper-v1.0\entry\build\default\intermediates\loader\default\pkgContextInfo.json cache by regenerate.
[2026-07-26T01:46:20.704] [DEBUG] debug-file - Update task entry:default@ProcessStartupConfig output file:C:\Users\H1314\Desktop\foodkeeper\Foodkeeper-v1.0\entry\build\default\intermediates\startup\default\startup_config.json cache.
[2026-07-26T01:46:20.705] [DEBUG] debug-file - Incremental task entry:default@ProcessStartupConfig post-execution cost:1 ms .
[2026-07-26T01:46:20.705] [DEBUG] debug-file - There is no need to refresh cache, since the incremental task entry:default@ProcessResource is up-to-date.
[2026-07-26T01:46:20.705] [DEBUG] debug-file - There is no need to refresh cache, since the incremental task entry:default@GenerateLoaderJson is up-to-date.
[2026-07-26T01:46:20.705] [DEBUG] debug-file - There is no need to refresh cache, since the incremental task entry:default@ProcessLibs is up-to-date.
[2026-07-26T01:46:20.706] [DEBUG] debug-file - Update task entry:default@CompileResource input file:C:\Users\H1314\Desktop\foodkeeper\Foodkeeper-v1.0\entry\src\main\resources cache from map.
[2026-07-26T01:46:20.706] [DEBUG] debug-file - Update task entry:default@CompileResource input file:C:\Users\H1314\Desktop\foodkeeper\Foodkeeper-v1.0\AppScope\resources cache by regenerate.
[2026-07-26T01:46:20.707] [DEBUG] debug-file - Update task entry:default@CompileResource input file:C:\Users\H1314\Desktop\foodkeeper\Foodkeeper-v1.0\entry\build\default\intermediates\process_profile\default\module.json cache by regenerate.
[2026-07-26T01:46:20.707] [DEBUG] debug-file - Update task entry:default@CompileResource input file:C:\Users\H1314\Desktop\foodkeeper\Foodkeeper-v1.0\entry\build\default\intermediates\res\default\resConfig.json cache by regenerate.
[2026-07-26T01:46:20.708] [DEBUG] debug-file - Update task entry:default@CompileResource output file:C:\Users\H1314\Desktop\foodkeeper\Foodkeeper-v1.0\entry\build\default\intermediates\res\default cache.
[2026-07-26T01:46:20.712] [DEBUG] debug-file - Update task entry:default@CompileResource output file:C:\Users\H1314\Desktop\foodkeeper\Foodkeeper-v1.0\entry\build\default\generated\r\default\ResourceTable.h cache.
[2026-07-26T01:46:20.712] [DEBUG] debug-file - Update task entry:default@CompileResource output file:C:\Users\H1314\Desktop\foodkeeper\Foodkeeper-v1.0\entry\build\default\generated\r\default\ResourceTable.ts cache.
[2026-07-26T01:46:20.712] [DEBUG] debug-file - Update task entry:default@CompileResource output file:C:\Users\H1314\Desktop\foodkeeper\Foodkeeper-v1.0\entry\build\default\generated\r\default cache.
[2026-07-26T01:46:20.713] [DEBUG] debug-file - Incremental task entry:default@CompileResource post-execution cost:9 ms .
[2026-07-26T01:46:20.713] [DEBUG] debug-file - There is no need to refresh cache, since the incremental task entry:default@DoNativeStrip is up-to-date.
[2026-07-26T01:46:20.714] [DEBUG] debug-file - Update task entry:default@CompileArkTS input file:C:\Users\H1314\Desktop\foodkeeper\Foodkeeper-v1.0\entry\build\default\intermediates\loader\default cache by regenerate.
[2026-07-26T01:46:20.715] [DEBUG] debug-file - Update task entry:default@CompileArkTS input file:C:\Users\H1314\Desktop\foodkeeper\Foodkeeper-v1.0\entry\build\default\intermediates\res\default\resources\rawfile cache by regenerate.
[2026-07-26T01:46:20.715] [DEBUG] debug-file - Update task entry:default@CompileArkTS input file:C:\Users\H1314\Desktop\foodkeeper\Foodkeeper-v1.0\entry\build\default\intermediates\res\default\ResourceTable.txt cache from map.
[2026-07-26T01:46:20.715] [DEBUG] debug-file - Update task entry:default@CompileArkTS input file:C:\Users\H1314\Desktop\foodkeeper\Foodkeeper-v1.0\entry\build\default\intermediates\res\default\ark_module.json cache by regenerate.
[2026-07-26T01:46:20.716] [DEBUG] debug-file - Update task entry:default@CompileArkTS input file:C:\Users\H1314\Desktop\foodkeeper\Foodkeeper-v1.0\entry\build\default\intermediates\res\default\resources\base\profile cache by regenerate.
[2026-07-26T01:46:20.716] [DEBUG] debug-file - Update task entry:default@CompileArkTS input file:C:\Users\H1314\Desktop\foodkeeper\Foodkeeper-v1.0\entry\src\main\ets cache by regenerate.
[2026-07-26T01:46:20.719] [DEBUG] debug-file - Update task entry:default@CompileArkTS input file:C:\Users\H1314\Desktop\foodkeeper\Foodkeeper-v1.0\entry\build\default\intermediates\loader\default\pkgContextInfo.json cache by regenerate.
[2026-07-26T01:46:20.720] [DEBUG] debug-file - Update task entry:default@CompileArkTS input file:C:\Users\H1314\Desktop\foodkeeper\Foodkeeper-v1.0\entry\build\default\generated\profile\default\BuildProfile.ets cache by regenerate.
[2026-07-26T01:46:20.720] [DEBUG] debug-file - Update task entry:default@CompileArkTS input file:C:\Users\H1314\Desktop\foodkeeper\Foodkeeper-v1.0\entry\src\mock\mock-config.json5 cache by regenerate.
[2026-07-26T01:46:20.720] [DEBUG] debug-file - Update task entry:default@CompileArkTS output file:C:\Users\H1314\Desktop\foodkeeper\Foodkeeper-v1.0\entry\build\default\intermediates\loader_out\default\ets cache.
[2026-07-26T01:46:20.721] [DEBUG] debug-file - Incremental task entry:default@CompileArkTS post-execution cost:8 ms .
[2026-07-26T01:46:20.722] [DEBUG] debug-file - Update task entry:default@BuildJS input file:C:\Users\H1314\Desktop\foodkeeper\Foodkeeper-v1.0\entry\build\default\intermediates\loader\default cache by regenerate.
[2026-07-26T01:46:20.723] [DEBUG] debug-file - Update task entry:default@BuildJS input file:C:\Users\H1314\Desktop\foodkeeper\Foodkeeper-v1.0\entry\build\default\intermediates\res\default\resources\rawfile cache by regenerate.
[2026-07-26T01:46:20.723] [DEBUG] debug-file - Update task entry:default@BuildJS input file:C:\Users\H1314\Desktop\foodkeeper\Foodkeeper-v1.0\entry\build\default\intermediates\res\default\ResourceTable.txt cache by regenerate.
[2026-07-26T01:46:20.724] [DEBUG] debug-file - Update task entry:default@BuildJS input file:C:\Users\H1314\Desktop\foodkeeper\Foodkeeper-v1.0\entry\build\default\intermediates\res\default\ark_module.json cache by regenerate.
[2026-07-26T01:46:20.724] [DEBUG] debug-file - Update task entry:default@BuildJS input file:C:\Users\H1314\Desktop\foodkeeper\Foodkeeper-v1.0\entry\build\default\intermediates\res\default\resources\base\profile cache by regenerate.
[2026-07-26T01:46:20.724] [DEBUG] debug-file - Update task entry:default@BuildJS input file:C:\Users\H1314\Desktop\foodkeeper\Foodkeeper-v1.0\entry\build\default\intermediates\loader\default\pkgContextInfo.json cache by regenerate.
[2026-07-26T01:46:20.725] [DEBUG] debug-file - Update task entry:default@BuildJS output file:C:\Users\H1314\Desktop\foodkeeper\Foodkeeper-v1.0\entry\build\default\intermediates\loader_out\default\js cache.
[2026-07-26T01:46:20.725] [DEBUG] debug-file - Incremental task entry:default@BuildJS post-execution cost:4 ms .
[2026-07-26T01:46:20.725] [DEBUG] debug-file - There is no need to refresh cache, since the incremental task entry:default@CacheNativeLibs is up-to-date.
[2026-07-26T01:46:20.725] [DEBUG] debug-file - Update task entry:default@GeneratePkgModuleJson input file:C:\Users\H1314\Desktop\foodkeeper\Foodkeeper-v1.0\entry\build\default\intermediates\res\default\module.json cache from map.
[2026-07-26T01:46:20.725] [DEBUG] debug-file - Update task entry:default@GeneratePkgModuleJson output file:C:\Users\H1314\Desktop\foodkeeper\Foodkeeper-v1.0\entry\build\default\intermediates\package\default\module.json cache.
[2026-07-26T01:46:20.725] [DEBUG] debug-file - Incremental task entry:default@GeneratePkgModuleJson post-execution cost:1 ms .
[2026-07-26T01:46:20.725] [DEBUG] debug-file - Incremental task entry:default@ProcessCompiledResources post-execution cost:1 ms .
[2026-07-26T01:46:20.726] [DEBUG] debug-file - Update task entry:default@PackageHap input file:C:\Users\H1314\Desktop\foodkeeper\Foodkeeper-v1.0\entry\build\default\intermediates\stripped_native_libs\default cache by regenerate.
[2026-07-26T01:46:20.726] [DEBUG] debug-file - Update task entry:default@PackageHap input file:C:\Users\H1314\Desktop\foodkeeper\Foodkeeper-v1.0\entry\build\default\intermediates\res\default\module.json cache from map.
[2026-07-26T01:46:20.726] [DEBUG] debug-file - Update task entry:default@PackageHap input file:C:\Users\H1314\Desktop\foodkeeper\Foodkeeper-v1.0\entry\build\default\intermediates\res\default\resources cache by regenerate.
[2026-07-26T01:46:20.728] [DEBUG] debug-file - Update task entry:default@PackageHap input file:C:\Users\H1314\Desktop\foodkeeper\Foodkeeper-v1.0\entry\build\default\intermediates\res\default\resources.index cache by regenerate.
[2026-07-26T01:46:20.728] [DEBUG] debug-file - Update task entry:default@PackageHap input file:C:\Users\H1314\Desktop\foodkeeper\Foodkeeper-v1.0\entry\build\default\outputs\default\pack.info cache by regenerate.
[2026-07-26T01:46:20.728] [DEBUG] debug-file - Update task entry:default@PackageHap input file:C:\Users\H1314\Desktop\foodkeeper\Foodkeeper-v1.0\entry\build\default\intermediates\loader_out\default\ets cache by regenerate.
[2026-07-26T01:46:20.729] [DEBUG] debug-file - Update task entry:default@PackageHap input file:C:\Users\H1314\Desktop\foodkeeper\Foodkeeper-v1.0\entry\build\default\intermediates\loader\default\pkgContextInfo.json cache by regenerate.
[2026-07-26T01:46:20.729] [DEBUG] debug-file - Update task entry:default@PackageHap input file:C:\Users\H1314\Desktop\foodkeeper\Foodkeeper-v1.0\entry\build\default\intermediates\loader_out\default\ets\sourceMaps.map cache by regenerate.
[2026-07-26T01:46:20.729] [DEBUG] debug-file - Update task entry:default@PackageHap input file:C:\Users\H1314\Desktop\foodkeeper\Foodkeeper-v1.0\entry\build\default\generated\profile\default\BuildProfile.ets cache by regenerate.
[2026-07-26T01:46:20.730] [DEBUG] debug-file - Update task entry:default@PackageHap output file:C:\Users\H1314\Desktop\foodkeeper\Foodkeeper-v1.0\entry\build\default\outputs\default\entry-default-unsigned.hap cache.
[2026-07-26T01:46:20.730] [DEBUG] debug-file - Update task entry:default@PackageHap output file:C:\Users\H1314\Desktop\foodkeeper\Foodkeeper-v1.0\entry\build\default\intermediates\source_map\default\sourceMaps.map cache.
[2026-07-26T01:46:20.730] [DEBUG] debug-file - Update task entry:default@PackageHap output file:C:\Users\H1314\Desktop\foodkeeper\Foodkeeper-v1.0\entry\build\default\outputs\default\mapping\sourceMaps.map cache.
[2026-07-26T01:46:20.730] [DEBUG] debug-file - Incremental task entry:default@PackageHap post-execution cost:5 ms .
[2026-07-26T01:46:20.731] [DEBUG] debug-file - Update task entry:default@SignHap input file:C:\Users\H1314\.ohos\config\default_Foodkeeper_KwM1xmT7eCaoGu1P7v-j5W5OtfbSqbdMeQP9Gmso0uM=.cer cache by regenerate.
[2026-07-26T01:46:20.731] [DEBUG] debug-file - Update task entry:default@SignHap input file:C:\Users\H1314\.ohos\config\default_Foodkeeper_KwM1xmT7eCaoGu1P7v-j5W5OtfbSqbdMeQP9Gmso0uM=.p7b cache by regenerate.
[2026-07-26T01:46:20.731] [DEBUG] debug-file - Update task entry:default@SignHap input file:C:\Users\H1314\.ohos\config\default_Foodkeeper_KwM1xmT7eCaoGu1P7v-j5W5OtfbSqbdMeQP9Gmso0uM=.p12 cache by regenerate.
[2026-07-26T01:46:20.731] [DEBUG] debug-file - Update task entry:default@SignHap input file:C:\Users\H1314\Desktop\foodkeeper\Foodkeeper-v1.0\entry\build\default\outputs\default\entry-default-unsigned.hap cache from map.
[2026-07-26T01:46:20.731] [DEBUG] debug-file - Update task entry:default@SignHap output file:C:\Users\H1314\Desktop\foodkeeper\Foodkeeper-v1.0\entry\build\default\outputs\default\entry-default-signed.hap cache.
[2026-07-26T01:46:20.732] [DEBUG] debug-file - Incremental task entry:default@SignHap post-execution cost:2 ms .
[2026-07-26T01:46:20.732] [DEBUG] debug-file - Update task entry:default@CollectDebugSymbol input file:C:\Users\H1314\Desktop\foodkeeper\Foodkeeper-v1.0\entry\build\default\intermediates\loader_out\default\ets\sourceMaps.map cache by regenerate.
[2026-07-26T01:46:20.732] [DEBUG] debug-file - Update task entry:default@CollectDebugSymbol input file:C:\Users\H1314\Desktop\foodkeeper\Foodkeeper-v1.0\entry\build\default\intermediates\libs\default cache by regenerate.
[2026-07-26T01:46:20.733] [DEBUG] debug-file - Update task entry:default@CollectDebugSymbol output file:C:\Users\H1314\Desktop\foodkeeper\Foodkeeper-v1.0\entry\build\default\outputs\default\symbol cache.
[2026-07-26T01:46:20.733] [DEBUG] debug-file - Incremental task entry:default@CollectDebugSymbol post-execution cost:2 ms .
[2026-07-26T01:46:20.763] [DEBUG] debug-file - Cleanup worker 14.
[2026-07-26T01:46:20.764] [DEBUG] debug-file - Worker 14 has been cleaned up.
[2026-07-26T01:46:20.764] [DEBUG] debug-file - Current idle worker size: 1.
[2026-07-26T01:46:20.764] [DEBUG] debug-file - Current resident worker size: 2.
[2026-07-26T01:46:20.764] [DEBUG] debug-file - hvigor build process will be closed.
[2026-07-26T01:46:20.765] [DEBUG] debug-file - java daemon socket close code:1000 reason:close by user
[2026-07-26T01:46:20.768] [DEBUG] debug-file - session manager: send message to worker process.
[2026-07-26T01:46:20.768] [DEBUG] debug-file - session manager: send message to worker process.
[2026-07-26T01:46:20.771] [DEBUG] debug-file - watch worker: worker id should be larger than 0. Nothing will be sent to any worker thread.
[2026-07-26T01:46:20.771] [DEBUG] debug-file - watch worker: worker id should be larger than 0. Nothing will be sent to any worker thread.
[2026-07-26T01:46:20.774] [DEBUG] debug-file - worker[14] exits with exit code 1.
[2026-07-26T01:59:08.259] [DEBUG] debug-file - env: nodejsVersion=v24.11.1
[2026-07-26T01:59:08.807] [DEBUG] debug-file - Hvigor init with startParameters:{
  hvigorfileTypeCheck: false,
  parallelExecution: true,
  incrementalExecution: true,
  printStackTrace: false,
  daemon: false,
  analyze: 0,
  logLevel: Level { level: 20000, levelStr: 'INFO', colour: 'green' },
  optimizationStrategy: 'memory',
  hotCompile: undefined,
  hotReloadBuild: undefined,
  customizedParam: undefined
}
[2026-07-26T01:59:13.420] [DEBUG] debug-file - hvigorfile, require result:  { default: { system: [Function: appTasks], plugins: [] } }
[2026-07-26T01:59:13.554] [DEBUG] debug-file - App plugin register hook start...
[2026-07-26T01:59:13.557] [DEBUG] debug-file - Start initialize project's product build option map with build mode debug.
[2026-07-26T01:59:13.422] [DEBUG] debug-file - Starting plugin build process
[2026-07-26T01:59:13.564] [DEBUG] debug-file - Obtain build option for product 'default'in this build.
[2026-07-26T01:59:13.583] [DEBUG] debug-file - Start recording SDK configuration permission data.
[2026-07-26T01:59:13.645] [DEBUG] debug-file - Start initialize module-target build option map, moduleName=entry, buildMode=debug
[2026-07-26T01:59:13.651] [DEBUG] debug-file - project has submodules:entry
[2026-07-26T01:59:13.626] [DEBUG] debug-file - Project task initialization takes 9 ms 
[2026-07-26T01:59:13.634] [DEBUG] debug-file - failed to load cangjie to dynamically generate schemas: Error: Cannot find module '@ohos/cangjie-build-support/index'
Require stack:
- D:\Soft\DevEco\devecostudio-windows-6.1.1.290\DevEco Studio\tools\hvigor\hvigor-ohos-plugin\src\plugin\hooks\cangjie-register.js
- D:\Soft\DevEco\devecostudio-windows-6.1.1.290\DevEco Studio\tools\hvigor\hvigor-ohos-plugin\src\plugin\strategy\stage-init-strategy.js
- D:\Soft\DevEco\devecostudio-windows-6.1.1.290\DevEco Studio\tools\hvigor\hvigor-ohos-plugin\src\plugin\builder\abstract-plugin-builder.js
- D:\Soft\DevEco\devecostudio-windows-6.1.1.290\DevEco Studio\tools\hvigor\hvigor-ohos-plugin\src\plugin\builder\app-plugin-builder.js
- D:\Soft\DevEco\devecostudio-windows-6.1.1.290\DevEco Studio\tools\hvigor\hvigor-ohos-plugin\src\plugin\factory\plugin-factory.js
- D:\Soft\DevEco\devecostudio-windows-6.1.1.290\DevEco Studio\tools\hvigor\hvigor-ohos-plugin\index.js
- C:\Users\H1314\Desktop\foodkeeper\Foodkeeper-v1.0\hvigorfile.ts
- D:\Soft\DevEco\devecostudio-windows-6.1.1.290\DevEco Studio\tools\hvigor\hvigor\src\base\internal\lifecycle\configuration.js
- D:\Soft\DevEco\devecostudio-windows-6.1.1.290\DevEco Studio\tools\hvigor\hvigor\src\base\boot\index.js
- D:\Soft\DevEco\devecostudio-windows-6.1.1.290\DevEco Studio\tools\hvigor\hvigor\src\cli\main\cli.js
- D:\Soft\DevEco\devecostudio-windows-6.1.1.290\DevEco Studio\tools\hvigor\hvigor\bin\hvigor.js
[2026-07-26T01:59:13.672] [DEBUG] debug-file - Start to initialize dependency information.
[2026-07-26T01:59:13.653] [DEBUG] debug-file - start to load updatedOhPackageInfo to the disk
[2026-07-26T01:59:13.686] [DEBUG] debug-file - Executing task :entry:default@PreBuild
[2026-07-26T01:59:13.870] [DEBUG] debug-file - Executing task :entry:default@GenerateMetadata
[2026-07-26T01:59:13.878] [DEBUG] debug-file - Executing task :entry:default@CreateBuildProfile
[2026-07-26T01:59:13.897] [DEBUG] debug-file - Executing task :entry:default@ProcessIntegratedHsp
[2026-07-26T01:59:13.882] [DEBUG] debug-file - Executing task :entry:default@PreCheckSyscap
[2026-07-26T01:59:13.884] [DEBUG] debug-file - Executing task :entry:default@GeneratePkgContextInfo
[2026-07-26T01:59:13.909] [DEBUG] debug-file - Executing task :entry:default@SyscapTransform
[2026-07-26T01:59:13.900] [DEBUG] debug-file - Executing task :entry:default@BuildNativeWithCmake
[2026-07-26T01:59:13.902] [DEBUG] debug-file - Executing task :entry:default@MakePackInfo
[2026-07-26T01:59:13.941] [DEBUG] debug-file - Executing task :entry:default@ProcessProfile
[2026-07-26T01:59:13.945] [DEBUG] debug-file - Executing task :entry:default@ProcessRouterMap
[2026-07-26T01:59:13.949] [DEBUG] debug-file - Executing task :entry:default@ProcessShareConfig
[2026-07-26T01:59:13.958] [DEBUG] debug-file - Executing task :entry:default@BuildNativeWithNinja
[2026-07-26T01:59:13.964] [DEBUG] debug-file - Executing task :entry:default@ProcessResource
[2026-07-26T01:59:13.973] [DEBUG] debug-file - Executing task :entry:default@GenerateLoaderJson
[2026-07-26T01:59:13.953] [DEBUG] debug-file - Executing task :entry:default@ProcessStartupConfig
[2026-07-26T01:59:13.991] [DEBUG] debug-file - Executing task :entry:default@ProcessLibs
[2026-07-26T01:59:13.996] [DEBUG] debug-file - Executing task :entry:default@CompileResource
[2026-07-26T01:59:14.052] [DEBUG] debug-file - Create  resident worker with id: 0.
[2026-07-26T01:59:14.015] [DEBUG] debug-file - Executing task :entry:default@DoNativeStrip
[2026-07-26T01:59:14.018] [DEBUG] debug-file - Executing task :entry:default@CompileArkTS
[2026-07-26T01:59:08.260] [DEBUG] debug-file - env: hvigor-config.json5 content = {
  modelVersion: '6.1.1',
  dependencies: {},
  execution: {},
  logging: {},
  debugging: {},
  nodeOptions: {}
}
[2026-07-26T01:59:14.064] [DEBUG] debug-file - Executing task :entry:default@BuildJS
[2026-07-26T01:59:08.815] [DEBUG] debug-file - Cache service initialization finished in 8 ms 
[2026-07-26T01:59:14.069] [DEBUG] debug-file - Executing task :entry:default@CacheNativeLibs
[2026-07-26T01:59:13.420] [DEBUG] debug-file - hvigorfile, binding system plugins [Function: appTasks]
[2026-07-26T01:59:13.554] [DEBUG] debug-file - App plugin register hook end...
[2026-07-26T01:59:13.557] [DEBUG] debug-file - Picking option from product 'default' with build mode 'debug'.
[2026-07-26T01:59:13.422] [DEBUG] debug-file - App plugin prepare start...
[2026-07-26T01:59:13.574] [DEBUG] debug-file - C:\Users\H1314\Desktop\foodkeeper\Foodkeeper-v1.0\build\cache\default\remote_hsp\remoteHspCache.json not exists.
[2026-07-26T01:59:13.616] [DEBUG] debug-file - Sdk init in 41 ms 
[2026-07-26T01:59:13.645] [DEBUG] debug-file - Target 'default' config initialized
[2026-07-26T01:59:13.626] [DEBUG] debug-file - hvigorfile, begin to bind custom plugins...
[2026-07-26T01:59:13.674] [DEBUG] debug-file - Module entry Collected Dependency: 
[2026-07-26T01:59:13.657] [DEBUG] debug-file - load to the disk finished
[2026-07-26T01:59:13.690] [DEBUG] debug-file - Task 'entry:default@PreBuild' cost while wrapping incremental declarations: 1 ms 
[2026-07-26T01:59:13.870] [DEBUG] debug-file - Task 'entry:default@GenerateMetadata' cost while wrapping incremental declarations: 1 ms 
[2026-07-26T01:59:13.879] [DEBUG] debug-file - Task 'entry:default@CreateBuildProfile' cost while wrapping incremental declarations: 1 ms 
[2026-07-26T01:59:13.897] [DEBUG] debug-file - entry:default@ProcessIntegratedHsp is not up-to-date, since the output file 'C:\Users\H1314\Desktop\foodkeeper\Foodkeeper-v1.0\build\cache\default\integrated_hsp\integratedHspCache.json' does not exist.
[2026-07-26T01:59:13.882] [DEBUG] debug-file - entry : default@PreCheckSyscap cost memory 0.01660919189453125
[2026-07-26T01:59:13.888] [DEBUG] debug-file - Task 'entry:default@GeneratePkgContextInfo' cost while wrapping incremental declarations: 1 ms 
[2026-07-26T01:59:13.909] [DEBUG] debug-file - File: 'C:\Users\H1314\Desktop\foodkeeper\Foodkeeper-v1.0\entry\src\main\syscap.json' from 'sysCapJsonPath' is not exists, just ignore.
[2026-07-26T01:59:13.900] [DEBUG] debug-file - entry : default@BuildNativeWithCmake cost memory 0.01444244384765625
[2026-07-26T01:59:13.906] [DEBUG] debug-file - Incremental task entry:default@MakePackInfo pre-execution cost: 3 ms .
[2026-07-26T01:59:13.942] [DEBUG] debug-file - Task 'entry:default@ProcessProfile' cost while wrapping incremental declarations: 1 ms 
[2026-07-26T01:59:13.947] [DEBUG] debug-file - Incremental task entry:default@ProcessRouterMap pre-execution cost: 2 ms .
[2026-07-26T01:59:13.951] [DEBUG] debug-file - Incremental task entry:default@ProcessShareConfig pre-execution cost: 2 ms .
[2026-07-26T01:59:13.958] [DEBUG] debug-file - entry : default@BuildNativeWithNinja cost memory 0.02313995361328125
[2026-07-26T01:59:13.964] [DEBUG] debug-file - Task 'entry:default@ProcessResource' cost while wrapping incremental declarations: 1 ms 
[2026-07-26T01:59:13.975] [DEBUG] debug-file - Task 'entry:default@GenerateLoaderJson' cost while wrapping incremental declarations: 1 ms 
[2026-07-26T01:59:13.953] [DEBUG] debug-file - Task 'entry:default@ProcessStartupConfig' cost while wrapping incremental declarations: 1 ms 
[2026-07-26T01:59:13.993] [DEBUG] debug-file - Incremental task entry:default@ProcessLibs pre-execution cost: 2 ms .
[2026-07-26T01:59:14.011] [DEBUG] debug-file - Incremental task entry:default@CompileResource pre-execution cost: 14 ms .
[2026-07-26T01:59:14.056] [DEBUG] debug-file - Create  resident worker with id: 1.
[2026-07-26T01:59:14.015] [DEBUG] debug-file - File: 'C:\Users\H1314\Desktop\foodkeeper\Foodkeeper-v1.0\entry\build\default\intermediates\binxo\default' from 'doBinxoNativeLibs' is not exists, just ignore.
[2026-07-26T01:59:14.019] [DEBUG] debug-file - obfuscationOptions: undefined
[2026-07-26T01:59:08.261] [DEBUG] debug-file - env: daemon=false
[2026-07-26T01:59:14.064] [DEBUG] debug-file - Task 'entry:default@BuildJS' cost while wrapping incremental declarations: 1 ms 
[2026-07-26T01:59:08.816] [DEBUG] debug-file - hvigorfile, resolving C:\Users\H1314\Desktop\foodkeeper\Foodkeeper-v1.0\hvigorfile.ts
[2026-07-26T01:59:14.069] [DEBUG] debug-file - File: 'C:\Users\H1314\Desktop\foodkeeper\Foodkeeper-v1.0\entry\build\default\intermediates\binxo\default' from 'cacheBinxoNativeLibs' is not exists, just ignore.
[2026-07-26T01:59:13.554] [DEBUG] debug-file - Plugin build process completed
[2026-07-26T01:59:13.558] [DEBUG] debug-file - Product 'default' build option initialized
[2026-07-26T01:59:13.422] [DEBUG] debug-file - App plugin prepare end...
[2026-07-26T01:59:13.576] [DEBUG] debug-file - Local scan or download HarmonyOS sdk components toolchains,ets,js,native,previewer
[2026-07-26T01:59:13.645] [DEBUG] debug-file - Target 'ohosTest' config initialized
[2026-07-26T01:59:13.626] [DEBUG] debug-file - hvigorfile, no custom plugins were found in C:\Users\H1314\Desktop\foodkeeper\Foodkeeper-v1.0\hvigorfile.ts
[2026-07-26T01:59:13.674] [DEBUG] debug-file - Module entry's total dependency: 0
[2026-07-26T01:59:13.658] [DEBUG] debug-file - Start to initialize dependency information.
[2026-07-26T01:59:13.698] [DEBUG] debug-file - entry:default@PreBuild is not up-to-date, since the task snapshots are different.
[2026-07-26T01:59:13.871] [DEBUG] debug-file - Incremental task entry:default@GenerateMetadata pre-execution cost: 2 ms .
[2026-07-26T01:59:13.880] [DEBUG] debug-file - Incremental task entry:default@CreateBuildProfile pre-execution cost: 1 ms .
[2026-07-26T01:59:13.897] [DEBUG] debug-file - Incremental task entry:default@ProcessIntegratedHsp pre-execution cost: 1 ms .
[2026-07-26T01:59:13.882] [DEBUG] debug-file - runTaskFromQueue task cost before running: 5 s 86 ms 
[2026-07-26T01:59:13.910] [DEBUG] debug-file - Task 'entry:default@SyscapTransform' cost while wrapping incremental declarations: 1 ms 
[2026-07-26T01:59:13.889] [DEBUG] debug-file - Incremental task entry:default@GeneratePkgContextInfo pre-execution cost: 1 ms .
[2026-07-26T01:59:13.900] [DEBUG] debug-file - runTaskFromQueue task cost before running: 5 s 104 ms 
[2026-07-26T01:59:13.906] [DEBUG] debug-file - entry : default@MakePackInfo cost memory 0.1396331787109375
[2026-07-26T01:59:13.943] [DEBUG] debug-file - Incremental task entry:default@ProcessProfile pre-execution cost: 1 ms .
[2026-07-26T01:59:13.951] [DEBUG] debug-file - entry : default@ProcessShareConfig cost memory 0.523681640625
[2026-07-26T01:59:13.947] [DEBUG] debug-file - entry : default@ProcessRouterMap cost memory 0.1605072021484375
[2026-07-26T01:59:13.965] [DEBUG] debug-file - Incremental task entry:default@ProcessResource pre-execution cost: 1 ms .
[2026-07-26T01:59:13.985] [DEBUG] debug-file - Incremental task entry:default@GenerateLoaderJson pre-execution cost: 6 ms .
[2026-07-26T01:59:13.954] [DEBUG] debug-file - entry:default@ProcessStartupConfig is not up-to-date, since the output file 'C:\Users\H1314\Desktop\foodkeeper\Foodkeeper-v1.0\entry\build\default\intermediates\startup\default\startup_config.json' does not exist.
[2026-07-26T01:59:13.994] [DEBUG] debug-file - entry : default@ProcessLibs cost memory 0.1038970947265625
[2026-07-26T01:59:13.958] [DEBUG] debug-file - runTaskFromQueue task cost before running: 5 s 163 ms 
[2026-07-26T01:59:14.015] [DEBUG] debug-file - Task 'entry:default@DoNativeStrip' cost while wrapping incremental declarations: 1 ms 
[2026-07-26T01:59:14.059] [DEBUG] debug-file - default@CompileArkTS work[0] is submitted.
[2026-07-26T01:59:08.261] [DEBUG] debug-file - no-daemon, use the parent process.execArgv --max-old-space-size=8192,--max-semi-space-size=16,--expose-gc
[2026-07-26T01:59:14.020] [DEBUG] debug-file - Task 'entry:default@CompileArkTS' cost while wrapping incremental declarations: 1 ms 
[2026-07-26T01:59:14.067] [DEBUG] debug-file - entry : default@BuildJS cost memory 0.13191986083984375
[2026-07-26T01:59:14.069] [DEBUG] debug-file - Task 'entry:default@CacheNativeLibs' cost while wrapping incremental declarations: 1 ms 
[2026-07-26T01:59:13.558] [DEBUG] debug-file - End initialize project's product build option map with build mode 'debug'.
[2026-07-26T01:59:13.422] [DEBUG] debug-file - App plugin creating...
[2026-07-26T01:59:13.579] [DEBUG] debug-file - Local scan or download hmscore sdk components toolchains,ets,native
[2026-07-26T01:59:14.011] [DEBUG] debug-file - entry : default@CompileResource cost memory 0.6104736328125
[2026-07-26T01:59:13.645] [DEBUG] debug-file - Module 'entry' target 'default' build option initialized
[2026-07-26T01:59:13.626] [DEBUG] debug-file - hvigorfile, resolve finished C:\Users\H1314\Desktop\foodkeeper\Foodkeeper-v1.0\hvigorfile.ts
[2026-07-26T01:59:13.677] [DEBUG] debug-file - Configuration phase cost:4 s 862 ms 
[2026-07-26T01:59:13.670] [DEBUG] debug-file - Module Foodkeeper-v1.0 Collected Dependency: 
[2026-07-26T01:59:13.698] [DEBUG] debug-file - Incremental task entry:default@PreBuild pre-execution cost: 6 ms .
[2026-07-26T01:59:13.872] [DEBUG] debug-file - entry : default@GenerateMetadata cost memory 0.1061248779296875
[2026-07-26T01:59:13.880] [DEBUG] debug-file - entry : default@CreateBuildProfile cost memory 0.11187744140625
[2026-07-26T01:59:13.898] [DEBUG] debug-file - entry : default@ProcessIntegratedHsp cost memory 0.053253173828125
[2026-07-26T01:59:13.882] [INFO] debug-file - Finished :entry:default@PreCheckSyscap... after 1 ms 
[2026-07-26T01:59:13.938] [DEBUG] debug-file - entry:default@SyscapTransform is not up-to-date, since the output file 'C:\Users\H1314\Desktop\foodkeeper\Foodkeeper-v1.0\entry\build\default\intermediates\syscap\default\rpcid.sc' does not exist.
[2026-07-26T01:59:13.889] [DEBUG] debug-file - entry : default@GeneratePkgContextInfo cost memory 0.35597991943359375
[2026-07-26T01:59:13.900] [INFO] debug-file - Finished :entry:default@BuildNativeWithCmake... after 1 ms 
[2026-07-26T01:59:13.943] [DEBUG] debug-file - entry : default@ProcessProfile cost memory 0.146087646484375
[2026-07-26T01:59:13.947] [INFO] debug-file - UP-TO-DATE :entry:default@ProcessRouterMap...  
[2026-07-26T01:59:13.907] [INFO] debug-file - UP-TO-DATE :entry:default@MakePackInfo...  
[2026-07-26T01:59:13.951] [INFO] debug-file - UP-TO-DATE :entry:default@ProcessShareConfig...  
[2026-07-26T01:59:13.965] [DEBUG] debug-file - entry : default@ProcessResource cost memory 0.23802947998046875
[2026-07-26T01:59:13.986] [DEBUG] debug-file - entry : default@GenerateLoaderJson cost memory 0.6005325317382812
[2026-07-26T01:59:13.954] [DEBUG] debug-file - Incremental task entry:default@ProcessStartupConfig pre-execution cost: 1 ms .
[2026-07-26T01:59:13.994] [INFO] debug-file - UP-TO-DATE :entry:default@ProcessLibs...  
[2026-07-26T01:59:13.959] [INFO] debug-file - Finished :entry:default@BuildNativeWithNinja... after 1 ms 
[2026-07-26T01:59:14.059] [DEBUG] debug-file - default@CompileArkTS work[0] is pushed to ready queue.
[2026-07-26T01:59:14.016] [DEBUG] debug-file - Incremental task entry:default@DoNativeStrip pre-execution cost: 1 ms .
[2026-07-26T01:59:14.033] [DEBUG] debug-file - entry:default@CompileArkTS is not up-to-date, since the input file 'C:\Users\H1314\Desktop\foodkeeper\Foodkeeper-v1.0\entry\src\main\ets' has been changed.
[2026-07-26T01:59:14.067] [DEBUG] debug-file - runTaskFromQueue task cost before running: 5 s 271 ms 
[2026-07-26T01:59:14.013] [INFO] debug-file - UP-TO-DATE :entry:default@CompileResource...  
[2026-07-26T01:59:13.645] [DEBUG] debug-file - Module 'entry' target 'ohosTest' build option initialized
[2026-07-26T01:59:13.626] [DEBUG] debug-file - hvigorfile, resolving C:\Users\H1314\Desktop\foodkeeper\Foodkeeper-v1.0\entry\hvigorfile.ts
[2026-07-26T01:59:13.679] [DEBUG] debug-file - Configuration task cost before running: 4 s 883 ms 
[2026-07-26T01:59:14.071] [DEBUG] debug-file - Incremental task entry:default@CacheNativeLibs pre-execution cost: 2 ms .
[2026-07-26T01:59:13.872] [INFO] debug-file - UP-TO-DATE :entry:default@GenerateMetadata...  
[2026-07-26T01:59:13.880] [INFO] debug-file - UP-TO-DATE :entry:default@CreateBuildProfile...  
[2026-07-26T01:59:13.898] [DEBUG] debug-file - runTaskFromQueue task cost before running: 5 s 102 ms 
[2026-07-26T01:59:13.670] [DEBUG] debug-file - Module Foodkeeper-v1.0's total dependency: 0
[2026-07-26T01:59:13.938] [DEBUG] debug-file - Incremental task entry:default@SyscapTransform pre-execution cost: 28 ms .
[2026-07-26T01:59:13.852] [DEBUG] debug-file - current product is not Atomic service.
[2026-07-26T01:59:13.889] [INFO] debug-file - UP-TO-DATE :entry:default@GeneratePkgContextInfo...  
[2026-07-26T01:59:13.970] [INFO] debug-file - UP-TO-DATE :entry:default@ProcessResource...  
[2026-07-26T01:59:13.943] [INFO] debug-file - UP-TO-DATE :entry:default@ProcessProfile...  
[2026-07-26T01:59:13.955] [DEBUG] debug-file - entry : default@ProcessStartupConfig cost memory 0.1451873779296875
[2026-07-26T01:59:13.961] [DEBUG] debug-file - restool module names: entry; moduleName=entry, taskName=default@ProcessResource
[2026-07-26T01:59:13.995] [DEBUG] debug-file - restool module names: entry; moduleName=entry, taskName=default@CompileResource
[2026-07-26T01:59:13.990] [INFO] debug-file - UP-TO-DATE :entry:default@GenerateLoaderJson...  
[2026-07-26T01:59:14.016] [DEBUG] debug-file - entry : default@DoNativeStrip cost memory 0.410491943359375
[2026-07-26T01:59:14.059] [DEBUG] debug-file - A work dispatched to worker[15] failed because unable to get work from ready queue.
[2026-07-26T01:59:14.034] [DEBUG] debug-file - Incremental task entry:default@CompileArkTS pre-execution cost: 11 ms .
[2026-07-26T01:59:14.067] [INFO] debug-file - Finished :entry:default@BuildJS... after 3 ms 
[2026-07-26T01:59:13.645] [DEBUG] debug-file - End initialize module-target build option map, moduleName=entry
[2026-07-26T01:59:13.632] [DEBUG] debug-file - hvigorfile, require result:  { default: { system: [Function: hapTasks], plugins: [] } }
[2026-07-26T01:59:14.071] [DEBUG] debug-file - entry : default@CacheNativeLibs cost memory 0.08206939697265625
[2026-07-26T01:59:13.873] [DEBUG] debug-file - Executing task :entry:default@ConfigureCmake
[2026-07-26T01:59:13.898] [INFO] debug-file - Finished :entry:default@ProcessIntegratedHsp... after 1 ms 
[2026-07-26T01:59:13.938] [DEBUG] debug-file - entry : default@SyscapTransform cost memory 0.1406097412109375
[2026-07-26T01:59:13.853] [DEBUG] debug-file - Use tool [win32: JAVA_HOME, CLASSPATH]
 [ { JAVA_HOME: 'D:\\3_JAVA\\JDK\\jdk17' }, { CLASSPATH: undefined } ]
[2026-07-26T01:59:13.890] [DEBUG] debug-file - Executing task :entry:default@GeneratePkgSdkInfo
[2026-07-26T01:59:13.955] [DEBUG] debug-file - runTaskFromQueue task cost before running: 5 s 159 ms 
[2026-07-26T01:59:14.048] [DEBUG] debug-file - build config:
[2026-07-26T01:59:14.059] [DEBUG] debug-file - A work dispatched to worker[14] failed because unable to get work from ready queue.
[2026-07-26T01:59:14.016] [INFO] debug-file - UP-TO-DATE :entry:default@DoNativeStrip...  
[2026-07-26T01:59:13.645] [DEBUG] debug-file - Start initialize module-target build option map, moduleName=entry, buildMode=release
[2026-07-26T01:59:13.632] [DEBUG] debug-file - hvigorfile, binding system plugins [Function: hapTasks]
[2026-07-26T01:59:14.071] [INFO] debug-file - UP-TO-DATE :entry:default@CacheNativeLibs...  
[2026-07-26T01:59:13.873] [DEBUG] debug-file - entry : default@ConfigureCmake cost memory 0.01264190673828125
[2026-07-26T01:59:13.938] [DEBUG] debug-file - runTaskFromQueue task cost before running: 5 s 143 ms 
[2026-07-26T01:59:13.853] [DEBUG] debug-file - Use tool [win32: NODE_HOME]
 [ { NODE_HOME: undefined } ]
[2026-07-26T01:59:13.955] [INFO] debug-file - Finished :entry:default@ProcessStartupConfig... after 2 ms 
[2026-07-26T01:59:13.892] [DEBUG] debug-file - Task 'entry:default@GeneratePkgSdkInfo' cost while wrapping incremental declarations: 1 ms 
[2026-07-26T01:59:14.059] [DEBUG] debug-file - A work dispatched to worker[13] failed because unable to get work from ready queue.
[2026-07-26T01:59:14.049] [DEBUG] debug-file - {
  moduleType: 'entry',
  perf: 0,
  targetName: '.default',
  packageManagerType: 'ohpm',
  localPropertiesPath: 'C:\\Users\\H1314\\Desktop\\foodkeeper\\Foodkeeper-v1.0\\local.properties',
  isPreview: false,
  isOhosTest: false,
  isLocalTest: false,
  buildMode: 'Debug',
  hotReloadBuild: undefined,
  watchMode: 'false',
  aceProfilePath: 'C:\\Users\\H1314\\Desktop\\foodkeeper\\Foodkeeper-v1.0\\entry\\build\\default\\intermediates\\res\\default\\resources\\base\\profile',
  etsLoaderPath: 'D:\\Soft\\DevEco\\devecostudio-windows-6.1.1.290\\DevEco Studio\\sdk\\default\\openharmony\\ets\\build-tools\\ets-loader',
  modulePath: 'C:\\Users\\H1314\\Desktop\\foodkeeper\\Foodkeeper-v1.0\\entry',
  testFrameworkPar: {
    testMode: undefined,
    coveragePathFilter: undefined,
    coverageMode: undefined
  },
  needCoverageInsert: false,
  debugLine: false,
  projectTopDir: 'C:\\Users\\H1314\\Desktop\\foodkeeper\\Foodkeeper-v1.0',
  compileSdkVersion: 24,
  compatibleSdkVersion: 20,
  originCompatibleSdkVersion: '6.0.0(20)',
  compatibleSdkVersionStage: undefined,
  bundleName: 'c***r',
  etsLoaderVersion: '6.1.1.125',
  etsLoaderReleaseType: 'Release',
  aotCompileMode: 'type',
  apPath: 'C:\\Users\\H1314\\Desktop\\foodkeeper\\Foodkeeper-v1.0\\entry\\modules.ap',
  entryModuleName: 'entry',
  entryModuleVersion: '1.0.0',
  entryPackageName: 'entry',
  allModuleNameHash: '5a8e40311c990954e1242db61f4ac16a53f6772c738d7b9e71c868f46c672df2',
  externalApiPaths: [
    'D:\\Soft\\DevEco\\devecostudio-windows-6.1.1.290\\DevEco Studio\\sdk\\default\\hms\\ets'
  ],
  compilerTypes: [],
  isCrossplatform: false,
  hvigorPluginFile: undefined,
  compilePluginPath: undefined,
  buildGeneratedProfilePath: 'C:\\Users\\H1314\\Desktop\\foodkeeper\\Foodkeeper-v1.0\\entry\\build\\default\\generated\\profile\\default',
  bundleType: 'app',
  arkTSVersion: undefined,
  apiVersion: 24,
  needCompleteSourcesMap: false,
  isFaMode: false,
  buildDir: 'C:\\Users\\H1314\\Desktop\\foodkeeper\\Foodkeeper-v1.0\\entry\\build',
  deviceTypes: [ 'phone' ],
  pkgContextInfo: {
    '@ohos/hypium': {
      packageName: '@ohos/hypium',
      bundleName: '*****',
      moduleName: '',
      version: '1.0.21',
      entryPath: 'index.js',
      isSO: false,
      dependencyAlias: ''
    },
    '@ohos/hamock': {
      packageName: '@ohos/hamock',
      bundleName: '*****',
      moduleName: '',
      version: '1.0.0',
      entryPath: 'index.ets',
      isSO: false,
      dependencyAlias: ''
    },
    entry: {
      packageName: 'entry',
      bundleName: '*****',
      moduleName: '',
      version: '',
      entryPath: 'src/main/',
      isSO: false,
      dependencyAlias: ''
    }
  },
  ohPackagePathMap: {},
  dependencyAliasMap: {},
  permission: { requestPermissions: undefined, definePermissions: undefined },
  useGetCurrentBundleName: false,
  projectArkOption: undefined,
  sourceMapDir: undefined,
  branchElimination: false,
  transformLib: undefined,
  tsImportSendable: false,
  resolveConflictMode: true,
  depName2RootPath: {},
  depName2DepInfo: {},
  depName2OhExports: {},
  rootPathSet: [ 'C:\\Users\\H1314\\Desktop\\foodkeeper\\Foodkeeper-v1.0' ],
  useNativeResolver: true,
  shouldEmitJs: true,
  useTscResolve: false,
  singleFileEmit: false,
  userProjectConfig: {
    autoLazyImport: false,
    allowEmptyBundleName: false,
    reExportCheckMode: 'noCheck',
    executionMode: 'memory',
    usePathPlaceholder: false,
    writeRollupCache: true,
    isExpandImportEnabled: false,
    expandImportExclude: '',
    lazyImportExclude: '',
    lazyImportInclude: '',
    ignoreCrossplatformCheck: false,
    isHarDeduplicateEnabled: false,
    skipOhModulesLint: false,
    enableStrictCheckOHModule: false,
    disableSendableCheckRules: [],
    useDeclarationFileSignature: false,
    customizedOptions: undefined,
    integratedHsp: false,
    isPreloadSoEnabled: false
  },
  executionMode: 'memory',
  arkCompileCachePath: 'C:\\Users\\H1314\\Desktop\\foodkeeper\\Foodkeeper-v1.0\\entry\\build\\default\\cache\\default\\default@CompileArkTS\\esmodule',
  autoLazyFilter: undefined,
  isHarDeduplicateEnabled: false,
  intermediateHarDuplicateDirPath: 'C:\\Users\\H1314\\Desktop\\foodkeeper\\Foodkeeper-v1.0\\entry\\build\\default\\intermediates\\har_duplicate\\default',
  autoLazyImport: false,
  allowEmptyBundleName: false,
  reExportCheckMode: 'noCheck',
  usePathPlaceholder: false,
  writeRollupCache: true,
  isExpandImportEnabled: false,
  expandImportExclude: '',
  lazyImportExclude: '',
  lazyImportInclude: '',
  ignoreCrossplatformCheck: false,
  skipOhModulesLint: false,
  enableStrictCheckOHModule: false,
  disableSendableCheckRules: [],
  useDeclarationFileSignature: false,
  customizedOptions: undefined,
  integratedHsp: false,
  isPreloadSoEnabled: false,
  strictMode: {
    caseSensitiveCheck: true,
    useNormalizedOHMUrl: true,
    noExternalImportByPath: true
  },
  useNormalizedOHMUrl: true,
  caseSensitiveCheck: true,
  strictCheckerOnly: false,
  aceModuleJsonPath: 'C:\\Users\\H1314\\Desktop\\foodkeeper\\Foodkeeper-v1.0\\entry\\build\\default\\intermediates\\res\\default\\ark_module.json',
  appResource: 'C:\\Users\\H1314\\Desktop\\foodkeeper\\Foodkeeper-v1.0\\entry\\build\\default\\intermediates\\res\\default\\ResourceTable.txt',
  rawFileResource: 'C:\\Users\\H1314\\Desktop\\foodkeeper\\Foodkeeper-v1.0\\entry\\build\\default\\intermediates\\res\\default\\resources\\rawfile',
  resourceTableHash: 'd81a83941c07883d4327563ba2cfe0ac7f68042912820a1577b99d29cbd144cc',
  runtimeOS: 'HarmonyOS',
  sdkInfo: 'false:24:6.1.1.125:Release',
  aceModuleRoot: 'C:\\Users\\H1314\\Desktop\\foodkeeper\\Foodkeeper-v1.0\\entry\\src\\main\\ets',
  compileMode: 'esmodule',
  aceSuperVisualPath: 'C:\\Users\\H1314\\Desktop\\foodkeeper\\Foodkeeper-v1.0\\entry\\src\\main\\supervisual',
  aceBuildJson: 'C:\\Users\\H1314\\Desktop\\foodkeeper\\Foodkeeper-v1.0\\entry\\build\\default\\intermediates\\loader\\default\\loader.json',
  cachePath: 'C:\\Users\\H1314\\Desktop\\foodkeeper\\Foodkeeper-v1.0\\entry\\build\\default\\cache\\default\\default@CompileArkTS\\esmodule\\debug',
  aceModuleBuild: 'C:\\Users\\H1314\\Desktop\\foodkeeper\\Foodkeeper-v1.0\\entry\\build\\default\\intermediates\\loader_out\\default\\ets',
  supportChunks: true,
  declaredFilesPath: undefined,
  shouldCollectDirectImportees: false,
  isByteCodeHarOptimize: false,
  expandImportPath: undefined,
  resourceTableTs: 'C:\\Users\\H1314\\Desktop\\foodkeeper\\Foodkeeper-v1.0\\entry\\build\\default\\generated\\r\\default\\ResourceTable.ts',
  moduleMetaInfoFiles: [
    {
      filePath: 'C:\\Users\\H1314\\Desktop\\foodkeeper\\Foodkeeper-v1.0\\entry\\build\\default\\generated\\r\\default\\ResourceTable.ts',
      ohmurl: '&entry/build/generated/r/ResourceTable&'
    }
  ],
  pkgNameToPkgBriefInfo: {
    entry: {
      pkgRoot: 'C:\\Users\\H1314\\Desktop\\foodkeeper\\Foodkeeper-v1.0\\entry',
      originalSourceRoots: undefined,
      sourceRoots: [Array],
      pkgName: 'entry'
    }
  },
  projectModel: {
    'C:\\Users\\H1314\\Desktop\\foodkeeper\\Foodkeeper-v1.0\\entry\\src\\main': {
      moduleName: 'entry',
      modulePkgPath: 'C:\\Users\\H1314\\Desktop\\foodkeeper\\Foodkeeper-v1.0\\entry',
      belongProjectPath: 'C:\\Users\\H1314\\Desktop\\foodkeeper\\Foodkeeper-v1.0'
    },
    'C:\\Users\\H1314\\Desktop\\foodkeeper\\Foodkeeper-v1.0\\entry\\.test\\default\\intermediates\\src\\ohosTest\\ets': {
      moduleName: 'entry_test',
      modulePkgPath: 'C:\\Users\\H1314\\Desktop\\foodkeeper\\Foodkeeper-v1.0\\entry',
      belongProjectPath: 'C:\\Users\\H1314\\Desktop\\foodkeeper\\Foodkeeper-v1.0'
    },
    'C:\\Users\\H1314\\Desktop\\foodkeeper\\Foodkeeper-v1.0\\entry\\src\\ohosTest': {
      moduleName: 'entry_test',
      modulePkgPath: 'C:\\Users\\H1314\\Desktop\\foodkeeper\\Foodkeeper-v1.0\\entry',
      belongProjectPath: 'C:\\Users\\H1314\\Desktop\\foodkeeper\\Foodkeeper-v1.0'
    },
    'C:\\Users\\H1314\\Desktop\\foodkeeper\\Foodkeeper-v1.0\\entry': {
      moduleName: 'entry',
      modulePkgPath: 'C:\\Users\\H1314\\Desktop\\foodkeeper\\Foodkeeper-v1.0\\entry',
      belongProjectPath: 'C:\\Users\\H1314\\Desktop\\foodkeeper\\Foodkeeper-v1.0'
    },
    'C:\\Users\\H1314\\Desktop\\foodkeeper\\Foodkeeper-v1.0': {
      moduleName: 'Foodkeeper-v1.0',
      modulePkgPath: 'C:\\Users\\H1314\\Desktop\\foodkeeper\\Foodkeeper-v1.0',
      belongProjectPath: 'C:\\Users\\H1314\\Desktop\\foodkeeper\\Foodkeeper-v1.0'
    }
  },
  pkgJsonFileHash: '7c73f54ab7f6179c8b46a9f252100c68cf10ae6dd80f95f858f353cadb446f0e',
  allModulePaths: [ 'C:\\Users\\H1314\\Desktop\\foodkeeper\\Foodkeeper-v1.0\\entry' ],
  routerMap: {},
  obfuscationOptions: undefined,
  byteCodeHarToDependencyKeys: undefined,
  compileBlockPkg: [],
  mockParams: {
    decorator: '@MockSetup',
    packageName: '@ohos/hamock',
    etsSourceRootPath: 'src/main/ets',
    mockConfigPath: 'C:\\Users\\H1314\\Desktop\\foodkeeper\\Foodkeeper-v1.0\\entry\\src\\mock\\mock-config.json5',
    mockConfigKey2ModuleInfo: {},
    source2ModuleIdMap: {}
  },
  copyCodeResourceEnable: false,
  copyCodeResourceExcludes: [],
  copyCodeResourceIncludes: undefined,
  uiTransformOptimization: false,
  sdkPath: 'D:/Soft/DevEco/devecostudio-windows-6.1.1.290/DevEco Studio/sdk',
  needPreloadSoFileSet: {},
  preloadSoFilePath: 'C:\\Users\\H1314\\Desktop\\foodkeeper\\Foodkeeper-v1.0\\entry\\build\\default\\intermediates\\preload\\default\\preload.json',
  useSourceHash: false,
  localModuleParamMap: {},
  otherPaths: {
    'entry/*': [
      '..\\*',
      '..\\..\\..\\build\\default\\generated\\profile\\default\\*'
    ]
  },
  collectImportersConfig: undefined
}
[2026-07-26T01:59:13.645] [DEBUG] debug-file - Target 'default' config initialized
[2026-07-26T01:59:13.632] [DEBUG] debug-file - Starting plugin build process
[2026-07-26T01:59:13.873] [DEBUG] debug-file - runTaskFromQueue task cost before running: 5 s 77 ms 
[2026-07-26T01:59:13.938] [INFO] debug-file - Finished :entry:default@SyscapTransform... after 30 ms 
[2026-07-26T01:59:13.854] [DEBUG] debug-file - entry : default@PreBuild cost memory 9.408599853515625
[2026-07-26T01:59:13.893] [DEBUG] debug-file - entry : default@GeneratePkgSdkInfo cost memory -0.30841064453125
[2026-07-26T01:59:14.059] [DEBUG] debug-file - A work dispatched to worker[12] failed because unable to get work from ready queue.
[2026-07-26T01:59:14.049] [DEBUG] debug-file - Compile arkts with external api path: D:\Soft\DevEco\devecostudio-windows-6.1.1.290\DevEco Studio\sdk\default\hms\ets
[2026-07-26T01:59:13.646] [DEBUG] debug-file - Target 'ohosTest' config initialized
[2026-07-26T01:59:13.632] [DEBUG] debug-file - Hap plugin creating...
[2026-07-26T01:59:13.873] [INFO] debug-file - Finished :entry:default@ConfigureCmake... after 1 ms 
[2026-07-26T01:59:13.854] [DEBUG] debug-file - runTaskFromQueue task cost before running: 5 s 58 ms 
[2026-07-26T01:59:13.893] [DEBUG] debug-file - runTaskFromQueue task cost before running: 5 s 97 ms 
[2026-07-26T01:59:14.059] [DEBUG] debug-file - A work dispatched to worker[11] failed because unable to get work from ready queue.
[2026-07-26T01:59:14.051] [DEBUG] debug-file - Since there is no instance or instance is terminated, create a new worker pool.
[2026-07-26T01:59:13.646] [DEBUG] debug-file - Module 'entry' target 'default' build option initialized
[2026-07-26T01:59:13.874] [DEBUG] debug-file - Executing task :entry:default@MergeProfile
[2026-07-26T01:59:13.861] [INFO] debug-file - Finished :entry:default@PreBuild... after 168 ms 
[2026-07-26T01:59:13.893] [INFO] debug-file - Finished :entry:default@GeneratePkgSdkInfo... after 3 ms 
[2026-07-26T01:59:14.059] [DEBUG] debug-file - A work dispatched to worker[10] failed because unable to get work from ready queue.
[2026-07-26T01:59:14.051] [DEBUG] debug-file - Worker pool is initialized with config:  {
  minPoolNum: 2,
  maxPoolNum: undefined,
  maxCoreSize: undefined,
  cacheCapacity: undefined,
  cacheTtl: undefined
}
[2026-07-26T01:59:13.646] [DEBUG] debug-file - Module 'entry' target 'ohosTest' build option initialized
[2026-07-26T01:59:13.864] [DEBUG] debug-file - Executing task :entry:default@CreateModuleInfo
[2026-07-26T01:59:13.874] [DEBUG] debug-file - Task 'entry:default@MergeProfile' cost while wrapping incremental declarations: 1 ms 
[2026-07-26T01:59:14.059] [DEBUG] debug-file - A work dispatched to worker[9] failed because unable to get work from ready queue.
[2026-07-26T01:59:13.646] [DEBUG] debug-file - End initialize module-target build option map, moduleName=entry
[2026-07-26T01:59:13.864] [DEBUG] debug-file - Task 'entry:default@CreateModuleInfo' cost while wrapping incremental declarations: 1 ms 
[2026-07-26T01:59:13.876] [DEBUG] debug-file - Incremental task entry:default@MergeProfile pre-execution cost: 2 ms .
[2026-07-26T01:59:14.059] [DEBUG] debug-file - A work dispatched to worker[8] failed because unable to get work from ready queue.
[2026-07-26T01:59:13.646] [DEBUG] debug-file - Start initialize module-target build option map, moduleName=entry, buildMode=debug
[2026-07-26T01:59:13.865] [DEBUG] debug-file - entry : default@CreateModuleInfo cost memory 0.33441162109375
[2026-07-26T01:59:13.876] [DEBUG] debug-file - entry : default@MergeProfile cost memory 0.9882965087890625
[2026-07-26T01:59:14.059] [DEBUG] debug-file - A work dispatched to worker[7] failed because unable to get work from ready queue.
[2026-07-26T01:59:13.646] [DEBUG] debug-file - Target 'default' config initialized
[2026-07-26T01:59:13.865] [DEBUG] debug-file - runTaskFromQueue task cost before running: 5 s 69 ms 
[2026-07-26T01:59:13.876] [INFO] debug-file - UP-TO-DATE :entry:default@MergeProfile...  
[2026-07-26T01:59:14.059] [DEBUG] debug-file - A work dispatched to worker[6] failed because unable to get work from ready queue.
[2026-07-26T01:59:13.646] [DEBUG] debug-file - Target 'ohosTest' config initialized
[2026-07-26T01:59:13.865] [INFO] debug-file - Finished :entry:default@CreateModuleInfo... after 1 ms 
[2026-07-26T01:59:13.646] [DEBUG] debug-file - Module 'entry' target 'default' build option initialized
[2026-07-26T01:59:14.059] [DEBUG] debug-file - A work dispatched to worker[5] failed because unable to get work from ready queue.
[2026-07-26T01:59:13.646] [DEBUG] debug-file - Module 'entry' target 'ohosTest' build option initialized
[2026-07-26T01:59:14.060] [DEBUG] debug-file - Create  resident worker with id: 4.
[2026-07-26T01:59:13.646] [DEBUG] debug-file - End initialize module-target build option map, moduleName=entry
[2026-07-26T01:59:14.061] [DEBUG] debug-file - default@CompileArkTS work[0] has been dispatched to worker[4].
[2026-07-26T01:59:13.646] [DEBUG] debug-file - Obtain build option for module 'entry' target 'default'in this build.
[2026-07-26T01:59:14.061] [DEBUG] debug-file - default@CompileArkTS work[0] is dispatched.
[2026-07-26T01:59:13.649] [DEBUG] debug-file - Module entry task initialization takes 3 ms 
[2026-07-26T01:59:14.061] [DEBUG] debug-file - entry : default@CompileArkTS cost memory 2.322052001953125
[2026-07-26T01:59:13.649] [DEBUG] debug-file - Hap plugin register hook start...
[2026-07-26T01:59:13.649] [DEBUG] debug-file - Hap plugin register hook end...
[2026-07-26T01:59:13.649] [DEBUG] debug-file - Plugin build process completed
[2026-07-26T01:59:13.650] [DEBUG] debug-file - hvigorfile, begin to bind custom plugins...
[2026-07-26T01:59:13.650] [DEBUG] debug-file - hvigorfile, no custom plugins were found in C:\Users\H1314\Desktop\foodkeeper\Foodkeeper-v1.0\entry\hvigorfile.ts
[2026-07-26T01:59:13.650] [DEBUG] debug-file - hvigorfile, resolve finished C:\Users\H1314\Desktop\foodkeeper\Foodkeeper-v1.0\entry\hvigorfile.ts
[2026-07-26T01:59:24.222] [WARN] debug-file - [33mWARN: [33m[33mArkTS:WARN File: C:/Users/H1314/Desktop/foodkeeper/Foodkeeper-v1.0/entry/src/main/ets/store/InventoryStore.ets:278:24
 Function may throw exceptions. Special handling is required.
[39m[39m
[33mWARN: [33m[33mArkTS:WARN File: C:/Users/H1314/Desktop/foodkeeper/Foodkeeper-v1.0/entry/src/main/ets/store/InventoryStore.ets:299:24
 Function may throw exceptions. Special handling is required.
[39m[39m
[33mWARN: [33m[33mArkTS:WARN File: C:/Users/H1314/Desktop/foodkeeper/Foodkeeper-v1.0/entry/src/main/ets/store/InventoryStore.ets:357:11
 Function may throw exceptions. Special handling is required.
[39m[39m
[33mWARN: [33m[33mArkTS:WARN File: C:/Users/H1314/Desktop/foodkeeper/Foodkeeper-v1.0/entry/src/main/ets/store/InventoryStore.ets:358:11
 Function may throw exceptions. Special handling is required.
[39m[39m
[33mWARN: [33m[33mArkTS:WARN File: C:/Users/H1314/Desktop/foodkeeper/Foodkeeper-v1.0/entry/src/main/ets/pages/HomePage.ets:34:42
 'matchMediaSync' has been deprecated.
[39m[39m
[33mWARN: [33m[33mArkTS:WARN File: C:/Users/H1314/Desktop/foodkeeper/Foodkeeper-v1.0/entry/src/main/ets/pages/HomePage.ets:113:5
 Function may throw exceptions. Special handling is required.
[39m[39m
[33mWARN: [33m[33mArkTS:WARN File: C:/Users/H1314/Desktop/foodkeeper/Foodkeeper-v1.0/entry/src/main/ets/pages/HomePage.ets:113:12
 'pushUrl' has been deprecated.
[39m[39m
[33mWARN: [33m[33mArkTS:WARN File: C:/Users/H1314/Desktop/foodkeeper/Foodkeeper-v1.0/entry/src/main/ets/pages/HomePage.ets:118:5
 Function may throw exceptions. Special handling is required.
[39m[39m
[33mWARN: [33m[33mArkTS:WARN File: C:/Users/H1314/Desktop/foodkeeper/Foodkeeper-v1.0/entry/src/main/ets/pages/HomePage.ets:118:12
 'pushUrl' has been deprecated.
[39m[39m
[33mWARN: [33m[33mArkTS:WARN File: C:/Users/H1314/Desktop/foodkeeper/Foodkeeper-v1.0/entry/src/main/ets/pages/HomePage.ets:128:5
 Function may throw exceptions. Special handling is required.
[39m[39m
[33mWARN: [33m[33mArkTS:WARN File: C:/Users/H1314/Desktop/foodkeeper/Foodkeeper-v1.0/entry/src/main/ets/pages/HomePage.ets:128:18
 'showToast' has been deprecated.
[39m[39m
[33mWARN: [33m[33mArkTS:WARN File: C:/Users/H1314/Desktop/foodkeeper/Foodkeeper-v1.0/entry/src/main/ets/pages/InventoryPage.ets:132:5
 Function may throw exceptions. Special handling is required.
[39m[39m
[33mWARN: [33m[33mArkTS:WARN File: C:/Users/H1314/Desktop/foodkeeper/Foodkeeper-v1.0/entry/src/main/ets/pages/InventoryPage.ets:132:12
 'pushUrl' has been deprecated.
[39m[39m
[33mWARN: [33m[33mArkTS:WARN File: C:/Users/H1314/Desktop/foodkeeper/Foodkeeper-v1.0/entry/src/main/ets/pages/InventoryPage.ets:136:5
 Function may throw exceptions. Special handling is required.
[39m[39m
[33mWARN: [33m[33mArkTS:WARN File: C:/Users/H1314/Desktop/foodkeeper/Foodkeeper-v1.0/entry/src/main/ets/pages/InventoryPage.ets:136:12
 'pushUrl' has been deprecated.
[39m[39m
[33mWARN: [33m[33mArkTS:WARN File: C:/Users/H1314/Desktop/foodkeeper/Foodkeeper-v1.0/entry/src/main/ets/pages/RecipePage.ets:173:7
 Function may throw exceptions. Special handling is required.
[39m[39m
[33mWARN: [33m[33mArkTS:WARN File: C:/Users/H1314/Desktop/foodkeeper/Foodkeeper-v1.0/entry/src/main/ets/pages/RecipePage.ets:173:20
 'showToast' has been deprecated.
[39m[39m
[33mWARN: [33m[33mArkTS:WARN File: C:/Users/H1314/Desktop/foodkeeper/Foodkeeper-v1.0/entry/src/main/ets/pages/RecipePage.ets:180:5
 Function may throw exceptions. Special handling is required.
[39m[39m
[33mWARN: [33m[33mArkTS:WARN File: C:/Users/H1314/Desktop/foodkeeper/Foodkeeper-v1.0/entry/src/main/ets/pages/RecipePage.ets:180:12
 'pushUrl' has been deprecated.
[39m[39m
[33mWARN: [33m[33mArkTS:WARN File: C:/Users/H1314/Desktop/foodkeeper/Foodkeeper-v1.0/entry/src/main/ets/pages/SettingsPage.ets:35:18
 'showDialog' has been deprecated.
[39m[39m
[33mWARN: [33m[33mArkTS:WARN File: C:/Users/H1314/Desktop/foodkeeper/Foodkeeper-v1.0/entry/src/main/ets/pages/SettingsPage.ets:48:20
 'showToast' has been deprecated.
[39m[39m
[33mWARN: [33m[33mArkTS:WARN File: C:/Users/H1314/Desktop/foodkeeper/Foodkeeper-v1.0/entry/src/main/ets/pages/SettingsPage.ets:60:22
 'showToast' has been deprecated.
[39m[39m
[33mWARN: [33m[33mArkTS:WARN File: C:/Users/H1314/Desktop/foodkeeper/Foodkeeper-v1.0/entry/src/main/ets/pages/SettingsPage.ets:66:22
 'showToast' has been deprecated.
[39m[39m
[33mWARN: [33m[33mArkTS:WARN File: C:/Users/H1314/Desktop/foodkeeper/Foodkeeper-v1.0/entry/src/main/ets/pages/SettingsPage.ets:70:7
 Function may throw exceptions. Special handling is required.
[39m[39m
[33mWARN: [33m[33mArkTS:WARN File: C:/Users/H1314/Desktop/foodkeeper/Foodkeeper-v1.0/entry/src/main/ets/pages/SettingsPage.ets:70:20
 'showToast' has been deprecated.
[39m[39m
[33mWARN: [33m[33mArkTS:WARN File: C:/Users/H1314/Desktop/foodkeeper/Foodkeeper-v1.0/entry/src/main/ets/pages/AddFoodPage.ets:34:27
 'getParams' has been deprecated.
[39m[39m
[33mWARN: [33m[33mArkTS:WARN File: C:/Users/H1314/Desktop/foodkeeper/Foodkeeper-v1.0/entry/src/main/ets/pages/AddFoodPage.ets:144:7
 Function may throw exceptions. Special handling is required.
[39m[39m
[33mWARN: [33m[33mArkTS:WARN File: C:/Users/H1314/Desktop/foodkeeper/Foodkeeper-v1.0/entry/src/main/ets/pages/AddFoodPage.ets:144:20
 'showToast' has been deprecated.
[39m[39m
[33mWARN: [33m[33mArkTS:WARN File: C:/Users/H1314/Desktop/foodkeeper/Foodkeeper-v1.0/entry/src/main/ets/pages/AddFoodPage.ets:149:7
 Function may throw exceptions. Special handling is required.
[39m[39m
[33mWARN: [33m[33mArkTS:WARN File: C:/Users/H1314/Desktop/foodkeeper/Foodkeeper-v1.0/entry/src/main/ets/pages/AddFoodPage.ets:149:20
 'showToast' has been deprecated.
[39m[39m
[33mWARN: [33m[33mArkTS:WARN File: C:/Users/H1314/Desktop/foodkeeper/Foodkeeper-v1.0/entry/src/main/ets/pages/AddFoodPage.ets:169:7
 Function may throw exceptions. Special handling is required.
[39m[39m
[33mWARN: [33m[33mArkTS:WARN File: C:/Users/H1314/Desktop/foodkeeper/Foodkeeper-v1.0/entry/src/main/ets/pages/AddFoodPage.ets:169:20
 'showToast' has been deprecated.
[39m[39m
[33mWARN: [33m[33mArkTS:WARN File: C:/Users/H1314/Desktop/foodkeeper/Foodkeeper-v1.0/entry/src/main/ets/pages/AddFoodPage.ets:184:9
 Function may throw exceptions. Special handling is required.
[39m[39m
[33mWARN: [33m[33mArkTS:WARN File: C:/Users/H1314/Desktop/foodkeeper/Foodkeeper-v1.0/entry/src/main/ets/pages/AddFoodPage.ets:184:22
 'showToast' has been deprecated.
[39m[39m
[33mWARN: [33m[33mArkTS:WARN File: C:/Users/H1314/Desktop/foodkeeper/Foodkeeper-v1.0/entry/src/main/ets/pages/AddFoodPage.ets:186:9
 Function may throw exceptions. Special handling is required.
[39m[39m
[33mWARN: [33m[33mArkTS:WARN File: C:/Users/H1314/Desktop/foodkeeper/Foodkeeper-v1.0/entry/src/main/ets/pages/AddFoodPage.ets:186:22
 'showToast' has been deprecated.
[39m[39m
[33mWARN: [33m[33mArkTS:WARN File: C:/Users/H1314/Desktop/foodkeeper/Foodkeeper-v1.0/entry/src/main/ets/pages/AddFoodPage.ets:190:29
 'back' has been deprecated.
[39m[39m
[33mWARN: [33m[33mArkTS:WARN File: C:/Users/H1314/Desktop/foodkeeper/Foodkeeper-v1.0/entry/src/main/ets/pages/AddFoodPage.ets:196:5
 Function may throw exceptions. Special handling is required.
[39m[39m
[33mWARN: [33m[33mArkTS:WARN File: C:/Users/H1314/Desktop/foodkeeper/Foodkeeper-v1.0/entry/src/main/ets/pages/AddFoodPage.ets:196:18
 'showToast' has been deprecated.
[39m[39m
[33mWARN: [33m[33mArkTS:WARN File: C:/Users/H1314/Desktop/foodkeeper/Foodkeeper-v1.0/entry/src/main/ets/pages/AddFoodPage.ets:197:29
 'back' has been deprecated.
[39m[39m
[33mWARN: [33m[33mArkTS:WARN File: C:/Users/H1314/Desktop/foodkeeper/Foodkeeper-v1.0/entry/src/main/ets/pages/AddFoodPage.ets:207:33
 'back' has been deprecated.
[39m[39m
[33mWARN: [33m[33mArkTS:WARN File: C:/Users/H1314/Desktop/foodkeeper/Foodkeeper-v1.0/entry/src/main/ets/pages/AddFoodPage.ets:481:22
 'show' has been deprecated.
[39m[39m
[33mWARN: [33m[33mArkTS:WARN File: C:/Users/H1314/Desktop/foodkeeper/Foodkeeper-v1.0/entry/src/main/ets/pages/RecipeDetailPage.ets:36:7
 Function may throw exceptions. Special handling is required.
[39m[39m
[33mWARN: [33m[33mArkTS:WARN File: C:/Users/H1314/Desktop/foodkeeper/Foodkeeper-v1.0/entry/src/main/ets/pages/RecipeDetailPage.ets:36:20
 'showToast' has been deprecated.
[39m[39m
[33mWARN: [33m[33mArkTS:WARN File: C:/Users/H1314/Desktop/foodkeeper/Foodkeeper-v1.0/entry/src/main/ets/pages/RecipeDetailPage.ets:37:33
 'back' has been deprecated.
[39m[39m
[33mWARN: [33m[33mArkTS:WARN File: C:/Users/H1314/Desktop/foodkeeper/Foodkeeper-v1.0/entry/src/main/ets/pages/RecipeDetailPage.ets:49:7
 Function may throw exceptions. Special handling is required.
[39m[39m
[33mWARN: [33m[33mArkTS:WARN File: C:/Users/H1314/Desktop/foodkeeper/Foodkeeper-v1.0/entry/src/main/ets/pages/RecipeDetailPage.ets:49:20
 'showToast' has been deprecated.
[39m[39m
[33mWARN: [33m[33mArkTS:WARN File: C:/Users/H1314/Desktop/foodkeeper/Foodkeeper-v1.0/entry/src/main/ets/pages/RecipeDetailPage.ets:71:22
 'showToast' has been deprecated.
[39m[39m
[33mWARN: [33m[33mArkTS:WARN File: C:/Users/H1314/Desktop/foodkeeper/Foodkeeper-v1.0/entry/src/main/ets/pages/RecipeDetailPage.ets:75:22
 'showToast' has been deprecated.
[39m[39m
[33mWARN: [33m[33mArkTS:WARN File: C:/Users/H1314/Desktop/foodkeeper/Foodkeeper-v1.0/entry/src/main/ets/pages/RecipeDetailPage.ets:78:7
 Function may throw exceptions. Special handling is required.
[39m[39m
[33mWARN: [33m[33mArkTS:WARN File: C:/Users/H1314/Desktop/foodkeeper/Foodkeeper-v1.0/entry/src/main/ets/pages/RecipeDetailPage.ets:78:20
 'showToast' has been deprecated.
[39m[39m
[33mWARN: [33m[33mArkTS:WARN File: C:/Users/H1314/Desktop/foodkeeper/Foodkeeper-v1.0/entry/src/main/ets/pages/RecipeDetailPage.ets:86:12
 'back' has been deprecated.
[39m[39m

[2026-07-26T01:59:24.222] [DEBUG] debug-file - Ark compile task finished.finished time is 211937257811100
[2026-07-26T01:59:24.223] [DEBUG] debug-file - worker[4] has one work done.
[2026-07-26T01:59:24.225] [DEBUG] debug-file - default@CompileArkTS work[0] done.
[2026-07-26T01:59:24.225] [DEBUG] debug-file - A work dispatched to worker[4] failed because unable to get work from ready queue.
[2026-07-26T01:59:24.228] [INFO] debug-file - Finished :entry:default@CompileArkTS... after 6 s 135 ms 
[2026-07-26T01:59:24.229] [DEBUG] debug-file - Executing task :entry:default@GeneratePkgModuleJson
[2026-07-26T01:59:24.229] [DEBUG] debug-file - File: 'C:\Users\H1314\Desktop\foodkeeper\Foodkeeper-v1.0\entry\build\default\intermediates\preload\default\preload.json' from 'preloadSoJsonPath' is not exists, just ignore.
[2026-07-26T01:59:24.229] [DEBUG] debug-file - Error occurs while handling @Input 'shouldDeduplicateHar': The "data" argument must be of type string or an instance of Buffer, TypedArray, or DataView. Received undefined
[2026-07-26T01:59:24.229] [DEBUG] debug-file - Task 'entry:default@GeneratePkgModuleJson' cost while wrapping incremental declarations: 1 ms 
[2026-07-26T01:59:24.230] [DEBUG] debug-file - Incremental task entry:default@GeneratePkgModuleJson pre-execution cost: 1 ms .
[2026-07-26T01:59:24.230] [DEBUG] debug-file - entry : default@GeneratePkgModuleJson cost memory 0.0748138427734375
[2026-07-26T01:59:24.230] [INFO] debug-file - UP-TO-DATE :entry:default@GeneratePkgModuleJson...  
[2026-07-26T01:59:24.231] [DEBUG] debug-file - Executing task :entry:default@ProcessCompiledResources
[2026-07-26T01:59:24.231] [DEBUG] debug-file - File: 'C:\Users\H1314\Desktop\foodkeeper\Foodkeeper-v1.0\entry\build\default\intermediates\preload\default\preload.json' from 'preloadSoJsonPath' is not exists, just ignore.
[2026-07-26T01:59:24.231] [DEBUG] debug-file - Task 'entry:default@ProcessCompiledResources' cost while wrapping incremental declarations: 1 ms 
[2026-07-26T01:59:24.231] [DEBUG] debug-file - entry : default@ProcessCompiledResources cost memory 0.06024932861328125
[2026-07-26T01:59:24.232] [DEBUG] debug-file - runTaskFromQueue task cost before running: 15 s 436 ms 
[2026-07-26T01:59:24.232] [INFO] debug-file - Finished :entry:default@ProcessCompiledResources... after 1 ms 
[2026-07-26T01:59:24.297] [DEBUG] debug-file - default@PackageHap work[1] is submitted.
[2026-07-26T01:59:24.287] [DEBUG] debug-file - Executing task :entry:default@PackageHap
[2026-07-26T01:59:24.297] [DEBUG] debug-file - default@PackageHap work[1] is pushed to ready queue.
[2026-07-26T01:59:24.295] [DEBUG] debug-file - entry:default@PackageHap is not up-to-date, since the input file 'C:\Users\H1314\Desktop\foodkeeper\Foodkeeper-v1.0\entry\build\default\intermediates\loader_out\default\ets' has been changed.
[2026-07-26T01:59:24.298] [DEBUG] debug-file - A work dispatched to worker[15] failed because unable to get work from ready queue.
[2026-07-26T01:59:24.295] [DEBUG] debug-file - Incremental task entry:default@PackageHap pre-execution cost: 7 ms .
[2026-07-26T01:59:24.298] [DEBUG] debug-file - Create  resident worker with id: 14.
[2026-07-26T01:59:24.296] [DEBUG] debug-file - Use tool [D:\Soft\DevEco\devecostudio-windows-6.1.1.290\DevEco Studio\sdk\default\openharmony\toolchains\lib\app_packing_tool.jar]
 [
  'java',
  '-Dfile.encoding=GBK',
  '-jar',
  'D:\\Soft\\DevEco\\devecostudio-windows-6.1.1.290\\DevEco Studio\\sdk\\default\\openharmony\\toolchains\\lib\\app_packing_tool.jar',
  '--mode',
  'hap',
  '--force',
  'true',
  '--lib-path',
  'C:\\Users\\H1314\\Desktop\\foodkeeper\\Foodkeeper-v1.0\\entry\\build\\default\\intermediates\\stripped_native_libs\\default',
  '--json-path',
  'C:\\Users\\H1314\\Desktop\\foodkeeper\\Foodkeeper-v1.0\\entry\\build\\default\\intermediates\\package\\default\\module.json',
  '--resources-path',
  'C:\\Users\\H1314\\Desktop\\foodkeeper\\Foodkeeper-v1.0\\entry\\build\\default\\intermediates\\res\\default\\resources',
  '--index-path',
  'C:\\Users\\H1314\\Desktop\\foodkeeper\\Foodkeeper-v1.0\\entry\\build\\default\\intermediates\\res\\default\\resources.index',
  '--pack-info-path',
  'C:\\Users\\H1314\\Desktop\\foodkeeper\\Foodkeeper-v1.0\\entry\\build\\default\\outputs\\default\\pack.info',
  '--out-path',
  'C:\\Users\\H1314\\Desktop\\foodkeeper\\Foodkeeper-v1.0\\entry\\build\\default\\outputs\\default\\entry-default-unsigned.hap',
  '--ets-path',
  'C:\\Users\\H1314\\Desktop\\foodkeeper\\Foodkeeper-v1.0\\entry\\build\\default\\intermediates\\loader_out\\default\\ets',
  '--pkg-context-path',
  'C:\\Users\\H1314\\Desktop\\foodkeeper\\Foodkeeper-v1.0\\entry\\build\\default\\intermediates\\loader\\default\\pkgContextInfo.json'
]
[2026-07-26T01:59:24.299] [DEBUG] debug-file - default@PackageHap work[1] has been dispatched to worker[14].
[2026-07-26T01:59:24.299] [DEBUG] debug-file - default@PackageHap work[1] is dispatched.
[2026-07-26T01:59:24.314] [DEBUG] debug-file - entry : default@PackageHap cost memory -0.16283416748046875
[2026-07-26T01:59:26.120] [DEBUG] debug-file - current process  memoryUsage: {
  rss: 713314304,
  heapTotal: 78835712,
  heapUsed: 52113032,
  external: 3901482,
  arrayBuffers: 18671
} os memoryUsage :22.445842742919922
[2026-07-26T01:59:27.619] [DEBUG] debug-file - worker[14] has one work done.
[2026-07-26T01:59:27.619] [DEBUG] debug-file - default@PackageHap work[1] done.
[2026-07-26T01:59:27.693] [DEBUG] debug-file - Executing task :entry:default@PackingCheck
[2026-07-26T01:59:27.619] [DEBUG] debug-file - A work dispatched to worker[14] failed because unable to get work from ready queue.
[2026-07-26T01:59:27.703] [DEBUG] debug-file - entry : default@PackingCheck cost memory -0.14792633056640625
[2026-07-26T01:59:27.620] [INFO] debug-file - Finished :entry:default@PackageHap... after 1 s 528 ms 
[2026-07-26T01:59:27.703] [DEBUG] debug-file - runTaskFromQueue task cost before running: 18 s 908 ms 
[2026-07-26T01:59:27.704] [INFO] debug-file - Finished :entry:default@PackingCheck... after 11 ms 
[2026-07-26T01:59:27.731] [DEBUG] debug-file - current process  memoryUsage: {
  rss: 714412032,
  heapTotal: 117460992,
  heapUsed: 115442000,
  external: 3896593,
  arrayBuffers: 44257
} os memoryUsage :22.503860473632812
[2026-07-26T01:59:27.706] [DEBUG] debug-file - Executing task :entry:default@SignHap
[2026-07-26T01:59:27.708] [DEBUG] debug-file - entry:default@SignHap is not up-to-date, since the input file 'C:\Users\H1314\Desktop\foodkeeper\Foodkeeper-v1.0\entry\build\default\outputs\default\entry-default-unsigned.hap' has been changed.
[2026-07-26T01:59:27.708] [DEBUG] debug-file - Incremental task entry:default@SignHap pre-execution cost: 2 ms .
[2026-07-26T01:59:28.420] [DEBUG] debug-file - 07-26 01:59:28.414  INFO - Start verify-profile

[2026-07-26T01:59:28.693] [DEBUG] debug-file - 07-26 01:59:28.694  INFO - verify-profile success

[2026-07-26T01:59:28.823] [DEBUG] debug-file - current process  memoryUsage: {
  rss: 715100160,
  heapTotal: 121131008,
  heapUsed: 116010976,
  external: 3891809,
  arrayBuffers: 39505
} os memoryUsage :22.479087829589844
[2026-07-26T01:59:29.383] [DEBUG] debug-file - 07-26 01:59:29.383  INFO - Start sign-app

[2026-07-26T01:59:29.590] [DEBUG] debug-file - 07-26 01:59:29.591  INFO - certificate in profile: 黄羽博(1748885579082268545)\,Development

[2026-07-26T01:59:29.675] [DEBUG] debug-file - 07-26 01:59:29.675  INFO - Start to sign code.

[2026-07-26T01:59:29.681] [DEBUG] debug-file - 07-26 01:59:29.682  INFO - profile type is: debug

[2026-07-26T01:59:29.719] [DEBUG] debug-file - 07-26 01:59:29.720  INFO - C:\Users\H1314\.ohos\config\default_Foodkeeper_KwM1xmT7eCaoGu1P7v-j5W5OtfbSqbdMeQP9Gmso0uM=.p12 is exist. Try to load it with given passwd

[2026-07-26T01:59:29.922] [DEBUG] debug-file - 07-26 01:59:29.923  INFO - Create a sign info successfully.

[2026-07-26T01:59:29.933] [DEBUG] debug-file - 07-26 01:59:29.934  INFO - Create a sign info successfully.

[2026-07-26T01:59:29.938] [DEBUG] debug-file - 07-26 01:59:29.939  INFO - No native libs.

[2026-07-26T01:59:29.941] [DEBUG] debug-file - 07-26 01:59:29.942  INFO - Sign successfully.

[2026-07-26T01:59:29.949] [DEBUG] debug-file - 07-26 01:59:29.951  INFO - Add sign data in sign info list success.

[2026-07-26T01:59:29.953] [DEBUG] debug-file - 07-26 01:59:29.953  INFO - Generate signing block success, begin write it to output file

[2026-07-26T01:59:29.954] [DEBUG] debug-file - 07-26 01:59:29.955  INFO - Sign Hap success!

[2026-07-26T01:59:29.954] [DEBUG] debug-file - 07-26 01:59:29.955  INFO - sign-app success

[2026-07-26T01:59:30.010] [DEBUG] debug-file - entry : default@SignHap cost memory 1.29376220703125
[2026-07-26T01:59:30.010] [DEBUG] debug-file - runTaskFromQueue task cost before running: 21 s 215 ms 
[2026-07-26T01:59:30.079] [DEBUG] debug-file - Executing task :entry:default@CollectDebugSymbol
[2026-07-26T01:59:30.011] [INFO] debug-file - Finished :entry:default@SignHap... after 2 s 305 ms 
[2026-07-26T01:59:30.080] [DEBUG] debug-file - entry : default@CollectDebugSymbol cost memory 0.1079254150390625
[2026-07-26T01:59:30.080] [DEBUG] debug-file - runTaskFromQueue task cost before running: 21 s 284 ms 
[2026-07-26T01:59:30.080] [INFO] debug-file - Finished :entry:default@CollectDebugSymbol... after 2 ms 
[2026-07-26T01:59:30.080] [DEBUG] debug-file - Executing task :entry:assembleHap
[2026-07-26T01:59:30.080] [DEBUG] debug-file - entry : assembleHap cost memory 0.01287841796875
[2026-07-26T01:59:30.080] [DEBUG] debug-file - runTaskFromQueue task cost before running: 21 s 284 ms 
[2026-07-26T01:59:30.080] [INFO] debug-file - Finished :entry:assembleHap... after 1 ms 
[2026-07-26T01:59:30.081] [INFO] debug-file - BUILD SUCCESSFUL in 21 s 285 ms 
[2026-07-26T01:59:30.083] [DEBUG] debug-file - Update task entry:default@PreBuild input file:C:\Users\H1314\Desktop\foodkeeper\Foodkeeper-v1.0\AppScope\app.json5 cache by regenerate.
[2026-07-26T01:59:30.083] [DEBUG] debug-file - Update task entry:default@PreBuild input file:C:\Users\H1314\Desktop\foodkeeper\Foodkeeper-v1.0\entry\src\main\module.json5 cache by regenerate.
[2026-07-26T01:59:30.083] [DEBUG] debug-file - Update task entry:default@PreBuild input file:C:\Users\H1314\Desktop\foodkeeper\Foodkeeper-v1.0\build-profile.json5 cache by regenerate.
[2026-07-26T01:59:30.083] [DEBUG] debug-file - Update task entry:default@PreBuild input file:C:\Users\H1314\Desktop\foodkeeper\Foodkeeper-v1.0\entry\build-profile.json5 cache by regenerate.
[2026-07-26T01:59:30.084] [DEBUG] debug-file - Update task entry:default@PreBuild input file:C:\Users\H1314\Desktop\foodkeeper\Foodkeeper-v1.0\entry\src\main\resources\base\profile\main_pages.json cache by regenerate.
[2026-07-26T01:59:30.084] [DEBUG] debug-file - Update task entry:default@PreBuild input file:C:\Users\H1314\Desktop\foodkeeper\Foodkeeper-v1.0\hvigor\hvigor-config.json5 cache by regenerate.
[2026-07-26T01:59:30.084] [DEBUG] debug-file - Update task entry:default@PreBuild input file:C:\Users\H1314\Desktop\foodkeeper\Foodkeeper-v1.0\entry\src\mock\mock-config.json5 cache by regenerate.
[2026-07-26T01:59:30.084] [DEBUG] debug-file - Update task entry:default@PreBuild input file:C:\Users\H1314\Desktop\foodkeeper\Foodkeeper-v1.0\entry\oh-package.json5 cache by regenerate.
[2026-07-26T01:59:30.084] [DEBUG] debug-file - Update task entry:default@PreBuild input file:C:\Users\H1314\Desktop\foodkeeper\Foodkeeper-v1.0\oh-package.json5 cache by regenerate.
[2026-07-26T01:59:30.084] [DEBUG] debug-file - Incremental task entry:default@PreBuild post-execution cost:3 ms .
[2026-07-26T01:59:30.085] [DEBUG] debug-file - Update task entry:default@CreateModuleInfo output file:C:\Users\H1314\Desktop\foodkeeper\Foodkeeper-v1.0\entry\build\default\generated\profile\default\ModuleInfo.ts cache.
[2026-07-26T01:59:30.085] [DEBUG] debug-file - Incremental task entry:default@CreateModuleInfo post-execution cost:1 ms .
[2026-07-26T01:59:30.085] [DEBUG] debug-file - There is no need to refresh cache, since the incremental task entry:default@GenerateMetadata is up-to-date.
[2026-07-26T01:59:30.085] [DEBUG] debug-file - There is no need to refresh cache, since the incremental task entry:default@MergeProfile is up-to-date.
[2026-07-26T01:59:30.085] [DEBUG] debug-file - There is no need to refresh cache, since the incremental task entry:default@CreateBuildProfile is up-to-date.
[2026-07-26T01:59:30.085] [DEBUG] debug-file - There is no need to refresh cache, since the incremental task entry:default@GeneratePkgContextInfo is up-to-date.
[2026-07-26T01:59:30.085] [DEBUG] debug-file - Update task entry:default@GeneratePkgSdkInfo output file:C:\Users\H1314\Desktop\foodkeeper\Foodkeeper-v1.0\entry\build\default\intermediates\loader\default\pkgSdkInfo.json cache.
[2026-07-26T01:59:30.085] [DEBUG] debug-file - Incremental task entry:default@GeneratePkgSdkInfo post-execution cost:1 ms .
[2026-07-26T01:59:30.086] [DEBUG] debug-file - Update task entry:default@ProcessIntegratedHsp output file:C:\Users\H1314\Desktop\foodkeeper\Foodkeeper-v1.0\build\cache\default\integrated_hsp\integratedHspCache.json cache.
[2026-07-26T01:59:30.086] [DEBUG] debug-file - Incremental task entry:default@ProcessIntegratedHsp post-execution cost:1 ms .
[2026-07-26T01:59:30.086] [DEBUG] debug-file - There is no need to refresh cache, since the incremental task entry:default@MakePackInfo is up-to-date.
[2026-07-26T01:59:30.086] [DEBUG] debug-file - Update task entry:default@SyscapTransform input file:D:\Soft\DevEco\devecostudio-windows-6.1.1.290\DevEco Studio\sdk\default\openharmony\toolchains\syscap_tool.exe cache by regenerate.
[2026-07-26T01:59:30.086] [DEBUG] debug-file - Update task entry:default@SyscapTransform input file:D:\Soft\DevEco\devecostudio-windows-6.1.1.290\DevEco Studio\sdk\default\openharmony\ets\api\device-define cache by regenerate.
[2026-07-26T01:59:30.087] [DEBUG] debug-file - Update task entry:default@SyscapTransform output file:C:\Users\H1314\Desktop\foodkeeper\Foodkeeper-v1.0\entry\build\default\intermediates\syscap\default\rpcid.sc cache.
[2026-07-26T01:59:30.088] [DEBUG] debug-file - Incremental task entry:default@SyscapTransform post-execution cost:2 ms .
[2026-07-26T01:59:30.088] [DEBUG] debug-file - There is no need to refresh cache, since the incremental task entry:default@ProcessProfile is up-to-date.
[2026-07-26T01:59:30.088] [DEBUG] debug-file - There is no need to refresh cache, since the incremental task entry:default@ProcessRouterMap is up-to-date.
[2026-07-26T01:59:30.088] [DEBUG] debug-file - There is no need to refresh cache, since the incremental task entry:default@ProcessShareConfig is up-to-date.
[2026-07-26T01:59:30.088] [DEBUG] debug-file - Update task entry:default@ProcessStartupConfig input file:C:\Users\H1314\Desktop\foodkeeper\Foodkeeper-v1.0\entry\build\default\intermediates\loader\default\pkgContextInfo.json cache by regenerate.
[2026-07-26T01:59:30.088] [DEBUG] debug-file - Update task entry:default@ProcessStartupConfig output file:C:\Users\H1314\Desktop\foodkeeper\Foodkeeper-v1.0\entry\build\default\intermediates\startup\default\startup_config.json cache.
[2026-07-26T01:59:30.088] [DEBUG] debug-file - Incremental task entry:default@ProcessStartupConfig post-execution cost:1 ms .
[2026-07-26T01:59:30.088] [DEBUG] debug-file - There is no need to refresh cache, since the incremental task entry:default@ProcessResource is up-to-date.
[2026-07-26T01:59:30.088] [DEBUG] debug-file - There is no need to refresh cache, since the incremental task entry:default@GenerateLoaderJson is up-to-date.
[2026-07-26T01:59:30.088] [DEBUG] debug-file - There is no need to refresh cache, since the incremental task entry:default@ProcessLibs is up-to-date.
[2026-07-26T01:59:30.088] [DEBUG] debug-file - There is no need to refresh cache, since the incremental task entry:default@CompileResource is up-to-date.
[2026-07-26T01:59:30.088] [DEBUG] debug-file - There is no need to refresh cache, since the incremental task entry:default@DoNativeStrip is up-to-date.
[2026-07-26T01:59:30.090] [DEBUG] debug-file - Update task entry:default@CompileArkTS input file:C:\Users\H1314\Desktop\foodkeeper\Foodkeeper-v1.0\entry\build\default\intermediates\loader\default cache by regenerate.
[2026-07-26T01:59:30.091] [DEBUG] debug-file - Update task entry:default@CompileArkTS input file:C:\Users\H1314\Desktop\foodkeeper\Foodkeeper-v1.0\entry\build\default\intermediates\res\default\resources\rawfile cache by regenerate.
[2026-07-26T01:59:30.091] [DEBUG] debug-file - Update task entry:default@CompileArkTS input file:C:\Users\H1314\Desktop\foodkeeper\Foodkeeper-v1.0\entry\build\default\intermediates\res\default\ResourceTable.txt cache by regenerate.
[2026-07-26T01:59:30.092] [DEBUG] debug-file - Update task entry:default@CompileArkTS input file:C:\Users\H1314\Desktop\foodkeeper\Foodkeeper-v1.0\entry\build\default\intermediates\res\default\ark_module.json cache by regenerate.
[2026-07-26T01:59:30.092] [DEBUG] debug-file - Update task entry:default@CompileArkTS input file:C:\Users\H1314\Desktop\foodkeeper\Foodkeeper-v1.0\entry\build\default\intermediates\res\default\resources\base\profile cache by regenerate.
[2026-07-26T01:59:30.092] [DEBUG] debug-file - Update task entry:default@CompileArkTS input file:C:\Users\H1314\Desktop\foodkeeper\Foodkeeper-v1.0\entry\src\main\ets cache from map.
[2026-07-26T01:59:30.092] [DEBUG] debug-file - Update task entry:default@CompileArkTS input file:C:\Users\H1314\Desktop\foodkeeper\Foodkeeper-v1.0\entry\build\default\intermediates\loader\default\pkgContextInfo.json cache by regenerate.
[2026-07-26T01:59:30.092] [DEBUG] debug-file - Update task entry:default@CompileArkTS input file:C:\Users\H1314\Desktop\foodkeeper\Foodkeeper-v1.0\entry\build\default\generated\profile\default\BuildProfile.ets cache by regenerate.
[2026-07-26T01:59:30.093] [DEBUG] debug-file - Update task entry:default@CompileArkTS input file:C:\Users\H1314\Desktop\foodkeeper\Foodkeeper-v1.0\entry\src\mock\mock-config.json5 cache by regenerate.
[2026-07-26T01:59:30.093] [DEBUG] debug-file - Update task entry:default@CompileArkTS output file:C:\Users\H1314\Desktop\foodkeeper\Foodkeeper-v1.0\entry\build\default\intermediates\loader_out\default\ets cache.
[2026-07-26T01:59:30.093] [DEBUG] debug-file - Incremental task entry:default@CompileArkTS post-execution cost:6 ms .
[2026-07-26T01:59:30.094] [DEBUG] debug-file - Update task entry:default@BuildJS input file:C:\Users\H1314\Desktop\foodkeeper\Foodkeeper-v1.0\entry\build\default\intermediates\loader\default cache by regenerate.
[2026-07-26T01:59:30.095] [DEBUG] debug-file - Update task entry:default@BuildJS input file:C:\Users\H1314\Desktop\foodkeeper\Foodkeeper-v1.0\entry\build\default\intermediates\res\default\resources\rawfile cache by regenerate.
[2026-07-26T01:59:30.095] [DEBUG] debug-file - Update task entry:default@BuildJS input file:C:\Users\H1314\Desktop\foodkeeper\Foodkeeper-v1.0\entry\build\default\intermediates\res\default\ResourceTable.txt cache by regenerate.
[2026-07-26T01:59:30.095] [DEBUG] debug-file - Update task entry:default@BuildJS input file:C:\Users\H1314\Desktop\foodkeeper\Foodkeeper-v1.0\entry\build\default\intermediates\res\default\ark_module.json cache by regenerate.
[2026-07-26T01:59:30.095] [DEBUG] debug-file - Update task entry:default@BuildJS input file:C:\Users\H1314\Desktop\foodkeeper\Foodkeeper-v1.0\entry\build\default\intermediates\res\default\resources\base\profile cache by regenerate.
[2026-07-26T01:59:30.096] [DEBUG] debug-file - Update task entry:default@BuildJS input file:C:\Users\H1314\Desktop\foodkeeper\Foodkeeper-v1.0\entry\build\default\intermediates\loader\default\pkgContextInfo.json cache by regenerate.
[2026-07-26T01:59:30.096] [DEBUG] debug-file - Update task entry:default@BuildJS output file:C:\Users\H1314\Desktop\foodkeeper\Foodkeeper-v1.0\entry\build\default\intermediates\loader_out\default\js cache.
[2026-07-26T01:59:30.096] [DEBUG] debug-file - Incremental task entry:default@BuildJS post-execution cost:3 ms .
[2026-07-26T01:59:30.096] [DEBUG] debug-file - There is no need to refresh cache, since the incremental task entry:default@CacheNativeLibs is up-to-date.
[2026-07-26T01:59:30.096] [DEBUG] debug-file - There is no need to refresh cache, since the incremental task entry:default@GeneratePkgModuleJson is up-to-date.
[2026-07-26T01:59:30.096] [DEBUG] debug-file - Incremental task entry:default@ProcessCompiledResources post-execution cost:1 ms .
[2026-07-26T01:59:30.097] [DEBUG] debug-file - Update task entry:default@PackageHap input file:C:\Users\H1314\Desktop\foodkeeper\Foodkeeper-v1.0\entry\build\default\intermediates\stripped_native_libs\default cache by regenerate.
[2026-07-26T01:59:30.097] [DEBUG] debug-file - Update task entry:default@PackageHap input file:C:\Users\H1314\Desktop\foodkeeper\Foodkeeper-v1.0\entry\build\default\intermediates\res\default\module.json cache by regenerate.
[2026-07-26T01:59:30.097] [DEBUG] debug-file - Update task entry:default@PackageHap input file:C:\Users\H1314\Desktop\foodkeeper\Foodkeeper-v1.0\entry\build\default\intermediates\res\default\resources cache by regenerate.
[2026-07-26T01:59:30.100] [DEBUG] debug-file - Update task entry:default@PackageHap input file:C:\Users\H1314\Desktop\foodkeeper\Foodkeeper-v1.0\entry\build\default\intermediates\res\default\resources.index cache by regenerate.
[2026-07-26T01:59:30.100] [DEBUG] debug-file - Update task entry:default@PackageHap input file:C:\Users\H1314\Desktop\foodkeeper\Foodkeeper-v1.0\entry\build\default\outputs\default\pack.info cache by regenerate.
[2026-07-26T01:59:30.100] [DEBUG] debug-file - Update task entry:default@PackageHap input file:C:\Users\H1314\Desktop\foodkeeper\Foodkeeper-v1.0\entry\build\default\intermediates\loader_out\default\ets cache from map.
[2026-07-26T01:59:30.100] [DEBUG] debug-file - Update task entry:default@PackageHap input file:C:\Users\H1314\Desktop\foodkeeper\Foodkeeper-v1.0\entry\build\default\intermediates\loader\default\pkgContextInfo.json cache by regenerate.
[2026-07-26T01:59:30.101] [DEBUG] debug-file - Update task entry:default@PackageHap input file:C:\Users\H1314\Desktop\foodkeeper\Foodkeeper-v1.0\entry\build\default\intermediates\loader_out\default\ets\sourceMaps.map cache by regenerate.
[2026-07-26T01:59:30.101] [DEBUG] debug-file - Update task entry:default@PackageHap input file:C:\Users\H1314\Desktop\foodkeeper\Foodkeeper-v1.0\entry\build\default\generated\profile\default\BuildProfile.ets cache by regenerate.
[2026-07-26T01:59:30.101] [DEBUG] debug-file - Update task entry:default@PackageHap output file:C:\Users\H1314\Desktop\foodkeeper\Foodkeeper-v1.0\entry\build\default\outputs\default\entry-default-unsigned.hap cache.
[2026-07-26T01:59:30.101] [DEBUG] debug-file - Update task entry:default@PackageHap output file:C:\Users\H1314\Desktop\foodkeeper\Foodkeeper-v1.0\entry\build\default\intermediates\source_map\default\sourceMaps.map cache.
[2026-07-26T01:59:30.101] [DEBUG] debug-file - Update task entry:default@PackageHap output file:C:\Users\H1314\Desktop\foodkeeper\Foodkeeper-v1.0\entry\build\default\outputs\default\mapping\sourceMaps.map cache.
[2026-07-26T01:59:30.101] [DEBUG] debug-file - Incremental task entry:default@PackageHap post-execution cost:5 ms .
[2026-07-26T01:59:30.102] [DEBUG] debug-file - Update task entry:default@SignHap input file:C:\Users\H1314\.ohos\config\default_Foodkeeper_KwM1xmT7eCaoGu1P7v-j5W5OtfbSqbdMeQP9Gmso0uM=.cer cache by regenerate.
[2026-07-26T01:59:30.102] [DEBUG] debug-file - Update task entry:default@SignHap input file:C:\Users\H1314\.ohos\config\default_Foodkeeper_KwM1xmT7eCaoGu1P7v-j5W5OtfbSqbdMeQP9Gmso0uM=.p7b cache by regenerate.
[2026-07-26T01:59:30.102] [DEBUG] debug-file - Update task entry:default@SignHap input file:C:\Users\H1314\.ohos\config\default_Foodkeeper_KwM1xmT7eCaoGu1P7v-j5W5OtfbSqbdMeQP9Gmso0uM=.p12 cache by regenerate.
[2026-07-26T01:59:30.102] [DEBUG] debug-file - Update task entry:default@SignHap input file:C:\Users\H1314\Desktop\foodkeeper\Foodkeeper-v1.0\entry\build\default\outputs\default\entry-default-unsigned.hap cache from map.
[2026-07-26T01:59:30.102] [DEBUG] debug-file - Update task entry:default@SignHap output file:C:\Users\H1314\Desktop\foodkeeper\Foodkeeper-v1.0\entry\build\default\outputs\default\entry-default-signed.hap cache.
[2026-07-26T01:59:30.102] [DEBUG] debug-file - Incremental task entry:default@SignHap post-execution cost:1 ms .
[2026-07-26T01:59:30.103] [DEBUG] debug-file - Update task entry:default@CollectDebugSymbol input file:C:\Users\H1314\Desktop\foodkeeper\Foodkeeper-v1.0\entry\build\default\intermediates\loader_out\default\ets\sourceMaps.map cache by regenerate.
[2026-07-26T01:59:30.103] [DEBUG] debug-file - Update task entry:default@CollectDebugSymbol input file:C:\Users\H1314\Desktop\foodkeeper\Foodkeeper-v1.0\entry\build\default\intermediates\libs\default cache by regenerate.
[2026-07-26T01:59:30.103] [DEBUG] debug-file - Update task entry:default@CollectDebugSymbol output file:C:\Users\H1314\Desktop\foodkeeper\Foodkeeper-v1.0\entry\build\default\outputs\default\symbol cache.
[2026-07-26T01:59:30.103] [DEBUG] debug-file - Incremental task entry:default@CollectDebugSymbol post-execution cost:2 ms .
[2026-07-26T01:59:30.122] [DEBUG] debug-file - Current worker pool is stopped or closed.
[2026-07-26T01:59:30.123] [DEBUG] debug-file - Clear worker 0.
[2026-07-26T01:59:30.123] [DEBUG] debug-file - Worker 0 has been cleared.
[2026-07-26T01:59:30.123] [DEBUG] debug-file - Current idle worker size: 3.
[2026-07-26T01:59:30.123] [DEBUG] debug-file - Current busy worker size: 0.
[2026-07-26T01:59:30.123] [DEBUG] debug-file - Clear worker 1.
[2026-07-26T01:59:30.123] [DEBUG] debug-file - Worker 1 has been cleared.
[2026-07-26T01:59:30.123] [DEBUG] debug-file - Current idle worker size: 2.
[2026-07-26T01:59:30.123] [DEBUG] debug-file - Current busy worker size: 0.
[2026-07-26T01:59:30.123] [DEBUG] debug-file - Clear worker 4.
[2026-07-26T01:59:30.123] [DEBUG] debug-file - Worker 4 has been cleared.
[2026-07-26T01:59:30.123] [DEBUG] debug-file - Current idle worker size: 1.
[2026-07-26T01:59:30.123] [DEBUG] debug-file - Current busy worker size: 0.
[2026-07-26T01:59:30.123] [DEBUG] debug-file - Clear worker 14.
[2026-07-26T01:59:30.123] [DEBUG] debug-file - Worker 14 has been cleared.
[2026-07-26T01:59:30.123] [DEBUG] debug-file - Current idle worker size: 0.
[2026-07-26T01:59:30.123] [DEBUG] debug-file - Current busy worker size: 0.
[2026-07-26T01:59:30.124] [DEBUG] debug-file - hvigor build process will be closed.
[2026-07-26T01:59:30.135] [DEBUG] debug-file - Current worker pool is terminated.
[2026-07-26T01:59:30.135] [DEBUG] debug-file - worker[1] exits with exit code 1.
[2026-07-26T01:59:30.135] [DEBUG] debug-file - worker[0] exits with exit code 1.
[2026-07-26T01:59:30.135] [DEBUG] debug-file - worker[14] exits with exit code 1.
[2026-07-26T01:59:30.149] [DEBUG] debug-file - worker[4] exits with exit code 1.
[2026-07-26T02:00:11.024] [DEBUG] debug-file - session manager: set active socket. socketId=N7B13hnrXjQRBx_KAAAJ
[2026-07-26T02:00:11.045] [DEBUG] debug-file - watch worker: worker id should be larger than 0. Nothing will be sent to any worker thread.
[2026-07-26T02:00:11.051] [DEBUG] debug-file - Workers' log level updated to INFO
[2026-07-26T02:00:11.054] [DEBUG] debug-file - Hvigor init with startParameters:{
  hvigorfileTypeCheck: false,
  parallelExecution: true,
  incrementalExecution: true,
  printStackTrace: false,
  daemon: true,
  analyze: 0,
  logLevel: Level { level: 20000, levelStr: 'INFO', colour: 'green' },
  optimizationStrategy: 'memory',
  hotCompile: undefined,
  hotReloadBuild: undefined,
  customizedParam: undefined
}
[2026-07-26T02:00:11.061] [DEBUG] debug-file - Cache service initialization finished in 7 ms 
[2026-07-26T02:00:11.062] [DEBUG] debug-file - hvigorfile, resolving C:\Users\H1314\Desktop\foodkeeper\Foodkeeper-v1.0\hvigorfile.ts
[2026-07-26T02:00:11.072] [DEBUG] debug-file - hvigorfile, require result:  { default: { plugins: [] } }
[2026-07-26T02:00:11.072] [DEBUG] debug-file - hvigorfile, binding system plugins null
[2026-07-26T02:00:11.073] [DEBUG] debug-file - Starting plugin build process
[2026-07-26T02:00:11.073] [DEBUG] debug-file - App plugin prepare start...
[2026-07-26T02:00:11.073] [DEBUG] debug-file - App plugin prepare end...
[2026-07-26T02:00:11.073] [DEBUG] debug-file - App plugin creating...
[2026-07-26T02:00:11.079] [DEBUG] debug-file - App plugin register hook start...
[2026-07-26T02:00:11.080] [DEBUG] debug-file - App plugin register hook end...
[2026-07-26T02:00:11.080] [DEBUG] debug-file - Plugin build process completed
[2026-07-26T02:00:11.080] [DEBUG] debug-file - Start initialize project's product build option map with build mode debug.
[2026-07-26T02:00:11.081] [DEBUG] debug-file - Picking option from product 'default' with build mode 'debug'.
[2026-07-26T02:00:11.081] [DEBUG] debug-file - Product 'default' build option initialized
[2026-07-26T02:00:11.081] [DEBUG] debug-file - End initialize project's product build option map with build mode 'debug'.
[2026-07-26T02:00:11.081] [DEBUG] debug-file - Obtain build option for product 'default'in this build.
[2026-07-26T02:00:11.085] [DEBUG] debug-file - C:\Users\H1314\Desktop\foodkeeper\Foodkeeper-v1.0\build\cache\default\remote_hsp\remoteHspCache.json not exists.
[2026-07-26T02:00:11.088] [DEBUG] debug-file - Start recording SDK configuration permission data.
[2026-07-26T02:00:11.110] [DEBUG] debug-file - Sdk init in 25 ms 
[2026-07-26T02:00:11.113] [DEBUG] debug-file - Project task initialization takes 3 ms 
[2026-07-26T02:00:11.113] [DEBUG] debug-file - hvigorfile, begin to bind custom plugins...
[2026-07-26T02:00:11.113] [DEBUG] debug-file - hvigorfile, no custom plugins were found in C:\Users\H1314\Desktop\foodkeeper\Foodkeeper-v1.0\hvigorfile.ts
[2026-07-26T02:00:11.113] [DEBUG] debug-file - hvigorfile, resolve finished C:\Users\H1314\Desktop\foodkeeper\Foodkeeper-v1.0\hvigorfile.ts
[2026-07-26T02:00:11.114] [DEBUG] debug-file - hvigorfile, resolving C:\Users\H1314\Desktop\foodkeeper\Foodkeeper-v1.0\entry\hvigorfile.ts
[2026-07-26T02:00:11.118] [DEBUG] debug-file - hvigorfile, require result:  { default: { plugins: [] } }
[2026-07-26T02:00:11.118] [DEBUG] debug-file - hvigorfile, binding system plugins null
[2026-07-26T02:00:11.118] [DEBUG] debug-file - Starting plugin build process
[2026-07-26T02:00:11.118] [DEBUG] debug-file - Hap plugin creating...
[2026-07-26T02:00:11.119] [DEBUG] debug-file - failed to load cangjie to dynamically generate schemas: Error: Cannot find module '@ohos/cangjie-build-support/index'
Require stack:
- D:\Soft\DevEco\devecostudio-windows-6.1.1.290\DevEco Studio\tools\hvigor\hvigor-ohos-plugin\src\plugin\hooks\cangjie-register.js
- D:\Soft\DevEco\devecostudio-windows-6.1.1.290\DevEco Studio\tools\hvigor\hvigor-ohos-plugin\src\plugin\strategy\stage-init-strategy.js
- D:\Soft\DevEco\devecostudio-windows-6.1.1.290\DevEco Studio\tools\hvigor\hvigor-ohos-plugin\src\plugin\builder\abstract-plugin-builder.js
- D:\Soft\DevEco\devecostudio-windows-6.1.1.290\DevEco Studio\tools\hvigor\hvigor-ohos-plugin\src\plugin\builder\app-plugin-builder.js
- D:\Soft\DevEco\devecostudio-windows-6.1.1.290\DevEco Studio\tools\hvigor\hvigor-ohos-plugin\src\plugin\factory\plugin-factory.js
- D:\Soft\DevEco\devecostudio-windows-6.1.1.290\DevEco Studio\tools\hvigor\hvigor-ohos-plugin\index.js
- C:\Users\H1314\Desktop\foodkeeper\Foodkeeper-v1.0\hvigorfile.ts
- D:\Soft\DevEco\devecostudio-windows-6.1.1.290\DevEco Studio\tools\hvigor\hvigor\src\base\internal\lifecycle\configuration.js
- D:\Soft\DevEco\devecostudio-windows-6.1.1.290\DevEco Studio\tools\hvigor\hvigor\src\base\boot\index.js
- D:\Soft\DevEco\devecostudio-windows-6.1.1.290\DevEco Studio\tools\hvigor\hvigor\src\base\daemon\cluster\worker-process-lifecycle.js
- D:\Soft\DevEco\devecostudio-windows-6.1.1.290\DevEco Studio\tools\hvigor\hvigor\src\base\daemon\process\daemon-process-boot-script.js
[2026-07-26T02:00:11.122] [DEBUG] debug-file - Start initialize module-target build option map, moduleName=entry, buildMode=debug
[2026-07-26T02:00:11.122] [DEBUG] debug-file - Target 'default' config initialized
[2026-07-26T02:00:11.122] [DEBUG] debug-file - Target 'ohosTest' config initialized
[2026-07-26T02:00:11.123] [DEBUG] debug-file - Module 'entry' target 'default' build option initialized
[2026-07-26T02:00:11.123] [DEBUG] debug-file - Module 'entry' target 'ohosTest' build option initialized
[2026-07-26T02:00:11.123] [DEBUG] debug-file - End initialize module-target build option map, moduleName=entry
[2026-07-26T02:00:11.123] [DEBUG] debug-file - Start initialize module-target build option map, moduleName=entry, buildMode=release
[2026-07-26T02:00:11.124] [DEBUG] debug-file - Target 'default' config initialized
[2026-07-26T02:00:11.124] [DEBUG] debug-file - Target 'ohosTest' config initialized
[2026-07-26T02:00:11.125] [DEBUG] debug-file - Module 'entry' target 'default' build option initialized
[2026-07-26T02:00:11.125] [DEBUG] debug-file - Module 'entry' target 'ohosTest' build option initialized
[2026-07-26T02:00:11.125] [DEBUG] debug-file - End initialize module-target build option map, moduleName=entry
[2026-07-26T02:00:11.125] [DEBUG] debug-file - Start initialize module-target build option map, moduleName=entry, buildMode=debug
[2026-07-26T02:00:11.125] [DEBUG] debug-file - Target 'default' config initialized
[2026-07-26T02:00:11.125] [DEBUG] debug-file - Target 'ohosTest' config initialized
[2026-07-26T02:00:11.125] [DEBUG] debug-file - Module 'entry' target 'default' build option initialized
[2026-07-26T02:00:11.126] [DEBUG] debug-file - Module 'entry' target 'ohosTest' build option initialized
[2026-07-26T02:00:11.126] [DEBUG] debug-file - End initialize module-target build option map, moduleName=entry
[2026-07-26T02:00:11.126] [DEBUG] debug-file - Obtain build option for module 'entry' target 'default'in this build.
[2026-07-26T02:00:11.127] [DEBUG] debug-file - Module entry task initialization takes 1 ms 
[2026-07-26T02:00:11.127] [DEBUG] debug-file - Hap plugin register hook start...
[2026-07-26T02:00:11.127] [DEBUG] debug-file - Hap plugin register hook end...
[2026-07-26T02:00:11.127] [DEBUG] debug-file - Plugin build process completed
[2026-07-26T02:00:11.127] [DEBUG] debug-file - hvigorfile, begin to bind custom plugins...
[2026-07-26T02:00:11.127] [DEBUG] debug-file - hvigorfile, no custom plugins were found in C:\Users\H1314\Desktop\foodkeeper\Foodkeeper-v1.0\entry\hvigorfile.ts
[2026-07-26T02:00:11.128] [DEBUG] debug-file - hvigorfile, resolve finished C:\Users\H1314\Desktop\foodkeeper\Foodkeeper-v1.0\entry\hvigorfile.ts
[2026-07-26T02:00:11.143] [DEBUG] debug-file - hvigorfile, resolve hvigorfile dependencies in 16 ms 
[2026-07-26T02:00:11.143] [DEBUG] debug-file - project has submodules:entry
[2026-07-26T02:00:11.144] [DEBUG] debug-file - start to load updatedOhPackageInfo to the disk
[2026-07-26T02:00:11.146] [DEBUG] debug-file - load to the disk finished
[2026-07-26T02:00:11.147] [DEBUG] debug-file - Start to initialize dependency information.
[2026-07-26T02:00:11.151] [DEBUG] debug-file - Module Foodkeeper-v1.0 Collected Dependency: 
[2026-07-26T02:00:11.151] [DEBUG] debug-file - Module Foodkeeper-v1.0's total dependency: 0
[2026-07-26T02:00:11.152] [DEBUG] debug-file - Start to initialize dependency information.
[2026-07-26T02:00:11.156] [DEBUG] debug-file - Module entry Collected Dependency: 
[2026-07-26T02:00:11.156] [DEBUG] debug-file - Module entry's total dependency: 0
[2026-07-26T02:00:11.158] [DEBUG] debug-file - Configuration phase cost:97 ms 
[2026-07-26T02:00:11.159] [DEBUG] debug-file - Configuration task cost before running: 108 ms 
[2026-07-26T02:00:11.162] [DEBUG] debug-file - Executing task :entry:default@PreBuild
[2026-07-26T02:00:11.164] [DEBUG] debug-file - Task 'entry:default@PreBuild' cost while wrapping incremental declarations: 1 ms 
[2026-07-26T02:00:11.173] [DEBUG] debug-file - entry:default@PreBuild is not up-to-date, since the task snapshots are different.
[2026-07-26T02:00:11.173] [DEBUG] debug-file - Incremental task entry:default@PreBuild pre-execution cost: 7 ms .
[2026-07-26T02:00:11.357] [DEBUG] debug-file - current product is not Atomic service.
[2026-07-26T02:00:11.358] [DEBUG] debug-file - Use tool [win32: JAVA_HOME, CLASSPATH]
 [
  {
    JAVA_HOME: 'D:\\Soft\\DevEco\\devecostudio-windows-6.1.1.290\\DevEco Studio\\jbr'
  },
  { CLASSPATH: undefined }
]
[2026-07-26T02:00:11.359] [DEBUG] debug-file - Use tool [win32: NODE_HOME]
 [
  {
    NODE_HOME: 'D:\\Soft\\DevEco\\devecostudio-windows-6.1.1.290\\DevEco Studio\\tools\\node'
  }
]
[2026-07-26T02:00:11.359] [DEBUG] debug-file - entry : default@PreBuild cost memory 5.707435607910156
[2026-07-26T02:00:11.360] [DEBUG] debug-file - runTaskFromQueue task cost before running: 309 ms 
[2026-07-26T02:00:11.362] [INFO] debug-file - Finished :entry:default@PreBuild... after 198 ms 
[2026-07-26T02:00:11.363] [DEBUG] debug-file - Executing task :entry:default@CreateModuleInfo
[2026-07-26T02:00:11.363] [DEBUG] debug-file - Task 'entry:default@CreateModuleInfo' cost while wrapping incremental declarations: 1 ms 
[2026-07-26T02:00:11.363] [DEBUG] debug-file - entry : default@CreateModuleInfo cost memory 0.0470733642578125
[2026-07-26T02:00:11.364] [DEBUG] debug-file - runTaskFromQueue task cost before running: 313 ms 
[2026-07-26T02:00:11.364] [INFO] debug-file - Finished :entry:default@CreateModuleInfo... after 1 ms 
[2026-07-26T02:00:11.367] [DEBUG] debug-file - Executing task :entry:default@GenerateMetadata
[2026-07-26T02:00:11.367] [DEBUG] debug-file - Task 'entry:default@GenerateMetadata' cost while wrapping incremental declarations: 1 ms 
[2026-07-26T02:00:11.368] [DEBUG] debug-file - Incremental task entry:default@GenerateMetadata pre-execution cost: 1 ms .
[2026-07-26T02:00:11.368] [DEBUG] debug-file - entry : default@GenerateMetadata cost memory 0.08950042724609375
[2026-07-26T02:00:11.368] [INFO] debug-file - UP-TO-DATE :entry:default@GenerateMetadata...  
[2026-07-26T02:00:11.369] [DEBUG] debug-file - Executing task :entry:default@ConfigureCmake
[2026-07-26T02:00:11.369] [DEBUG] debug-file - entry : default@ConfigureCmake cost memory 0.0144805908203125
[2026-07-26T02:00:11.369] [DEBUG] debug-file - runTaskFromQueue task cost before running: 318 ms 
[2026-07-26T02:00:11.369] [INFO] debug-file - Finished :entry:default@ConfigureCmake... after 1 ms 
[2026-07-26T02:00:11.370] [DEBUG] debug-file - Executing task :entry:default@MergeProfile
[2026-07-26T02:00:11.370] [DEBUG] debug-file - Task 'entry:default@MergeProfile' cost while wrapping incremental declarations: 1 ms 
[2026-07-26T02:00:11.373] [DEBUG] debug-file - Incremental task entry:default@MergeProfile pre-execution cost: 3 ms .
[2026-07-26T02:00:11.373] [DEBUG] debug-file - entry : default@MergeProfile cost memory 0.13350677490234375
[2026-07-26T02:00:11.374] [INFO] debug-file - UP-TO-DATE :entry:default@MergeProfile...  
[2026-07-26T02:00:11.375] [DEBUG] debug-file - Executing task :entry:default@CreateBuildProfile
[2026-07-26T02:00:11.376] [DEBUG] debug-file - Task 'entry:default@CreateBuildProfile' cost while wrapping incremental declarations: 1 ms 
[2026-07-26T02:00:11.377] [DEBUG] debug-file - Incremental task entry:default@CreateBuildProfile pre-execution cost: 2 ms .
[2026-07-26T02:00:11.377] [DEBUG] debug-file - entry : default@CreateBuildProfile cost memory 0.1079254150390625
[2026-07-26T02:00:11.377] [INFO] debug-file - UP-TO-DATE :entry:default@CreateBuildProfile...  
[2026-07-26T02:00:11.378] [DEBUG] debug-file - Executing task :entry:default@PreCheckSyscap
[2026-07-26T02:00:11.379] [DEBUG] debug-file - entry : default@PreCheckSyscap cost memory 0.01470184326171875
[2026-07-26T02:00:11.379] [DEBUG] debug-file - runTaskFromQueue task cost before running: 328 ms 
[2026-07-26T02:00:11.379] [INFO] debug-file - Finished :entry:default@PreCheckSyscap... after 1 ms 
[2026-07-26T02:00:11.380] [DEBUG] debug-file - Executing task :entry:default@GeneratePkgContextInfo
[2026-07-26T02:00:11.384] [DEBUG] debug-file - Task 'entry:default@GeneratePkgContextInfo' cost while wrapping incremental declarations: 1 ms 
[2026-07-26T02:00:11.384] [DEBUG] debug-file - Incremental task entry:default@GeneratePkgContextInfo pre-execution cost: 1 ms .
[2026-07-26T02:00:11.385] [DEBUG] debug-file - entry : default@GeneratePkgContextInfo cost memory 0.30397796630859375
[2026-07-26T02:00:11.385] [INFO] debug-file - UP-TO-DATE :entry:default@GeneratePkgContextInfo...  
[2026-07-26T02:00:11.385] [DEBUG] debug-file - Executing task :entry:default@GeneratePkgSdkInfo
[2026-07-26T02:00:11.390] [DEBUG] debug-file - Task 'entry:default@GeneratePkgSdkInfo' cost while wrapping incremental declarations: 1 ms 
[2026-07-26T02:00:11.390] [DEBUG] debug-file - entry : default@GeneratePkgSdkInfo cost memory 0.14151763916015625
[2026-07-26T02:00:11.391] [DEBUG] debug-file - runTaskFromQueue task cost before running: 340 ms 
[2026-07-26T02:00:11.391] [INFO] debug-file - Finished :entry:default@GeneratePkgSdkInfo... after 6 ms 
[2026-07-26T02:00:11.394] [DEBUG] debug-file - Executing task :entry:default@ProcessIntegratedHsp
[2026-07-26T02:00:11.395] [DEBUG] debug-file - entry:default@ProcessIntegratedHsp is not up-to-date, since the output file 'C:\Users\H1314\Desktop\foodkeeper\Foodkeeper-v1.0\build\cache\default\integrated_hsp\integratedHspCache.json' does not exist.
[2026-07-26T02:00:11.395] [DEBUG] debug-file - Incremental task entry:default@ProcessIntegratedHsp pre-execution cost: 1 ms .
[2026-07-26T02:00:11.395] [DEBUG] debug-file - entry : default@ProcessIntegratedHsp cost memory 0.06662750244140625
[2026-07-26T02:00:11.395] [DEBUG] debug-file - runTaskFromQueue task cost before running: 344 ms 
[2026-07-26T02:00:11.395] [INFO] debug-file - Finished :entry:default@ProcessIntegratedHsp... after 1 ms 
[2026-07-26T02:00:11.396] [DEBUG] debug-file - Executing task :entry:default@BuildNativeWithCmake
[2026-07-26T02:00:11.396] [DEBUG] debug-file - entry : default@BuildNativeWithCmake cost memory 0.0144805908203125
[2026-07-26T02:00:11.396] [DEBUG] debug-file - runTaskFromQueue task cost before running: 346 ms 
[2026-07-26T02:00:11.397] [INFO] debug-file - Finished :entry:default@BuildNativeWithCmake... after 1 ms 
[2026-07-26T02:00:11.398] [DEBUG] debug-file - Executing task :entry:default@MakePackInfo
[2026-07-26T02:00:11.400] [DEBUG] debug-file - Incremental task entry:default@MakePackInfo pre-execution cost: 2 ms .
[2026-07-26T02:00:11.400] [DEBUG] debug-file - entry : default@MakePackInfo cost memory 0.15428924560546875
[2026-07-26T02:00:11.401] [INFO] debug-file - UP-TO-DATE :entry:default@MakePackInfo...  
[2026-07-26T02:00:11.402] [DEBUG] debug-file - Executing task :entry:default@SyscapTransform
[2026-07-26T02:00:11.402] [DEBUG] debug-file - File: 'C:\Users\H1314\Desktop\foodkeeper\Foodkeeper-v1.0\entry\src\main\syscap.json' from 'sysCapJsonPath' is not exists, just ignore.
[2026-07-26T02:00:11.403] [DEBUG] debug-file - Task 'entry:default@SyscapTransform' cost while wrapping incremental declarations: 1 ms 
[2026-07-26T02:00:11.408] [DEBUG] debug-file - entry:default@SyscapTransform is not up-to-date, since the output file 'C:\Users\H1314\Desktop\foodkeeper\Foodkeeper-v1.0\entry\build\default\intermediates\syscap\default\rpcid.sc' does not exist.
[2026-07-26T02:00:11.408] [DEBUG] debug-file - Incremental task entry:default@SyscapTransform pre-execution cost: 5 ms .
[2026-07-26T02:00:11.408] [DEBUG] debug-file - entry : default@SyscapTransform cost memory 0.15500640869140625
[2026-07-26T02:00:11.408] [DEBUG] debug-file - runTaskFromQueue task cost before running: 358 ms 
[2026-07-26T02:00:11.409] [INFO] debug-file - Finished :entry:default@SyscapTransform... after 7 ms 
[2026-07-26T02:00:11.410] [DEBUG] debug-file - Executing task :entry:default@ProcessProfile
[2026-07-26T02:00:11.411] [DEBUG] debug-file - Task 'entry:default@ProcessProfile' cost while wrapping incremental declarations: 1 ms 
[2026-07-26T02:00:11.412] [DEBUG] debug-file - Incremental task entry:default@ProcessProfile pre-execution cost: 1 ms .
[2026-07-26T02:00:11.412] [DEBUG] debug-file - entry : default@ProcessProfile cost memory 0.138427734375
[2026-07-26T02:00:11.412] [INFO] debug-file - UP-TO-DATE :entry:default@ProcessProfile...  
[2026-07-26T02:00:11.413] [DEBUG] debug-file - Executing task :entry:default@ProcessRouterMap
[2026-07-26T02:00:11.417] [DEBUG] debug-file - Incremental task entry:default@ProcessRouterMap pre-execution cost: 4 ms .
[2026-07-26T02:00:11.417] [DEBUG] debug-file - entry : default@ProcessRouterMap cost memory -6.1849365234375
[2026-07-26T02:00:11.418] [INFO] debug-file - UP-TO-DATE :entry:default@ProcessRouterMap...  
[2026-07-26T02:00:11.419] [DEBUG] debug-file - Executing task :entry:default@ProcessShareConfig
[2026-07-26T02:00:11.423] [DEBUG] debug-file - Incremental task entry:default@ProcessShareConfig pre-execution cost: 3 ms .
[2026-07-26T02:00:11.423] [DEBUG] debug-file - entry : default@ProcessShareConfig cost memory 0.1482391357421875
[2026-07-26T02:00:11.423] [INFO] debug-file - UP-TO-DATE :entry:default@ProcessShareConfig...  
[2026-07-26T02:00:11.425] [DEBUG] debug-file - Executing task :entry:default@ProcessStartupConfig
[2026-07-26T02:00:11.425] [DEBUG] debug-file - Task 'entry:default@ProcessStartupConfig' cost while wrapping incremental declarations: 1 ms 
[2026-07-26T02:00:11.426] [DEBUG] debug-file - entry:default@ProcessStartupConfig is not up-to-date, since the output file 'C:\Users\H1314\Desktop\foodkeeper\Foodkeeper-v1.0\entry\build\default\intermediates\startup\default\startup_config.json' does not exist.
[2026-07-26T02:00:11.426] [DEBUG] debug-file - Incremental task entry:default@ProcessStartupConfig pre-execution cost: 1 ms .
[2026-07-26T02:00:11.426] [DEBUG] debug-file - entry : default@ProcessStartupConfig cost memory 0.14829254150390625
[2026-07-26T02:00:11.426] [DEBUG] debug-file - runTaskFromQueue task cost before running: 376 ms 
[2026-07-26T02:00:11.427] [INFO] debug-file - Finished :entry:default@ProcessStartupConfig... after 2 ms 
[2026-07-26T02:00:11.428] [DEBUG] debug-file - Executing task :entry:default@BuildNativeWithNinja
[2026-07-26T02:00:11.428] [DEBUG] debug-file - entry : default@BuildNativeWithNinja cost memory 0.02207183837890625
[2026-07-26T02:00:11.428] [DEBUG] debug-file - runTaskFromQueue task cost before running: 378 ms 
[2026-07-26T02:00:11.429] [INFO] debug-file - Finished :entry:default@BuildNativeWithNinja... after 1 ms 
[2026-07-26T02:00:11.430] [DEBUG] debug-file - restool module names: entry; moduleName=entry, taskName=default@ProcessResource
[2026-07-26T02:00:11.431] [DEBUG] debug-file - Executing task :entry:default@ProcessResource
[2026-07-26T02:00:11.432] [DEBUG] debug-file - Task 'entry:default@ProcessResource' cost while wrapping incremental declarations: 1 ms 
[2026-07-26T02:00:11.432] [DEBUG] debug-file - Incremental task entry:default@ProcessResource pre-execution cost: 1 ms .
[2026-07-26T02:00:11.433] [DEBUG] debug-file - entry : default@ProcessResource cost memory 0.15308380126953125
[2026-07-26T02:00:11.435] [INFO] debug-file - UP-TO-DATE :entry:default@ProcessResource...  
[2026-07-26T02:00:11.437] [DEBUG] debug-file - Executing task :entry:default@GenerateLoaderJson
[2026-07-26T02:00:11.438] [DEBUG] debug-file - Task 'entry:default@GenerateLoaderJson' cost while wrapping incremental declarations: 1 ms 
[2026-07-26T02:00:11.445] [DEBUG] debug-file - Incremental task entry:default@GenerateLoaderJson pre-execution cost: 5 ms .
[2026-07-26T02:00:11.445] [DEBUG] debug-file - entry : default@GenerateLoaderJson cost memory 0.578887939453125
[2026-07-26T02:00:11.448] [INFO] debug-file - UP-TO-DATE :entry:default@GenerateLoaderJson...  
[2026-07-26T02:00:11.449] [DEBUG] debug-file - Executing task :entry:default@ProcessLibs
[2026-07-26T02:00:11.453] [DEBUG] debug-file - Incremental task entry:default@ProcessLibs pre-execution cost: 3 ms .
[2026-07-26T02:00:11.453] [DEBUG] debug-file - entry : default@ProcessLibs cost memory 0.11408233642578125
[2026-07-26T02:00:11.454] [INFO] debug-file - UP-TO-DATE :entry:default@ProcessLibs...  
[2026-07-26T02:00:11.456] [DEBUG] debug-file - restool module names: entry; moduleName=entry, taskName=default@CompileResource
[2026-07-26T02:00:11.456] [DEBUG] debug-file - Executing task :entry:default@CompileResource
[2026-07-26T02:00:11.474] [DEBUG] debug-file - Incremental task entry:default@CompileResource pre-execution cost: 16 ms .
[2026-07-26T02:00:11.474] [DEBUG] debug-file - entry : default@CompileResource cost memory 0.7237930297851562
[2026-07-26T02:00:11.475] [INFO] debug-file - UP-TO-DATE :entry:default@CompileResource...  
[2026-07-26T02:00:11.476] [DEBUG] debug-file - Executing task :entry:default@DoNativeStrip
[2026-07-26T02:00:11.477] [DEBUG] debug-file - File: 'C:\Users\H1314\Desktop\foodkeeper\Foodkeeper-v1.0\entry\build\default\intermediates\binxo\default' from 'doBinxoNativeLibs' is not exists, just ignore.
[2026-07-26T02:00:11.477] [DEBUG] debug-file - Task 'entry:default@DoNativeStrip' cost while wrapping incremental declarations: 1 ms 
[2026-07-26T02:00:11.478] [DEBUG] debug-file - Incremental task entry:default@DoNativeStrip pre-execution cost: 1 ms .
[2026-07-26T02:00:11.478] [DEBUG] debug-file - entry : default@DoNativeStrip cost memory 0.09339141845703125
[2026-07-26T02:00:11.478] [INFO] debug-file - UP-TO-DATE :entry:default@DoNativeStrip...  
[2026-07-26T02:00:11.481] [DEBUG] debug-file - Executing task :entry:default@CompileArkTS
[2026-07-26T02:00:11.481] [DEBUG] debug-file - obfuscationOptions: undefined
[2026-07-26T02:00:11.483] [DEBUG] debug-file - Task 'entry:default@CompileArkTS' cost while wrapping incremental declarations: 1 ms 
[2026-07-26T02:00:11.495] [DEBUG] debug-file - Incremental task entry:default@CompileArkTS pre-execution cost: 10 ms .
[2026-07-26T02:00:11.495] [DEBUG] debug-file - entry : default@CompileArkTS cost memory 0.7671279907226562
[2026-07-26T02:00:11.497] [INFO] debug-file - UP-TO-DATE :entry:default@CompileArkTS...  
[2026-07-26T02:00:11.499] [DEBUG] debug-file - Executing task :entry:default@BuildJS
[2026-07-26T02:00:11.500] [DEBUG] debug-file - Task 'entry:default@BuildJS' cost while wrapping incremental declarations: 1 ms 
[2026-07-26T02:00:11.502] [DEBUG] debug-file - entry : default@BuildJS cost memory 0.17348480224609375
[2026-07-26T02:00:11.502] [DEBUG] debug-file - runTaskFromQueue task cost before running: 452 ms 
[2026-07-26T02:00:11.502] [INFO] debug-file - Finished :entry:default@BuildJS... after 3 ms 
[2026-07-26T02:00:11.504] [DEBUG] debug-file - Executing task :entry:default@CacheNativeLibs
[2026-07-26T02:00:11.504] [DEBUG] debug-file - File: 'C:\Users\H1314\Desktop\foodkeeper\Foodkeeper-v1.0\entry\build\default\intermediates\binxo\default' from 'cacheBinxoNativeLibs' is not exists, just ignore.
[2026-07-26T02:00:11.504] [DEBUG] debug-file - Task 'entry:default@CacheNativeLibs' cost while wrapping incremental declarations: 1 ms 
[2026-07-26T02:00:11.505] [DEBUG] debug-file - Incremental task entry:default@CacheNativeLibs pre-execution cost: 2 ms .
[2026-07-26T02:00:11.505] [DEBUG] debug-file - entry : default@CacheNativeLibs cost memory 0.12554931640625
[2026-07-26T02:00:11.505] [INFO] debug-file - UP-TO-DATE :entry:default@CacheNativeLibs...  
[2026-07-26T02:00:11.506] [DEBUG] debug-file - Executing task :entry:default@GeneratePkgModuleJson
[2026-07-26T02:00:11.506] [DEBUG] debug-file - File: 'C:\Users\H1314\Desktop\foodkeeper\Foodkeeper-v1.0\entry\build\default\intermediates\preload\default\preload.json' from 'preloadSoJsonPath' is not exists, just ignore.
[2026-07-26T02:00:11.507] [DEBUG] debug-file - Error occurs while handling @Input 'shouldDeduplicateHar': The "data" argument must be of type string or an instance of Buffer, TypedArray, or DataView. Received undefined
[2026-07-26T02:00:11.507] [DEBUG] debug-file - Task 'entry:default@GeneratePkgModuleJson' cost while wrapping incremental declarations: 1 ms 
[2026-07-26T02:00:11.507] [DEBUG] debug-file - Incremental task entry:default@GeneratePkgModuleJson pre-execution cost: 1 ms .
[2026-07-26T02:00:11.507] [DEBUG] debug-file - entry : default@GeneratePkgModuleJson cost memory 0.12146759033203125
[2026-07-26T02:00:11.507] [INFO] debug-file - UP-TO-DATE :entry:default@GeneratePkgModuleJson...  
[2026-07-26T02:00:11.508] [DEBUG] debug-file - Executing task :entry:default@ProcessCompiledResources
[2026-07-26T02:00:11.508] [DEBUG] debug-file - File: 'C:\Users\H1314\Desktop\foodkeeper\Foodkeeper-v1.0\entry\build\default\intermediates\preload\default\preload.json' from 'preloadSoJsonPath' is not exists, just ignore.
[2026-07-26T02:00:11.508] [DEBUG] debug-file - Task 'entry:default@ProcessCompiledResources' cost while wrapping incremental declarations: 1 ms 
[2026-07-26T02:00:11.508] [DEBUG] debug-file - entry : default@ProcessCompiledResources cost memory 0.0638275146484375
[2026-07-26T02:00:11.509] [DEBUG] debug-file - runTaskFromQueue task cost before running: 458 ms 
[2026-07-26T02:00:11.509] [INFO] debug-file - Finished :entry:default@ProcessCompiledResources... after 1 ms 
[2026-07-26T02:00:11.510] [DEBUG] debug-file - Executing task :entry:default@PackageHap
[2026-07-26T02:00:11.517] [DEBUG] debug-file - Incremental task entry:default@PackageHap pre-execution cost: 7 ms .
[2026-07-26T02:00:11.518] [DEBUG] debug-file - entry : default@PackageHap cost memory 0.473052978515625
[2026-07-26T02:00:11.518] [INFO] debug-file - UP-TO-DATE :entry:default@PackageHap...  
[2026-07-26T02:00:11.519] [DEBUG] debug-file - Executing task :entry:default@PackingCheck
[2026-07-26T02:00:11.523] [DEBUG] debug-file - entry : default@PackingCheck cost memory 0.37493133544921875
[2026-07-26T02:00:11.523] [DEBUG] debug-file - runTaskFromQueue task cost before running: 472 ms 
[2026-07-26T02:00:11.523] [INFO] debug-file - Finished :entry:default@PackingCheck... after 4 ms 
[2026-07-26T02:00:11.525] [DEBUG] debug-file - Executing task :entry:default@SignHap
[2026-07-26T02:00:11.528] [DEBUG] debug-file - Incremental task entry:default@SignHap pre-execution cost: 3 ms .
[2026-07-26T02:00:11.528] [DEBUG] debug-file - entry : default@SignHap cost memory 0.11383819580078125
[2026-07-26T02:00:11.529] [INFO] debug-file - UP-TO-DATE :entry:default@SignHap...  
[2026-07-26T02:00:11.530] [DEBUG] debug-file - Executing task :entry:default@CollectDebugSymbol
[2026-07-26T02:00:11.531] [DEBUG] debug-file - entry : default@CollectDebugSymbol cost memory 0.1016998291015625
[2026-07-26T02:00:11.531] [DEBUG] debug-file - runTaskFromQueue task cost before running: 480 ms 
[2026-07-26T02:00:11.531] [INFO] debug-file - Finished :entry:default@CollectDebugSymbol... after 2 ms 
[2026-07-26T02:00:11.531] [DEBUG] debug-file - Executing task :entry:assembleHap
[2026-07-26T02:00:11.531] [DEBUG] debug-file - entry : assembleHap cost memory 0.0122528076171875
[2026-07-26T02:00:11.531] [DEBUG] debug-file - runTaskFromQueue task cost before running: 481 ms 
[2026-07-26T02:00:11.531] [INFO] debug-file - Finished :entry:assembleHap... after 1 ms 
[2026-07-26T02:00:11.544] [INFO] debug-file - BUILD SUCCESSFUL in 493 ms 
[2026-07-26T02:00:11.545] [DEBUG] debug-file - Update task entry:default@PreBuild input file:C:\Users\H1314\Desktop\foodkeeper\Foodkeeper-v1.0\AppScope\app.json5 cache by regenerate.
[2026-07-26T02:00:11.545] [DEBUG] debug-file - Update task entry:default@PreBuild input file:C:\Users\H1314\Desktop\foodkeeper\Foodkeeper-v1.0\entry\src\main\module.json5 cache by regenerate.
[2026-07-26T02:00:11.545] [DEBUG] debug-file - Update task entry:default@PreBuild input file:C:\Users\H1314\Desktop\foodkeeper\Foodkeeper-v1.0\build-profile.json5 cache by regenerate.
[2026-07-26T02:00:11.546] [DEBUG] debug-file - Update task entry:default@PreBuild input file:C:\Users\H1314\Desktop\foodkeeper\Foodkeeper-v1.0\entry\build-profile.json5 cache by regenerate.
[2026-07-26T02:00:11.546] [DEBUG] debug-file - Update task entry:default@PreBuild input file:C:\Users\H1314\Desktop\foodkeeper\Foodkeeper-v1.0\entry\src\main\resources\base\profile\main_pages.json cache by regenerate.
[2026-07-26T02:00:11.546] [DEBUG] debug-file - Update task entry:default@PreBuild input file:C:\Users\H1314\Desktop\foodkeeper\Foodkeeper-v1.0\hvigor\hvigor-config.json5 cache by regenerate.
[2026-07-26T02:00:11.546] [DEBUG] debug-file - Update task entry:default@PreBuild input file:C:\Users\H1314\Desktop\foodkeeper\Foodkeeper-v1.0\entry\src\mock\mock-config.json5 cache by regenerate.
[2026-07-26T02:00:11.546] [DEBUG] debug-file - Update task entry:default@PreBuild input file:C:\Users\H1314\Desktop\foodkeeper\Foodkeeper-v1.0\entry\oh-package.json5 cache by regenerate.
[2026-07-26T02:00:11.546] [DEBUG] debug-file - Update task entry:default@PreBuild input file:C:\Users\H1314\Desktop\foodkeeper\Foodkeeper-v1.0\oh-package.json5 cache by regenerate.
[2026-07-26T02:00:11.547] [DEBUG] debug-file - Incremental task entry:default@PreBuild post-execution cost:3 ms .
[2026-07-26T02:00:11.547] [DEBUG] debug-file - Update task entry:default@CreateModuleInfo output file:C:\Users\H1314\Desktop\foodkeeper\Foodkeeper-v1.0\entry\build\default\generated\profile\default\ModuleInfo.ts cache.
[2026-07-26T02:00:11.547] [DEBUG] debug-file - Incremental task entry:default@CreateModuleInfo post-execution cost:1 ms .
[2026-07-26T02:00:11.547] [DEBUG] debug-file - There is no need to refresh cache, since the incremental task entry:default@GenerateMetadata is up-to-date.
[2026-07-26T02:00:11.547] [DEBUG] debug-file - There is no need to refresh cache, since the incremental task entry:default@MergeProfile is up-to-date.
[2026-07-26T02:00:11.547] [DEBUG] debug-file - There is no need to refresh cache, since the incremental task entry:default@CreateBuildProfile is up-to-date.
[2026-07-26T02:00:11.547] [DEBUG] debug-file - There is no need to refresh cache, since the incremental task entry:default@GeneratePkgContextInfo is up-to-date.
[2026-07-26T02:00:11.547] [DEBUG] debug-file - Update task entry:default@GeneratePkgSdkInfo output file:C:\Users\H1314\Desktop\foodkeeper\Foodkeeper-v1.0\entry\build\default\intermediates\loader\default\pkgSdkInfo.json cache.
[2026-07-26T02:00:11.547] [DEBUG] debug-file - Incremental task entry:default@GeneratePkgSdkInfo post-execution cost:1 ms .
[2026-07-26T02:00:11.547] [DEBUG] debug-file - Update task entry:default@ProcessIntegratedHsp output file:C:\Users\H1314\Desktop\foodkeeper\Foodkeeper-v1.0\build\cache\default\integrated_hsp\integratedHspCache.json cache.
[2026-07-26T02:00:11.547] [DEBUG] debug-file - Incremental task entry:default@ProcessIntegratedHsp post-execution cost:1 ms .
[2026-07-26T02:00:11.547] [DEBUG] debug-file - There is no need to refresh cache, since the incremental task entry:default@MakePackInfo is up-to-date.
[2026-07-26T02:00:11.548] [DEBUG] debug-file - Update task entry:default@SyscapTransform input file:D:\Soft\DevEco\devecostudio-windows-6.1.1.290\DevEco Studio\sdk\default\openharmony\toolchains\syscap_tool.exe cache by regenerate.
[2026-07-26T02:00:11.548] [DEBUG] debug-file - Update task entry:default@SyscapTransform input file:D:\Soft\DevEco\devecostudio-windows-6.1.1.290\DevEco Studio\sdk\default\openharmony\ets\api\device-define cache by regenerate.
[2026-07-26T02:00:11.549] [DEBUG] debug-file - Update task entry:default@SyscapTransform output file:C:\Users\H1314\Desktop\foodkeeper\Foodkeeper-v1.0\entry\build\default\intermediates\syscap\default\rpcid.sc cache.
[2026-07-26T02:00:11.549] [DEBUG] debug-file - Incremental task entry:default@SyscapTransform post-execution cost:2 ms .
[2026-07-26T02:00:11.549] [DEBUG] debug-file - There is no need to refresh cache, since the incremental task entry:default@ProcessProfile is up-to-date.
[2026-07-26T02:00:11.549] [DEBUG] debug-file - There is no need to refresh cache, since the incremental task entry:default@ProcessRouterMap is up-to-date.
[2026-07-26T02:00:11.549] [DEBUG] debug-file - There is no need to refresh cache, since the incremental task entry:default@ProcessShareConfig is up-to-date.
[2026-07-26T02:00:11.550] [DEBUG] debug-file - Update task entry:default@ProcessStartupConfig input file:C:\Users\H1314\Desktop\foodkeeper\Foodkeeper-v1.0\entry\build\default\intermediates\loader\default\pkgContextInfo.json cache by regenerate.
[2026-07-26T02:00:11.550] [DEBUG] debug-file - Update task entry:default@ProcessStartupConfig output file:C:\Users\H1314\Desktop\foodkeeper\Foodkeeper-v1.0\entry\build\default\intermediates\startup\default\startup_config.json cache.
[2026-07-26T02:00:11.550] [DEBUG] debug-file - Incremental task entry:default@ProcessStartupConfig post-execution cost:1 ms .
[2026-07-26T02:00:11.550] [DEBUG] debug-file - There is no need to refresh cache, since the incremental task entry:default@ProcessResource is up-to-date.
[2026-07-26T02:00:11.550] [DEBUG] debug-file - There is no need to refresh cache, since the incremental task entry:default@GenerateLoaderJson is up-to-date.
[2026-07-26T02:00:11.550] [DEBUG] debug-file - There is no need to refresh cache, since the incremental task entry:default@ProcessLibs is up-to-date.
[2026-07-26T02:00:11.550] [DEBUG] debug-file - There is no need to refresh cache, since the incremental task entry:default@CompileResource is up-to-date.
[2026-07-26T02:00:11.550] [DEBUG] debug-file - There is no need to refresh cache, since the incremental task entry:default@DoNativeStrip is up-to-date.
[2026-07-26T02:00:11.550] [DEBUG] debug-file - There is no need to refresh cache, since the incremental task entry:default@CompileArkTS is up-to-date.
[2026-07-26T02:00:11.551] [DEBUG] debug-file - Update task entry:default@BuildJS input file:C:\Users\H1314\Desktop\foodkeeper\Foodkeeper-v1.0\entry\build\default\intermediates\loader\default cache by regenerate.
[2026-07-26T02:00:11.552] [DEBUG] debug-file - Update task entry:default@BuildJS input file:C:\Users\H1314\Desktop\foodkeeper\Foodkeeper-v1.0\entry\build\default\intermediates\res\default\resources\rawfile cache by regenerate.
[2026-07-26T02:00:11.552] [DEBUG] debug-file - Update task entry:default@BuildJS input file:C:\Users\H1314\Desktop\foodkeeper\Foodkeeper-v1.0\entry\build\default\intermediates\res\default\ResourceTable.txt cache by regenerate.
[2026-07-26T02:00:11.552] [DEBUG] debug-file - Update task entry:default@BuildJS input file:C:\Users\H1314\Desktop\foodkeeper\Foodkeeper-v1.0\entry\build\default\intermediates\res\default\ark_module.json cache by regenerate.
[2026-07-26T02:00:11.552] [DEBUG] debug-file - Update task entry:default@BuildJS input file:C:\Users\H1314\Desktop\foodkeeper\Foodkeeper-v1.0\entry\build\default\intermediates\res\default\resources\base\profile cache by regenerate.
[2026-07-26T02:00:11.553] [DEBUG] debug-file - Update task entry:default@BuildJS input file:C:\Users\H1314\Desktop\foodkeeper\Foodkeeper-v1.0\entry\build\default\intermediates\loader\default\pkgContextInfo.json cache by regenerate.
[2026-07-26T02:00:11.553] [DEBUG] debug-file - Update task entry:default@BuildJS output file:C:\Users\H1314\Desktop\foodkeeper\Foodkeeper-v1.0\entry\build\default\intermediates\loader_out\default\js cache.
[2026-07-26T02:00:11.553] [DEBUG] debug-file - Incremental task entry:default@BuildJS post-execution cost:4 ms .
[2026-07-26T02:00:11.553] [DEBUG] debug-file - There is no need to refresh cache, since the incremental task entry:default@CacheNativeLibs is up-to-date.
[2026-07-26T02:00:11.553] [DEBUG] debug-file - There is no need to refresh cache, since the incremental task entry:default@GeneratePkgModuleJson is up-to-date.
[2026-07-26T02:00:11.553] [DEBUG] debug-file - Incremental task entry:default@ProcessCompiledResources post-execution cost:1 ms .
[2026-07-26T02:00:11.553] [DEBUG] debug-file - There is no need to refresh cache, since the incremental task entry:default@PackageHap is up-to-date.
[2026-07-26T02:00:11.553] [DEBUG] debug-file - There is no need to refresh cache, since the incremental task entry:default@SignHap is up-to-date.
[2026-07-26T02:00:11.554] [DEBUG] debug-file - Update task entry:default@CollectDebugSymbol input file:C:\Users\H1314\Desktop\foodkeeper\Foodkeeper-v1.0\entry\build\default\intermediates\loader_out\default\ets\sourceMaps.map cache by regenerate.
[2026-07-26T02:00:11.554] [DEBUG] debug-file - Update task entry:default@CollectDebugSymbol input file:C:\Users\H1314\Desktop\foodkeeper\Foodkeeper-v1.0\entry\build\default\intermediates\libs\default cache by regenerate.
[2026-07-26T02:00:11.554] [DEBUG] debug-file - Update task entry:default@CollectDebugSymbol output file:C:\Users\H1314\Desktop\foodkeeper\Foodkeeper-v1.0\entry\build\default\outputs\default\symbol cache.
[2026-07-26T02:00:11.554] [DEBUG] debug-file - Incremental task entry:default@CollectDebugSymbol post-execution cost:1 ms .
[2026-07-26T02:00:11.580] [DEBUG] debug-file - hvigor build process will be closed.
[2026-07-26T02:00:11.584] [DEBUG] debug-file - session manager: send message to worker process.
[2026-07-26T02:00:11.584] [DEBUG] debug-file - session manager: send message to worker process.
[2026-07-26T02:00:11.586] [DEBUG] debug-file - watch worker: worker id should be larger than 0. Nothing will be sent to any worker thread.
[2026-07-26T02:00:11.586] [DEBUG] debug-file - watch worker: worker id should be larger than 0. Nothing will be sent to any worker thread.
[2026-07-26T02:48:32.222] [DEBUG] debug-file - java daemon exit code:1073807364 signal:null
[2026-07-27T00:04:18.678] [DEBUG] debug-file - hvigor java daemon: Starting java daemon. jvmXmxValue=512m, jarPath=D:\Soft\DevEco\devecostudio-windows-6.1.1.290\DevEco Studio\tools\hvigor\hvigor\lib\hvigor-java-daemon.jar
[2026-07-27T00:04:18.690] [DEBUG] debug-file - hvigor java daemon: Read cache file, 
    port=45050, pid=37236, sessionId exists=true
[2026-07-27T00:04:18.733] [DEBUG] debug-file - hvigor java daemon: tryConnect failed, Error: connect ECONNREFUSED 127.0.0.1:45050, will start new daemon
[2026-07-27T00:04:18.838] [DEBUG] debug-file - java daemon started at port 45050 pid 26136
[2026-07-27T00:04:14.434] [DEBUG] debug-file - env: nodejsVersion=v18.20.1
[2026-07-27T00:04:14.692] [DEBUG] debug-file - env: daemon=true
[2026-07-27T00:04:14.436] [DEBUG] debug-file - env: hvigor-config.json5 content = {
  modelVersion: '6.1.1',
  dependencies: {},
  execution: {},
  logging: {},
  debugging: {},
  nodeOptions: {}
}
[2026-07-27T00:04:20.123] [DEBUG] debug-file - session manager: set active socket. socketId=_ls6x3zg3DEMN3maAAAB
[2026-07-27T00:04:20.287] [DEBUG] debug-file - watch worker: worker id should be larger than 0. Nothing will be sent to any worker thread.
[2026-07-27T00:04:20.297] [DEBUG] debug-file - Since there is no instance or instance is terminated, create a new worker pool.
[2026-07-27T00:04:20.298] [DEBUG] debug-file - Worker pool is initialized with config:  {
  minPoolNum: 2,
  maxPoolNum: undefined,
  maxCoreSize: undefined,
  cacheCapacity: undefined,
  cacheTtl: undefined
}
[2026-07-27T00:04:20.299] [DEBUG] debug-file - Create  resident worker with id: 0.
[2026-07-27T00:04:20.302] [DEBUG] debug-file - Create  resident worker with id: 1.
[2026-07-27T00:04:20.306] [DEBUG] debug-file - Workers' log level updated to INFO
[2026-07-27T00:04:20.318] [DEBUG] debug-file - Hvigor init with startParameters:{
  hvigorfileTypeCheck: false,
  parallelExecution: true,
  incrementalExecution: true,
  printStackTrace: false,
  daemon: true,
  analyze: 0,
  logLevel: Level { level: 20000, levelStr: 'INFO', colour: 'green' },
  optimizationStrategy: 'memory',
  hotCompile: undefined,
  hotReloadBuild: undefined,
  customizedParam: undefined
}
[2026-07-27T00:04:20.378] [DEBUG] debug-file - Cache service initialization finished in 60 ms 
[2026-07-27T00:04:20.381] [DEBUG] debug-file - hvigorfile, resolving C:\Users\H1314\Desktop\foodkeeper\Foodkeeper-v1.0\hvigorfile.ts
[2026-07-27T00:04:55.424] [DEBUG] debug-file - hvigorfile, require result:  { default: { plugins: [] } }
[2026-07-27T00:04:55.424] [DEBUG] debug-file - hvigorfile, binding system plugins null
[2026-07-27T00:04:55.425] [DEBUG] debug-file - Starting plugin build process
[2026-07-27T00:04:55.425] [DEBUG] debug-file - App plugin prepare start...
[2026-07-27T00:04:55.425] [DEBUG] debug-file - App plugin prepare end...
[2026-07-27T00:04:55.425] [DEBUG] debug-file - App plugin creating...
[2026-07-27T00:04:55.655] [DEBUG] debug-file - App plugin register hook start...
[2026-07-27T00:04:55.655] [DEBUG] debug-file - App plugin register hook end...
[2026-07-27T00:04:55.656] [DEBUG] debug-file - Plugin build process completed
[2026-07-27T00:04:55.657] [DEBUG] debug-file - Start initialize project's product build option map with build mode debug.
[2026-07-27T00:04:55.657] [DEBUG] debug-file - Picking option from product 'default' with build mode 'debug'.
[2026-07-27T00:04:55.658] [DEBUG] debug-file - Product 'default' build option initialized
[2026-07-27T00:04:55.658] [DEBUG] debug-file - End initialize project's product build option map with build mode 'debug'.
[2026-07-27T00:04:55.661] [DEBUG] debug-file - Obtain build option for product 'default'in this build.
[2026-07-27T00:04:55.673] [DEBUG] debug-file - C:\Users\H1314\Desktop\foodkeeper\Foodkeeper-v1.0\build\cache\default\remote_hsp\remoteHspCache.json not exists.
[2026-07-27T00:04:55.676] [DEBUG] debug-file - Local scan or download HarmonyOS sdk components toolchains,ets,js,native,previewer
[2026-07-27T00:04:55.681] [DEBUG] debug-file - Local scan or download hmscore sdk components toolchains,ets,native
[2026-07-27T00:04:55.685] [DEBUG] debug-file - Start recording SDK configuration permission data.
[2026-07-27T00:04:55.731] [DEBUG] debug-file - Sdk init in 56 ms 
[2026-07-27T00:04:55.737] [DEBUG] debug-file - Project task initialization takes 6 ms 
[2026-07-27T00:04:55.737] [DEBUG] debug-file - hvigorfile, begin to bind custom plugins...
[2026-07-27T00:04:55.737] [DEBUG] debug-file - hvigorfile, no custom plugins were found in C:\Users\H1314\Desktop\foodkeeper\Foodkeeper-v1.0\hvigorfile.ts
[2026-07-27T00:04:55.737] [DEBUG] debug-file - hvigorfile, resolve finished C:\Users\H1314\Desktop\foodkeeper\Foodkeeper-v1.0\hvigorfile.ts
[2026-07-27T00:04:55.739] [DEBUG] debug-file - hvigorfile, resolving C:\Users\H1314\Desktop\foodkeeper\Foodkeeper-v1.0\entry\hvigorfile.ts
[2026-07-27T00:04:55.747] [DEBUG] debug-file - hvigorfile, require result:  { default: { plugins: [] } }
[2026-07-27T00:04:55.747] [DEBUG] debug-file - hvigorfile, binding system plugins null
[2026-07-27T00:04:55.747] [DEBUG] debug-file - Starting plugin build process
[2026-07-27T00:04:55.748] [DEBUG] debug-file - Hap plugin creating...
[2026-07-27T00:04:55.750] [DEBUG] debug-file - failed to load cangjie to dynamically generate schemas: Error: Cannot find module '@ohos/cangjie-build-support/index'
Require stack:
- D:\Soft\DevEco\devecostudio-windows-6.1.1.290\DevEco Studio\tools\hvigor\hvigor-ohos-plugin\src\plugin\hooks\cangjie-register.js
- D:\Soft\DevEco\devecostudio-windows-6.1.1.290\DevEco Studio\tools\hvigor\hvigor-ohos-plugin\src\plugin\strategy\stage-init-strategy.js
- D:\Soft\DevEco\devecostudio-windows-6.1.1.290\DevEco Studio\tools\hvigor\hvigor-ohos-plugin\src\plugin\builder\abstract-plugin-builder.js
- D:\Soft\DevEco\devecostudio-windows-6.1.1.290\DevEco Studio\tools\hvigor\hvigor-ohos-plugin\src\plugin\builder\app-plugin-builder.js
- D:\Soft\DevEco\devecostudio-windows-6.1.1.290\DevEco Studio\tools\hvigor\hvigor-ohos-plugin\src\plugin\factory\plugin-factory.js
- D:\Soft\DevEco\devecostudio-windows-6.1.1.290\DevEco Studio\tools\hvigor\hvigor-ohos-plugin\index.js
- C:\Users\H1314\Desktop\foodkeeper\Foodkeeper-v1.0\hvigorfile.ts
- D:\Soft\DevEco\devecostudio-windows-6.1.1.290\DevEco Studio\tools\hvigor\hvigor\src\base\internal\lifecycle\configuration.js
- D:\Soft\DevEco\devecostudio-windows-6.1.1.290\DevEco Studio\tools\hvigor\hvigor\src\base\boot\index.js
- D:\Soft\DevEco\devecostudio-windows-6.1.1.290\DevEco Studio\tools\hvigor\hvigor\src\base\daemon\cluster\worker-process-lifecycle.js
- D:\Soft\DevEco\devecostudio-windows-6.1.1.290\DevEco Studio\tools\hvigor\hvigor\src\base\daemon\process\daemon-process-boot-script.js
[2026-07-27T00:04:55.766] [DEBUG] debug-file - Start initialize module-target build option map, moduleName=entry, buildMode=debug
[2026-07-27T00:04:55.767] [DEBUG] debug-file - Target 'default' config initialized
[2026-07-27T00:04:55.767] [DEBUG] debug-file - Target 'ohosTest' config initialized
[2026-07-27T00:04:55.768] [DEBUG] debug-file - Module 'entry' target 'default' build option initialized
[2026-07-27T00:04:55.768] [DEBUG] debug-file - Module 'entry' target 'ohosTest' build option initialized
[2026-07-27T00:04:55.768] [DEBUG] debug-file - End initialize module-target build option map, moduleName=entry
[2026-07-27T00:04:55.768] [DEBUG] debug-file - Start initialize module-target build option map, moduleName=entry, buildMode=release
[2026-07-27T00:04:55.768] [DEBUG] debug-file - Target 'default' config initialized
[2026-07-27T00:04:55.768] [DEBUG] debug-file - Target 'ohosTest' config initialized
[2026-07-27T00:04:55.768] [DEBUG] debug-file - Module 'entry' target 'default' build option initialized
[2026-07-27T00:04:55.768] [DEBUG] debug-file - Module 'entry' target 'ohosTest' build option initialized
[2026-07-27T00:04:55.768] [DEBUG] debug-file - End initialize module-target build option map, moduleName=entry
[2026-07-27T00:04:55.769] [DEBUG] debug-file - Start initialize module-target build option map, moduleName=entry, buildMode=debug
[2026-07-27T00:04:55.769] [DEBUG] debug-file - Target 'default' config initialized
[2026-07-27T00:04:55.769] [DEBUG] debug-file - Target 'ohosTest' config initialized
[2026-07-27T00:04:55.769] [DEBUG] debug-file - Module 'entry' target 'default' build option initialized
[2026-07-27T00:04:55.769] [DEBUG] debug-file - Module 'entry' target 'ohosTest' build option initialized
[2026-07-27T00:04:55.769] [DEBUG] debug-file - End initialize module-target build option map, moduleName=entry
[2026-07-27T00:04:55.769] [DEBUG] debug-file - Obtain build option for module 'entry' target 'default'in this build.
[2026-07-27T00:04:55.774] [DEBUG] debug-file - Module entry task initialization takes 5 ms 
[2026-07-27T00:04:55.775] [DEBUG] debug-file - Hap plugin register hook start...
[2026-07-27T00:04:55.775] [DEBUG] debug-file - Hap plugin register hook end...
[2026-07-27T00:04:55.775] [DEBUG] debug-file - Plugin build process completed
[2026-07-27T00:04:55.775] [DEBUG] debug-file - hvigorfile, begin to bind custom plugins...
[2026-07-27T00:04:55.775] [DEBUG] debug-file - hvigorfile, no custom plugins were found in C:\Users\H1314\Desktop\foodkeeper\Foodkeeper-v1.0\entry\hvigorfile.ts
[2026-07-27T00:04:55.775] [DEBUG] debug-file - hvigorfile, resolve finished C:\Users\H1314\Desktop\foodkeeper\Foodkeeper-v1.0\entry\hvigorfile.ts
[2026-07-27T00:04:55.799] [DEBUG] debug-file - hvigorfile, resolve hvigorfile dependencies in 24 ms 
[2026-07-27T00:04:55.800] [DEBUG] debug-file - project has submodules:entry
[2026-07-27T00:04:55.803] [DEBUG] debug-file - start to load updatedOhPackageInfo to the disk
[2026-07-27T00:04:55.816] [DEBUG] debug-file - load to the disk finished
[2026-07-27T00:04:55.818] [DEBUG] debug-file - Start to initialize dependency information.
[2026-07-27T00:04:55.851] [DEBUG] debug-file - Module Foodkeeper-v1.0 Collected Dependency: 
[2026-07-27T00:04:55.851] [DEBUG] debug-file - Module Foodkeeper-v1.0's total dependency: 0
[2026-07-27T00:04:55.853] [DEBUG] debug-file - Start to initialize dependency information.
[2026-07-27T00:04:55.857] [DEBUG] debug-file - Module entry Collected Dependency: 
[2026-07-27T00:04:55.857] [DEBUG] debug-file - Module entry's total dependency: 0
[2026-07-27T00:04:55.860] [DEBUG] debug-file - Configuration phase cost:35 s 482 ms 
[2026-07-27T00:04:55.862] [DEBUG] debug-file - Configuration task cost before running: 35 s 556 ms 
[2026-07-27T00:04:55.870] [DEBUG] debug-file - Executing task :entry:default@PreBuild
[2026-07-27T00:04:55.888] [DEBUG] debug-file - Task 'entry:default@PreBuild' cost while wrapping incremental declarations: 1 ms 
[2026-07-27T00:04:55.900] [DEBUG] debug-file - Incremental task entry:default@PreBuild pre-execution cost: 9 ms .
[2026-07-27T00:04:55.901] [DEBUG] debug-file - entry : default@PreBuild cost memory 0.9104385375976562
[2026-07-27T00:04:55.905] [INFO] debug-file - UP-TO-DATE :entry:default@PreBuild...  
[2026-07-27T00:04:55.906] [DEBUG] debug-file - Executing task :entry:default@CreateModuleInfo
[2026-07-27T00:04:55.907] [DEBUG] debug-file - Task 'entry:default@CreateModuleInfo' cost while wrapping incremental declarations: 1 ms 
[2026-07-27T00:04:55.908] [DEBUG] debug-file - entry : default@CreateModuleInfo cost memory 0.04579925537109375
[2026-07-27T00:04:55.908] [DEBUG] debug-file - runTaskFromQueue task cost before running: 35 s 601 ms 
[2026-07-27T00:04:55.908] [INFO] debug-file - Finished :entry:default@CreateModuleInfo... after 3 ms 
[2026-07-27T00:04:55.913] [DEBUG] debug-file - Executing task :entry:default@GenerateMetadata
[2026-07-27T00:04:55.914] [DEBUG] debug-file - Task 'entry:default@GenerateMetadata' cost while wrapping incremental declarations: 1 ms 
[2026-07-27T00:04:55.916] [DEBUG] debug-file - Incremental task entry:default@GenerateMetadata pre-execution cost: 2 ms .
[2026-07-27T00:04:55.917] [DEBUG] debug-file - entry : default@GenerateMetadata cost memory 0.33197021484375
[2026-07-27T00:04:55.917] [INFO] debug-file - UP-TO-DATE :entry:default@GenerateMetadata...  
[2026-07-27T00:04:55.918] [DEBUG] debug-file - Executing task :entry:default@ConfigureCmake
[2026-07-27T00:04:55.919] [DEBUG] debug-file - entry : default@ConfigureCmake cost memory 0.014556884765625
[2026-07-27T00:04:55.919] [DEBUG] debug-file - runTaskFromQueue task cost before running: 35 s 612 ms 
[2026-07-27T00:04:55.919] [INFO] debug-file - Finished :entry:default@ConfigureCmake... after 1 ms 
[2026-07-27T00:04:55.921] [DEBUG] debug-file - Executing task :entry:default@MergeProfile
[2026-07-27T00:04:55.921] [DEBUG] debug-file - Task 'entry:default@MergeProfile' cost while wrapping incremental declarations: 1 ms 
[2026-07-27T00:04:55.925] [DEBUG] debug-file - Incremental task entry:default@MergeProfile pre-execution cost: 3 ms .
[2026-07-27T00:04:55.925] [DEBUG] debug-file - entry : default@MergeProfile cost memory 0.13918304443359375
[2026-07-27T00:04:55.925] [INFO] debug-file - UP-TO-DATE :entry:default@MergeProfile...  
[2026-07-27T00:04:55.927] [DEBUG] debug-file - Executing task :entry:default@CreateBuildProfile
[2026-07-27T00:04:55.927] [DEBUG] debug-file - Task 'entry:default@CreateBuildProfile' cost while wrapping incremental declarations: 1 ms 
[2026-07-27T00:04:55.929] [DEBUG] debug-file - Incremental task entry:default@CreateBuildProfile pre-execution cost: 2 ms .
[2026-07-27T00:04:55.929] [DEBUG] debug-file - entry : default@CreateBuildProfile cost memory 0.11571502685546875
[2026-07-27T00:04:55.930] [INFO] debug-file - UP-TO-DATE :entry:default@CreateBuildProfile...  
[2026-07-27T00:04:55.938] [DEBUG] debug-file - Executing task :entry:default@PreCheckSyscap
[2026-07-27T00:04:55.938] [DEBUG] debug-file - entry : default@PreCheckSyscap cost memory 0.0205841064453125
[2026-07-27T00:04:55.939] [DEBUG] debug-file - runTaskFromQueue task cost before running: 35 s 632 ms 
[2026-07-27T00:04:55.939] [INFO] debug-file - Finished :entry:default@PreCheckSyscap... after 2 ms 
[2026-07-27T00:04:55.943] [DEBUG] debug-file - Executing task :entry:default@GeneratePkgContextInfo
[2026-07-27T00:04:55.950] [DEBUG] debug-file - Task 'entry:default@GeneratePkgContextInfo' cost while wrapping incremental declarations: 1 ms 
[2026-07-27T00:04:55.952] [DEBUG] debug-file - Incremental task entry:default@GeneratePkgContextInfo pre-execution cost: 1 ms .
[2026-07-27T00:04:55.952] [DEBUG] debug-file - entry : default@GeneratePkgContextInfo cost memory 0.39215850830078125
[2026-07-27T00:04:55.952] [INFO] debug-file - UP-TO-DATE :entry:default@GeneratePkgContextInfo...  
[2026-07-27T00:04:55.953] [DEBUG] debug-file - Executing task :entry:default@GeneratePkgSdkInfo
[2026-07-27T00:04:55.957] [DEBUG] debug-file - Task 'entry:default@GeneratePkgSdkInfo' cost while wrapping incremental declarations: 1 ms 
[2026-07-27T00:04:55.958] [DEBUG] debug-file - entry : default@GeneratePkgSdkInfo cost memory 0.14330291748046875
[2026-07-27T00:04:55.958] [DEBUG] debug-file - runTaskFromQueue task cost before running: 35 s 651 ms 
[2026-07-27T00:04:55.958] [INFO] debug-file - Finished :entry:default@GeneratePkgSdkInfo... after 6 ms 
[2026-07-27T00:04:55.963] [DEBUG] debug-file - Executing task :entry:default@ProcessIntegratedHsp
[2026-07-27T00:04:55.964] [DEBUG] debug-file - entry:default@ProcessIntegratedHsp is not up-to-date, since the output file 'C:\Users\H1314\Desktop\foodkeeper\Foodkeeper-v1.0\build\cache\default\integrated_hsp\integratedHspCache.json' does not exist.
[2026-07-27T00:04:55.965] [DEBUG] debug-file - Incremental task entry:default@ProcessIntegratedHsp pre-execution cost: 1 ms .
[2026-07-27T00:04:55.965] [DEBUG] debug-file - entry : default@ProcessIntegratedHsp cost memory 0.0600433349609375
[2026-07-27T00:04:55.965] [DEBUG] debug-file - runTaskFromQueue task cost before running: 35 s 658 ms 
[2026-07-27T00:04:55.965] [INFO] debug-file - Finished :entry:default@ProcessIntegratedHsp... after 2 ms 
[2026-07-27T00:04:55.967] [DEBUG] debug-file - Executing task :entry:default@BuildNativeWithCmake
[2026-07-27T00:04:55.967] [DEBUG] debug-file - entry : default@BuildNativeWithCmake cost memory 0.0150299072265625
[2026-07-27T00:04:55.967] [DEBUG] debug-file - runTaskFromQueue task cost before running: 35 s 661 ms 
[2026-07-27T00:04:55.967] [INFO] debug-file - Finished :entry:default@BuildNativeWithCmake... after 1 ms 
[2026-07-27T00:04:55.969] [DEBUG] debug-file - Executing task :entry:default@MakePackInfo
[2026-07-27T00:04:55.973] [DEBUG] debug-file - Incremental task entry:default@MakePackInfo pre-execution cost: 4 ms .
[2026-07-27T00:04:55.973] [DEBUG] debug-file - entry : default@MakePackInfo cost memory 0.141265869140625
[2026-07-27T00:04:55.974] [INFO] debug-file - UP-TO-DATE :entry:default@MakePackInfo...  
[2026-07-27T00:04:55.975] [DEBUG] debug-file - Executing task :entry:default@SyscapTransform
[2026-07-27T00:04:55.976] [DEBUG] debug-file - File: 'C:\Users\H1314\Desktop\foodkeeper\Foodkeeper-v1.0\entry\src\main\syscap.json' from 'sysCapJsonPath' is not exists, just ignore.
[2026-07-27T00:04:55.977] [DEBUG] debug-file - Task 'entry:default@SyscapTransform' cost while wrapping incremental declarations: 2 ms 
[2026-07-27T00:04:56.006] [DEBUG] debug-file - entry:default@SyscapTransform is not up-to-date, since the output file 'C:\Users\H1314\Desktop\foodkeeper\Foodkeeper-v1.0\entry\build\default\intermediates\syscap\default\rpcid.sc' does not exist.
[2026-07-27T00:04:56.006] [DEBUG] debug-file - Incremental task entry:default@SyscapTransform pre-execution cost: 29 ms .
[2026-07-27T00:04:56.006] [DEBUG] debug-file - entry : default@SyscapTransform cost memory 0.17547607421875
[2026-07-27T00:04:56.006] [DEBUG] debug-file - runTaskFromQueue task cost before running: 35 s 700 ms 
[2026-07-27T00:04:56.007] [INFO] debug-file - Finished :entry:default@SyscapTransform... after 31 ms 
[2026-07-27T00:04:56.009] [DEBUG] debug-file - Executing task :entry:default@ProcessProfile
[2026-07-27T00:04:56.021] [DEBUG] debug-file - Task 'entry:default@ProcessProfile' cost while wrapping incremental declarations: 1 ms 
[2026-07-27T00:04:56.023] [DEBUG] debug-file - Incremental task entry:default@ProcessProfile pre-execution cost: 2 ms .
[2026-07-27T00:04:56.023] [DEBUG] debug-file - entry : default@ProcessProfile cost memory 0.14173126220703125
[2026-07-27T00:04:56.023] [INFO] debug-file - UP-TO-DATE :entry:default@ProcessProfile...  
[2026-07-27T00:04:56.025] [DEBUG] debug-file - Executing task :entry:default@ProcessRouterMap
[2026-07-27T00:04:56.029] [DEBUG] debug-file - Incremental task entry:default@ProcessRouterMap pre-execution cost: 3 ms .
[2026-07-27T00:04:56.029] [DEBUG] debug-file - entry : default@ProcessRouterMap cost memory 0.17900848388671875
[2026-07-27T00:04:56.030] [INFO] debug-file - UP-TO-DATE :entry:default@ProcessRouterMap...  
[2026-07-27T00:04:56.031] [DEBUG] debug-file - Executing task :entry:default@ProcessShareConfig
[2026-07-27T00:04:56.034] [DEBUG] debug-file - Incremental task entry:default@ProcessShareConfig pre-execution cost: 3 ms .
[2026-07-27T00:04:56.034] [DEBUG] debug-file - entry : default@ProcessShareConfig cost memory 0.1610565185546875
[2026-07-27T00:04:56.034] [INFO] debug-file - UP-TO-DATE :entry:default@ProcessShareConfig...  
[2026-07-27T00:04:56.035] [DEBUG] debug-file - Executing task :entry:default@ProcessStartupConfig
[2026-07-27T00:04:56.035] [DEBUG] debug-file - Task 'entry:default@ProcessStartupConfig' cost while wrapping incremental declarations: 1 ms 
[2026-07-27T00:04:56.037] [DEBUG] debug-file - entry:default@ProcessStartupConfig is not up-to-date, since the output file 'C:\Users\H1314\Desktop\foodkeeper\Foodkeeper-v1.0\entry\build\default\intermediates\startup\default\startup_config.json' does not exist.
[2026-07-27T00:04:56.037] [DEBUG] debug-file - Incremental task entry:default@ProcessStartupConfig pre-execution cost: 1 ms .
[2026-07-27T00:04:56.048] [DEBUG] debug-file - entry : default@ProcessStartupConfig cost memory 0.14270782470703125
[2026-07-27T00:04:56.048] [DEBUG] debug-file - runTaskFromQueue task cost before running: 35 s 742 ms 
[2026-07-27T00:04:56.049] [INFO] debug-file - Finished :entry:default@ProcessStartupConfig... after 14 ms 
[2026-07-27T00:04:56.050] [DEBUG] debug-file - Executing task :entry:default@BuildNativeWithNinja
[2026-07-27T00:04:56.051] [DEBUG] debug-file - entry : default@BuildNativeWithNinja cost memory 0.02213287353515625
[2026-07-27T00:04:56.051] [DEBUG] debug-file - runTaskFromQueue task cost before running: 35 s 744 ms 
[2026-07-27T00:04:56.051] [INFO] debug-file - Finished :entry:default@BuildNativeWithNinja... after 1 ms 
[2026-07-27T00:04:56.053] [DEBUG] debug-file - restool module names: entry; moduleName=entry, taskName=default@ProcessResource
[2026-07-27T00:04:56.067] [DEBUG] debug-file - Executing task :entry:default@ProcessResource
[2026-07-27T00:04:56.067] [DEBUG] debug-file - Task 'entry:default@ProcessResource' cost while wrapping incremental declarations: 1 ms 
[2026-07-27T00:04:56.070] [DEBUG] debug-file - Incremental task entry:default@ProcessResource pre-execution cost: 2 ms .
[2026-07-27T00:04:56.070] [DEBUG] debug-file - entry : default@ProcessResource cost memory 0.169464111328125
[2026-07-27T00:04:56.072] [INFO] debug-file - UP-TO-DATE :entry:default@ProcessResource...  
[2026-07-27T00:04:56.075] [DEBUG] debug-file - Executing task :entry:default@GenerateLoaderJson
[2026-07-27T00:04:56.077] [DEBUG] debug-file - Task 'entry:default@GenerateLoaderJson' cost while wrapping incremental declarations: 1 ms 
[2026-07-27T00:04:56.097] [DEBUG] debug-file - Incremental task entry:default@GenerateLoaderJson pre-execution cost: 6 ms .
[2026-07-27T00:04:56.097] [DEBUG] debug-file - entry : default@GenerateLoaderJson cost memory 0.6046295166015625
[2026-07-27T00:04:56.101] [INFO] debug-file - UP-TO-DATE :entry:default@GenerateLoaderJson...  
[2026-07-27T00:04:56.103] [DEBUG] debug-file - Executing task :entry:default@ProcessLibs
[2026-07-27T00:04:56.106] [DEBUG] debug-file - Incremental task entry:default@ProcessLibs pre-execution cost: 3 ms .
[2026-07-27T00:04:56.106] [DEBUG] debug-file - entry : default@ProcessLibs cost memory 0.1357269287109375
[2026-07-27T00:04:56.107] [INFO] debug-file - UP-TO-DATE :entry:default@ProcessLibs...  
[2026-07-27T00:04:56.108] [DEBUG] debug-file - restool module names: entry; moduleName=entry, taskName=default@CompileResource
[2026-07-27T00:04:56.109] [DEBUG] debug-file - Executing task :entry:default@CompileResource
[2026-07-27T00:04:56.144] [DEBUG] debug-file - Incremental task entry:default@CompileResource pre-execution cost: 22 ms .
[2026-07-27T00:04:56.144] [DEBUG] debug-file - entry : default@CompileResource cost memory 0.7927932739257812
[2026-07-27T00:04:56.145] [INFO] debug-file - UP-TO-DATE :entry:default@CompileResource...  
[2026-07-27T00:04:56.147] [DEBUG] debug-file - Executing task :entry:default@DoNativeStrip
[2026-07-27T00:04:56.147] [DEBUG] debug-file - File: 'C:\Users\H1314\Desktop\foodkeeper\Foodkeeper-v1.0\entry\build\default\intermediates\binxo\default' from 'doBinxoNativeLibs' is not exists, just ignore.
[2026-07-27T00:04:56.147] [DEBUG] debug-file - Task 'entry:default@DoNativeStrip' cost while wrapping incremental declarations: 1 ms 
[2026-07-27T00:04:56.149] [DEBUG] debug-file - Incremental task entry:default@DoNativeStrip pre-execution cost: 2 ms .
[2026-07-27T00:04:56.149] [DEBUG] debug-file - entry : default@DoNativeStrip cost memory 0.1035003662109375
[2026-07-27T00:04:56.149] [INFO] debug-file - UP-TO-DATE :entry:default@DoNativeStrip...  
[2026-07-27T00:04:56.151] [DEBUG] debug-file - Executing task :entry:default@CompileArkTS
[2026-07-27T00:04:56.151] [DEBUG] debug-file - obfuscationOptions: undefined
[2026-07-27T00:04:56.153] [DEBUG] debug-file - Task 'entry:default@CompileArkTS' cost while wrapping incremental declarations: 1 ms 
[2026-07-27T00:04:56.172] [DEBUG] debug-file - Incremental task entry:default@CompileArkTS pre-execution cost: 17 ms .
[2026-07-27T00:04:56.172] [DEBUG] debug-file - entry : default@CompileArkTS cost memory 0.8495712280273438
[2026-07-27T00:04:56.175] [INFO] debug-file - UP-TO-DATE :entry:default@CompileArkTS...  
[2026-07-27T00:04:56.176] [DEBUG] debug-file - Executing task :entry:default@BuildJS
[2026-07-27T00:04:56.176] [DEBUG] debug-file - Task 'entry:default@BuildJS' cost while wrapping incremental declarations: 1 ms 
[2026-07-27T00:04:56.180] [DEBUG] debug-file - entry : default@BuildJS cost memory 0.17311859130859375
[2026-07-27T00:04:56.181] [DEBUG] debug-file - runTaskFromQueue task cost before running: 35 s 874 ms 
[2026-07-27T00:04:56.181] [INFO] debug-file - Finished :entry:default@BuildJS... after 5 ms 
[2026-07-27T00:04:56.182] [DEBUG] debug-file - Executing task :entry:default@CacheNativeLibs
[2026-07-27T00:04:56.182] [DEBUG] debug-file - File: 'C:\Users\H1314\Desktop\foodkeeper\Foodkeeper-v1.0\entry\build\default\intermediates\binxo\default' from 'cacheBinxoNativeLibs' is not exists, just ignore.
[2026-07-27T00:04:56.183] [DEBUG] debug-file - Task 'entry:default@CacheNativeLibs' cost while wrapping incremental declarations: 1 ms 
[2026-07-27T00:04:56.185] [DEBUG] debug-file - Incremental task entry:default@CacheNativeLibs pre-execution cost: 3 ms .
[2026-07-27T00:04:56.185] [DEBUG] debug-file - entry : default@CacheNativeLibs cost memory 0.13085174560546875
[2026-07-27T00:04:56.185] [INFO] debug-file - UP-TO-DATE :entry:default@CacheNativeLibs...  
[2026-07-27T00:04:56.186] [DEBUG] debug-file - Executing task :entry:default@GeneratePkgModuleJson
[2026-07-27T00:04:56.187] [DEBUG] debug-file - File: 'C:\Users\H1314\Desktop\foodkeeper\Foodkeeper-v1.0\entry\build\default\intermediates\preload\default\preload.json' from 'preloadSoJsonPath' is not exists, just ignore.
[2026-07-27T00:04:56.187] [DEBUG] debug-file - Error occurs while handling @Input 'shouldDeduplicateHar': The "data" argument must be of type string or an instance of Buffer, TypedArray, or DataView. Received undefined
[2026-07-27T00:04:56.187] [DEBUG] debug-file - Task 'entry:default@GeneratePkgModuleJson' cost while wrapping incremental declarations: 1 ms 
[2026-07-27T00:04:56.189] [DEBUG] debug-file - Incremental task entry:default@GeneratePkgModuleJson pre-execution cost: 2 ms .
[2026-07-27T00:04:56.189] [DEBUG] debug-file - entry : default@GeneratePkgModuleJson cost memory 0.11904144287109375
[2026-07-27T00:04:56.189] [INFO] debug-file - UP-TO-DATE :entry:default@GeneratePkgModuleJson...  
[2026-07-27T00:04:56.190] [DEBUG] debug-file - Executing task :entry:default@ProcessCompiledResources
[2026-07-27T00:04:56.190] [DEBUG] debug-file - File: 'C:\Users\H1314\Desktop\foodkeeper\Foodkeeper-v1.0\entry\build\default\intermediates\preload\default\preload.json' from 'preloadSoJsonPath' is not exists, just ignore.
[2026-07-27T00:04:56.191] [DEBUG] debug-file - Task 'entry:default@ProcessCompiledResources' cost while wrapping incremental declarations: 1 ms 
[2026-07-27T00:04:56.191] [DEBUG] debug-file - entry : default@ProcessCompiledResources cost memory 0.06598663330078125
[2026-07-27T00:04:56.191] [DEBUG] debug-file - runTaskFromQueue task cost before running: 35 s 885 ms 
[2026-07-27T00:04:56.192] [INFO] debug-file - Finished :entry:default@ProcessCompiledResources... after 2 ms 
[2026-07-27T00:04:56.194] [DEBUG] debug-file - Executing task :entry:default@PackageHap
[2026-07-27T00:04:56.204] [DEBUG] debug-file - Incremental task entry:default@PackageHap pre-execution cost: 9 ms .
[2026-07-27T00:04:56.205] [DEBUG] debug-file - entry : default@PackageHap cost memory 0.5380096435546875
[2026-07-27T00:04:56.206] [INFO] debug-file - UP-TO-DATE :entry:default@PackageHap...  
[2026-07-27T00:04:56.208] [DEBUG] debug-file - Executing task :entry:default@PackingCheck
[2026-07-27T00:04:56.215] [DEBUG] debug-file - entry : default@PackingCheck cost memory 0.4979095458984375
[2026-07-27T00:04:56.215] [DEBUG] debug-file - runTaskFromQueue task cost before running: 35 s 909 ms 
[2026-07-27T00:04:56.216] [INFO] debug-file - Finished :entry:default@PackingCheck... after 8 ms 
[2026-07-27T00:04:56.217] [DEBUG] debug-file - Executing task :entry:default@SignHap
[2026-07-27T00:04:56.222] [DEBUG] debug-file - Incremental task entry:default@SignHap pre-execution cost: 4 ms .
[2026-07-27T00:04:56.223] [DEBUG] debug-file - entry : default@SignHap cost memory 0.1294403076171875
[2026-07-27T00:04:56.224] [INFO] debug-file - UP-TO-DATE :entry:default@SignHap...  
[2026-07-27T00:04:56.225] [DEBUG] debug-file - Executing task :entry:default@CollectDebugSymbol
[2026-07-27T00:04:56.227] [DEBUG] debug-file - entry : default@CollectDebugSymbol cost memory 0.11505126953125
[2026-07-27T00:04:56.227] [DEBUG] debug-file - runTaskFromQueue task cost before running: 35 s 920 ms 
[2026-07-27T00:04:56.227] [INFO] debug-file - Finished :entry:default@CollectDebugSymbol... after 2 ms 
[2026-07-27T00:04:56.227] [DEBUG] debug-file - Executing task :entry:assembleHap
[2026-07-27T00:04:56.228] [DEBUG] debug-file - entry : assembleHap cost memory 0.0175018310546875
[2026-07-27T00:04:56.228] [DEBUG] debug-file - runTaskFromQueue task cost before running: 35 s 921 ms 
[2026-07-27T00:04:56.228] [INFO] debug-file - Finished :entry:assembleHap... after 1 ms 
[2026-07-27T00:04:56.239] [INFO] debug-file - BUILD SUCCESSFUL in 35 s 932 ms 
[2026-07-27T00:04:56.239] [DEBUG] debug-file - There is no need to refresh cache, since the incremental task entry:default@PreBuild is up-to-date.
[2026-07-27T00:04:56.239] [DEBUG] debug-file - Update task entry:default@CreateModuleInfo output file:C:\Users\H1314\Desktop\foodkeeper\Foodkeeper-v1.0\entry\build\default\generated\profile\default\ModuleInfo.ts cache.
[2026-07-27T00:04:56.240] [DEBUG] debug-file - Incremental task entry:default@CreateModuleInfo post-execution cost:1 ms .
[2026-07-27T00:04:56.240] [DEBUG] debug-file - There is no need to refresh cache, since the incremental task entry:default@GenerateMetadata is up-to-date.
[2026-07-27T00:04:56.240] [DEBUG] debug-file - There is no need to refresh cache, since the incremental task entry:default@MergeProfile is up-to-date.
[2026-07-27T00:04:56.240] [DEBUG] debug-file - There is no need to refresh cache, since the incremental task entry:default@CreateBuildProfile is up-to-date.
[2026-07-27T00:04:56.240] [DEBUG] debug-file - There is no need to refresh cache, since the incremental task entry:default@GeneratePkgContextInfo is up-to-date.
[2026-07-27T00:04:56.240] [DEBUG] debug-file - Update task entry:default@GeneratePkgSdkInfo output file:C:\Users\H1314\Desktop\foodkeeper\Foodkeeper-v1.0\entry\build\default\intermediates\loader\default\pkgSdkInfo.json cache.
[2026-07-27T00:04:56.240] [DEBUG] debug-file - Incremental task entry:default@GeneratePkgSdkInfo post-execution cost:1 ms .
[2026-07-27T00:04:56.240] [DEBUG] debug-file - Update task entry:default@ProcessIntegratedHsp output file:C:\Users\H1314\Desktop\foodkeeper\Foodkeeper-v1.0\build\cache\default\integrated_hsp\integratedHspCache.json cache.
[2026-07-27T00:04:56.241] [DEBUG] debug-file - Incremental task entry:default@ProcessIntegratedHsp post-execution cost:1 ms .
[2026-07-27T00:04:56.241] [DEBUG] debug-file - There is no need to refresh cache, since the incremental task entry:default@MakePackInfo is up-to-date.
[2026-07-27T00:04:56.241] [DEBUG] debug-file - Update task entry:default@SyscapTransform input file:D:\Soft\DevEco\devecostudio-windows-6.1.1.290\DevEco Studio\sdk\default\openharmony\toolchains\syscap_tool.exe cache by regenerate.
[2026-07-27T00:04:56.241] [DEBUG] debug-file - Update task entry:default@SyscapTransform input file:D:\Soft\DevEco\devecostudio-windows-6.1.1.290\DevEco Studio\sdk\default\openharmony\ets\api\device-define cache by regenerate.
[2026-07-27T00:04:56.243] [DEBUG] debug-file - Update task entry:default@SyscapTransform output file:C:\Users\H1314\Desktop\foodkeeper\Foodkeeper-v1.0\entry\build\default\intermediates\syscap\default\rpcid.sc cache.
[2026-07-27T00:04:56.243] [DEBUG] debug-file - Incremental task entry:default@SyscapTransform post-execution cost:3 ms .
[2026-07-27T00:04:56.243] [DEBUG] debug-file - There is no need to refresh cache, since the incremental task entry:default@ProcessProfile is up-to-date.
[2026-07-27T00:04:56.243] [DEBUG] debug-file - There is no need to refresh cache, since the incremental task entry:default@ProcessRouterMap is up-to-date.
[2026-07-27T00:04:56.243] [DEBUG] debug-file - There is no need to refresh cache, since the incremental task entry:default@ProcessShareConfig is up-to-date.
[2026-07-27T00:04:56.243] [DEBUG] debug-file - Update task entry:default@ProcessStartupConfig input file:C:\Users\H1314\Desktop\foodkeeper\Foodkeeper-v1.0\entry\build\default\intermediates\loader\default\pkgContextInfo.json cache by regenerate.
[2026-07-27T00:04:56.244] [DEBUG] debug-file - Update task entry:default@ProcessStartupConfig output file:C:\Users\H1314\Desktop\foodkeeper\Foodkeeper-v1.0\entry\build\default\intermediates\startup\default\startup_config.json cache.
[2026-07-27T00:04:56.244] [DEBUG] debug-file - Incremental task entry:default@ProcessStartupConfig post-execution cost:1 ms .
[2026-07-27T00:04:56.244] [DEBUG] debug-file - There is no need to refresh cache, since the incremental task entry:default@ProcessResource is up-to-date.
[2026-07-27T00:04:56.244] [DEBUG] debug-file - There is no need to refresh cache, since the incremental task entry:default@GenerateLoaderJson is up-to-date.
[2026-07-27T00:04:56.244] [DEBUG] debug-file - There is no need to refresh cache, since the incremental task entry:default@ProcessLibs is up-to-date.
[2026-07-27T00:04:56.244] [DEBUG] debug-file - There is no need to refresh cache, since the incremental task entry:default@CompileResource is up-to-date.
[2026-07-27T00:04:56.244] [DEBUG] debug-file - There is no need to refresh cache, since the incremental task entry:default@DoNativeStrip is up-to-date.
[2026-07-27T00:04:56.244] [DEBUG] debug-file - There is no need to refresh cache, since the incremental task entry:default@CompileArkTS is up-to-date.
[2026-07-27T00:04:56.245] [DEBUG] debug-file - Update task entry:default@BuildJS input file:C:\Users\H1314\Desktop\foodkeeper\Foodkeeper-v1.0\entry\build\default\intermediates\loader\default cache by regenerate.
[2026-07-27T00:04:56.246] [DEBUG] debug-file - Update task entry:default@BuildJS input file:C:\Users\H1314\Desktop\foodkeeper\Foodkeeper-v1.0\entry\build\default\intermediates\res\default\resources\rawfile cache by regenerate.
[2026-07-27T00:04:56.247] [DEBUG] debug-file - Update task entry:default@BuildJS input file:C:\Users\H1314\Desktop\foodkeeper\Foodkeeper-v1.0\entry\build\default\intermediates\res\default\ResourceTable.txt cache by regenerate.
[2026-07-27T00:04:56.247] [DEBUG] debug-file - Update task entry:default@BuildJS input file:C:\Users\H1314\Desktop\foodkeeper\Foodkeeper-v1.0\entry\build\default\intermediates\res\default\ark_module.json cache by regenerate.
[2026-07-27T00:04:56.248] [DEBUG] debug-file - Update task entry:default@BuildJS input file:C:\Users\H1314\Desktop\foodkeeper\Foodkeeper-v1.0\entry\build\default\intermediates\res\default\resources\base\profile cache by regenerate.
[2026-07-27T00:04:56.248] [DEBUG] debug-file - Update task entry:default@BuildJS input file:C:\Users\H1314\Desktop\foodkeeper\Foodkeeper-v1.0\entry\build\default\intermediates\loader\default\pkgContextInfo.json cache by regenerate.
[2026-07-27T00:04:56.248] [DEBUG] debug-file - Update task entry:default@BuildJS output file:C:\Users\H1314\Desktop\foodkeeper\Foodkeeper-v1.0\entry\build\default\intermediates\loader_out\default\js cache.
[2026-07-27T00:04:56.249] [DEBUG] debug-file - Incremental task entry:default@BuildJS post-execution cost:5 ms .
[2026-07-27T00:04:56.249] [DEBUG] debug-file - There is no need to refresh cache, since the incremental task entry:default@CacheNativeLibs is up-to-date.
[2026-07-27T00:04:56.249] [DEBUG] debug-file - There is no need to refresh cache, since the incremental task entry:default@GeneratePkgModuleJson is up-to-date.
[2026-07-27T00:04:56.249] [DEBUG] debug-file - Incremental task entry:default@ProcessCompiledResources post-execution cost:1 ms .
[2026-07-27T00:04:56.249] [DEBUG] debug-file - There is no need to refresh cache, since the incremental task entry:default@PackageHap is up-to-date.
[2026-07-27T00:04:56.249] [DEBUG] debug-file - There is no need to refresh cache, since the incremental task entry:default@SignHap is up-to-date.
[2026-07-27T00:04:56.249] [DEBUG] debug-file - Update task entry:default@CollectDebugSymbol input file:C:\Users\H1314\Desktop\foodkeeper\Foodkeeper-v1.0\entry\build\default\intermediates\loader_out\default\ets\sourceMaps.map cache by regenerate.
[2026-07-27T00:04:56.250] [DEBUG] debug-file - Update task entry:default@CollectDebugSymbol input file:C:\Users\H1314\Desktop\foodkeeper\Foodkeeper-v1.0\entry\build\default\intermediates\libs\default cache by regenerate.
[2026-07-27T00:04:56.250] [DEBUG] debug-file - Update task entry:default@CollectDebugSymbol output file:C:\Users\H1314\Desktop\foodkeeper\Foodkeeper-v1.0\entry\build\default\outputs\default\symbol cache.
[2026-07-27T00:04:56.250] [DEBUG] debug-file - Incremental task entry:default@CollectDebugSymbol post-execution cost:2 ms .
[2026-07-27T00:04:56.284] [DEBUG] debug-file - Cleanup worker 0.
[2026-07-27T00:04:56.284] [DEBUG] debug-file - Worker 0 has been cleaned up.
[2026-07-27T00:04:56.284] [DEBUG] debug-file - Current idle worker size: 1.
[2026-07-27T00:04:56.285] [DEBUG] debug-file - Current resident worker size: 2.
[2026-07-27T00:04:56.285] [DEBUG] debug-file - Cleanup worker 1.
[2026-07-27T00:04:56.285] [DEBUG] debug-file - Worker 1 has been cleaned up.
[2026-07-27T00:04:56.285] [DEBUG] debug-file - Current idle worker size: 0.
[2026-07-27T00:04:56.285] [DEBUG] debug-file - Current resident worker size: 2.
[2026-07-27T00:04:56.286] [DEBUG] debug-file - hvigor build process will be closed.
[2026-07-27T00:04:56.291] [DEBUG] debug-file - session manager: send message to worker process.
[2026-07-27T00:04:56.292] [DEBUG] debug-file - session manager: send message to worker process.
[2026-07-27T00:04:56.294] [DEBUG] debug-file - worker[0] exits with exit code 1.
[2026-07-27T00:04:56.295] [DEBUG] debug-file - worker[1] exits with exit code 1.
[2026-07-27T00:04:56.297] [DEBUG] debug-file - watch worker: worker id should be larger than 0. Nothing will be sent to any worker thread.
[2026-07-27T00:04:56.297] [DEBUG] debug-file - watch worker: worker id should be larger than 0. Nothing will be sent to any worker thread.
